iata,name,lon,lat,country,continent,size
UTK,"Utirik Airport",169.86667,11.233333,MH,OC,small
WKK,"Aleknagik / New Airport",-158.61111,59.27778,US,NA,medium
FOB,"Fort Bragg Airport",-123.79444,39.474445,US,NA,small
ABP,"Atkamba Airport",141.1,-6.066667,PG,OC,small
ADC,"Andakombe Airport",145.73334,-7.133333,PG,OC,small
TJP,"Areopuerto Internacional Michael Gonzalez",-66.563545,18.010702,PR,NA,large
AEE,"Adareil Airport",,,SS,AF,small
AEK,"Aseki Airport",146.28334,-7.366667,PG,OC,small
OLR,"Salerno Landing Zone Airport",36.130333,34.023167,AF,AS,small
AFR,"Afore Airstrip",148.38333,-9.133333,PG,OC,small
AFT,"Afutara Aerodrome",160.85,-9.2,SB,OC,small
ATD,"Uru Harbour Airport",161.03334,-8.866667,SB,OC,small
VEV,"Barakoma Airport",159.55,-7.85,SB,OC,small
GEF,"Geva Airport",156.59778,-7.578333,SB,OC,small
AGG,"Angoram Airport",144.07388,-4.168611,PG,OC,small
AKS,"Auki Airport",160.68083,-8.697778,SB,OC,small
BAS,"Ballalae Airport",155.88333,-6.983333,SB,OC,small
FRE,"Fera/Maringe Airport",159.58333,-8.1,SB,OC,small
HIR,"Honiara International Airport",160.04819,-9.428592,SB,OC,medium
MBU,"Babanakira Airport",160.75,-9.733333,SB,OC,small
IRA,"Ngorangora Airport",161.83333,-10.5,SB,OC,small
SCZ,"Santa Cruz/Graciosa Bay/Luova Airport",166.85,-11.616667,SB,OC,small
MUA,"Munda Airport",157.26971,-8.32794,SB,OC,medium
GZO,"Nusatupe Airport",156.83333,-8.116667,SB,OC,small
MNY,"Mono Airport",155.56462,-7.417428,SB,OC,small
PRS,"Parasi Airport",158.0,-8.166667,SB,OC,small
RNL,"Rennell/Tingoa Airport",160.3,-11.666667,SB,OC,small
EGM,"Sege Airport",157.87506,-8.577956,SB,OC,small
RUS,"Marau Airport",161.25,-8.5,SB,OC,small
VAO,"Suavanao Airport",158.66667,-7.566667,SB,OC,small
AGK,"Kagua Airport",143.84666,-6.403333,PG,OC,small
KGE,"Kagau Island Airport",157.5861,-8.165,SB,OC,small
AGL,"Wanigela Airport",149.15527,-9.340278,PG,OC,small
RIN,"Ringi Cove Airport",157.03334,-8.2,SB,OC,small
RBV,"Ramata Airport",157.63945,-8.165556,SB,OC,small
AHY,"Ambatolhy Airport",45.533333,-20.016666,MG,AF,small
AIE,"Aiome Airport",144.66667,-5.166667,PG,OC,small
AIH,"Aiambak Airport",141.26639,-7.348611,PG,OC,small
AIP,"Ailinglaplap Airport",168.81667,7.266667,MH,OC,small
AKM,"Zakuoma Airport",19.816668,10.883333,TD,AF,small
AMC,"null",20.283333,11.033333,MX,NA,large
AME,"Alto Molocue Airport",37.583332,-15.833333,MZ,AF,small
AMF,"AMA Airport",141.66667,-4.166667,PG,OC,small
AMU,"Amanab Airport",141.15,-3.516667,PG,OC,small
AMY,"Ambatomainty Airport",45.666668,-17.683332,MG,AF,small
INU,"Nauru International Airport",166.91667,-0.533333,NR,OC,medium
ANL,"Andulo Airport",17.25,-11.25,AO,AF,small
CNZ,"Cangamba Airport",19.0,-11.5,AO,AF,small
DRC,"Dirico Airport",20.7,-17.833332,AO,AF,small
GGC,"Lumbala Airport",22.566668,-12.65,AO,AF,small
JMB,"Jamba Airport",16.083332,-14.7,AO,AF,small
KNP,"Capanda Airport",15.450278,-9.766944,AO,AF,small
NDF,"Ndalatandos Airport",14.833333,-9.333333,AO,AF,small
AOB,"Annanberg Airport",144.65,-4.916667,PG,OC,small
APP,"Asapa Airport",148.13333,-8.983333,PG,OC,small
APR,"April River Airport",145.0,-8.5,PG,OC,small
AQY,"Girdwood Airport",-149.11667,60.966667,US,NA,small
QRF,"Bragado Airport",-60.466667,-35.13333,AR,SA,small
CSZ,"Brigadier Hector Ruiz Airport",-61.88333,-37.433334,AR,SA,small
CVI,"Caleta Olivia Airport",-67.416664,-46.416668,AR,SA,small
CNT,"Charata Airport",-61.233334,-27.216667,AR,SA,small
VGS,"General Villegas Airport",-63.0,-35.083332,AR,SA,small
LMD,"Los Menucos Airport",-68.13333,-40.833332,AR,SA,small
VCF,"Valcheta Airport",-66.15,-40.7,AR,SA,small
VME,"Villa Mercedes Airport",-65.416664,-33.63333,AR,SA,small
NCJ,"Sunchales Aeroclub Airport",,,AR,SA,small
CPG,"Carmen De Patagones Airport",-62.979782,-40.782757,AR,SA,small
PRQ,"Termal Airport",-60.666668,-26.833332,AR,SA,small
ARP,"Aragip Airport",149.5,-9.8,PG,OC,small
TAV,"Tau Airport",-169.45,-14.25,AS,OC,small
ASZ,"Asirim Airport",150.36667,-5.866667,PG,OC,small
ATP,"Aitape Airport",142.28334,-3.166667,PG,OC,small
AGW,"Agnew Airport",142.15,-12.15,AU,OC,small
AYD,"Alroy Downs Airport",135.95,-19.3,AU,OC,small
BCK,"Bolwarra Airport",144.16667,-17.4,AU,OC,small
BFC,"Bloomfield Airport",145.33333,-15.9,AU,OC,small
BVW,"Batavia Downs Airport",143.21666,-12.65,AU,OC,small
BYX,"Baniyala Airport",136.23334,-13.2,AU,OC,small
COB,"Coolibah Airport",130.93333,-15.55,AU,OC,small
CQP,"Cape Flattery Airport",147.5,-18.2,AU,OC,small
CRJ,"Coorabie Airport",132.3,-31.9,AU,OC,small
CRY,"Carlton Hill Airport",128.61667,-15.466667,AU,OC,small
CSD,"Cresswell Downs Airport",135.91667,-17.966667,AU,OC,small
CTR,"Cattle Creek Airport",131.0,-17.583332,AU,OC,small
DYM,"Diamantina Lakes Airport",139.16667,-26.75,AU,OC,small
EDD,"Erldunda Airport",133.2,-25.25,AU,OC,small
EKD,"Elkedra Airport",135.55,-21.15,AU,OC,small
HAT,"Heathlands Airport",140.58333,-19.720833,AU,OC,small
HIG,"Highbury Airport",143.15,-16.416668,AU,OC,small
HLV,"Helenvale Airport",145.2,-15.683333,AU,OC,small
KBD,"Kimberley Downs Airport",124.35,-17.333332,AU,OC,small
KGR,"Kulgera Airport",133.03334,-25.833332,AU,OC,small
KOH,"Koolatah Airport",142.41667,-15.966667,AU,OC,small
KYF,"Yeelirrie Airport",120.075,-27.277779,AU,OC,small
LIB,"Limbunya Airport",129.8,-17.2,AU,OC,small
MNW,"Macdonald Downs Airport",135.21666,-22.45,AU,OC,small
MUP,"Mulga Park Airport",141.05,-31.133333,AU,OC,small
MWY,"Miranda Downs Airport",141.51666,-25.783333,AU,OC,small
MYO,"Camballin Airport",124.26667,-18.116667,AU,OC,small
NKB,"Noonkanbah Airport",124.85,-18.55,AU,OC,small
OKB,"Orchid Beach Airport",153.16667,-25.25,AU,OC,small
PEP,"Peppimenarti Airport",130.1,-14.15,AU,OC,small
RDA,"Rockhampton Downs Airport",135.16667,-18.95,AU,OC,small
SSK,"Sturt Creek Airport",128.13333,-19.2,AU,OC,small
SWB,"Shaw River Airport",119.36667,-21.516666,AU,OC,small
TPR,"Tom Price Airport",117.666664,-22.75,AU,OC,small
TWP,"Torwood Airport",143.75,-17.366667,AU,OC,small
WRW,"Warrawagine Airport",120.71667,-20.866667,AU,OC,small
WSY,"Whitsunday Airstrip",148.75278,-20.502777,AU,OC,small
ZVG,"Springvale Airport",127.583336,-17.866667,AU,OC,small
AUI,"Aua Island Airport",143.075,-1.458333,PG,OC,small
AUJ,"Ambunti Airport",142.85,-4.25,PG,OC,small
AUP,"Agaun Airport",149.58333,-9.983333,PG,OC,small
AUV,"Aumo Airport",148.43333,-5.716667,PG,OC,small
BUA,"Buka Airport",154.67288,-5.422443,PG,OC,medium
CMU,"Chimbu Airport",144.97444,-5.993889,PG,OC,medium
DAU,"Daru Airport",143.20605,-9.08351,PG,OC,medium
GKA,"Goroka Airport",145.39293,-6.075244,PG,OC,medium
GUR,"Gurney Airport",150.33861,-10.310833,PG,OC,medium
PNP,"Girua Airport",148.30873,-8.807474,PG,OC,medium
HKN,"Kimbe Airport",150.403,-5.456876,PG,OC,medium
LSA,"Losuia Airport",151.025,-8.363889,PG,OC,small
UNG,"Kiunga Airport",141.28601,-6.125552,PG,OC,small
KRI,"Kikori Airport",144.26666,-7.483333,PG,OC,small
KMA,"Kerema Airport",145.77155,-7.961702,PG,OC,medium
KVG,"Kavieng Airport",150.80653,-2.58075,PG,OC,medium
LNV,"Londolovit Airport",152.6272,-3.043223,PG,OC,small
MAG,"Madang Airport",145.78784,-5.210852,PG,OC,medium
HGU,"Mount Hagen Kagamuga Airport",144.29738,-5.828767,PG,OC,medium
MDU,"Mendi Airport",143.65,-6.158611,PG,OC,medium
MAS,"Momote Airport",147.42444,-2.056667,PG,OC,medium
MXH,"Moro Airport",143.25055,-6.3525,PG,OC,small
MIS,"Misima Island Airport",152.84166,-10.5,PG,OC,small
LAE,"Lae Nadzab Airport",146.72757,-6.562694,PG,OC,medium
POM,"Port Moresby Jacksons International Airport",147.21446,-9.444308,PG,OC,large
TIZ,"Tari Airport",142.94055,-5.860556,PG,OC,small
TBG,"Tabubil Airport",141.227,-5.274722,PG,OC,small
RAB,"Tokua Airport",152.36667,-4.333333,PG,OC,medium
AYU,"Aiyura Airport",145.9,-6.333333,PG,OC,small
VAI,"Vanimo Airport",141.30194,-2.694722,PG,OC,medium
WBM,"Wapenamanda Airport",143.91667,-5.616667,PG,OC,medium
WWK,"Wewak International Airport",143.66916,-3.580034,PG,OC,medium
AZB,"Amazon Bay Airport",148.81667,-10.15,PG,OC,small
BCW,"Benguera Island Airport",35.425,-21.884722,MZ,AF,medium
HKV,"Haskovo Airport",25.55,41.933334,BG,EU,small
JAM,"Bezmer Air Base",26.483334,42.516666,BG,EU,medium
JEG,"Aasiaat Airport",-52.75,68.7,GL,NA,medium
UAK,"Narsarsuaq Airport",-45.316666,61.166668,GL,NA,medium
CNP,"Neerlerit Inaat Airport",-22.658333,70.74306,GL,NA,small
GOH,"Godthaab / Nuuk Airport",-51.725,64.181946,GL,NA,medium
JAV,"Ilulissat Airport",-51.05991,69.24186,GL,NA,small
KUS,"Kulusuk Airport",-37.11667,65.566666,GL,NA,small
JSU,"Maniitsoq Airport",-52.93537,65.41244,GL,NA,small
JFR,"Paamiut Airport",-49.70028,62.00028,GL,NA,small
NAQ,"Qaanaaq Airport",-69.382996,77.48948,GL,NA,small
SFJ,"Kangerlussuaq Airport",-50.719723,67.01222,GL,NA,medium
JHS,"Sisimiut Airport",-53.704166,66.93694,GL,NA,small
THU,"Thule Air Base",-68.7,76.53333,GL,NA,medium
JUV,"Upernavik Airport",-56.130554,72.790276,GL,NA,small
JQA,"Qaarsut Airport",-52.702778,70.73194,GL,NA,small
BHL,"null",-113.55,28.95,MX,NA,small
AEY,"Akureyri Airport",-18.075068,65.654564,IS,EU,medium
BIU,"Bildudalur Airport",-23.983334,65.833336,IS,EU,small
BGJ,"null",-14.5,66.0,IS,EU,small
BJD,"null",-14.75,66.066666,IS,EU,small
BLO,"Hjaltabakki Airport",-20.3,65.666664,IS,EU,small
BQD,"null",,,IS,EU,small
BXV,"null",-14.0,64.76667,IS,EU,small
DJU,"null",-14.268333,64.650276,IS,EU,small
EGS,"null",-14.402778,65.27778,IS,EU,medium
FAS,"null",-14.016667,64.95,IS,EU,small
FAG,"null",-16.65,63.88333,IS,EU,small
GUU,"null",-23.166668,64.96667,IS,EU,small
GJR,"null",-21.35,65.98333,IS,EU,small
GRY,"null",-18.016666,66.566666,IS,EU,small
HVK,"null",-22.466667,65.7,IS,EU,small
HFN,"Hornafjordur Airport",-15.266667,64.28333,IS,EU,medium
FLI,"Holt Airport",-23.7,65.98333,IS,EU,small
HZK,"Husavik Airport",-17.427778,65.95528,IS,EU,medium
HVM,"null",-21.0,65.416664,IS,EU,small
HLO,"null",15.5,29.5,IS,EU,small
IFJ,"null",-23.132778,66.05972,IS,EU,medium
KEF,"Keflavik International Airport",-22.624283,63.997765,IS,EU,large
OPA,"null",-16.483334,66.416664,IS,EU,small
SAK,"null",-19.65,65.75,IS,EU,small
NOR,"null",-22.0,65.166664,IS,EU,small
OFJ,"null",-19.833332,65.583336,IS,EU,small
PFJ,"Patreksfjordur Airport",-19.008333,65.03333,IS,EU,medium
RHA,"null",-21.416668,65.166664,IS,EU,small
OLI,"Rif Airport",-23.983334,65.0,IS,EU,small
RFN,"null",-15.016667,66.416664,IS,EU,small
REK,"Reykjavik Airport",,,IS,EU,medium
MVA,"null",-16.966667,65.61667,IS,EU,small
SIJ,"Siglufjordur Airport",-18.933332,66.166664,IS,EU,medium
SYK,"null",-22.8,65.1,IS,EU,small
TEY,"null",-23.45,65.88333,IS,EU,small
THO,"Thorshofn Airport",-15.335653,66.219734,IS,EU,small
VEY,"Vestmannaeyjar Airport",-20.277779,63.426388,IS,EU,medium
VPN,"null",-14.846748,65.72167,IS,EU,small
BJE,"Baleela Airport",,,SD,AF,small
BJQ,"Bahja Airport",,,OM,AS,small
PRN,"null",21.035557,42.573612,KS,EU,large
BLM,"Bahia De Los Angelos South",-74.01667,40.183334,MX,NA,small
BMQ,"Bamburi Airport",39.833332,-4.5,KE,AF,small
RBQ,"Rurenabaque Airport",-67.55,-14.45,BO,SA,small
BVL,"Baures Airport",-63.583332,-13.583333,BO,SA,small
HUK,"Hukuntsi Airport",21.75,-23.983334,BW,AF,small
BCV,"Belmopan Airport",-88.77904,17.270498,BZ,NA,small
BGK,"Big Creek Airport",-88.4,16.516666,BZ,NA,medium
CUK,"Caye Caulker Airport",-88.02956,17.735527,BZ,NA,medium
CYC,"Caye Chapel Airport",-88.833336,17.666668,BZ,NA,medium
CZH,"Corozal Municipal Airport",-88.410675,18.382334,BZ,NA,medium
DGA,"Dangriga Airport",-88.23039,16.982765,BZ,NA,medium
INB,"Independence Airport",-88.43826,16.535536,BZ,NA,small
MDB,"Melinda Airport",-88.32056,16.998611,BZ,NA,small
ORZ,"Orange Walk Airport",-88.75,17.166668,BZ,NA,small
PLJ,"Placencia Airport",-88.360886,16.53708,BZ,NA,medium
PND,"Punta Gorda Airport",-88.816666,16.1,BZ,NA,medium
SJX,"Sartaneja Airport",-88.333336,18.3,BZ,NA,medium
SPR,"San Pedro Airport",-87.96571,17.917067,BZ,NA,medium
SQS,"Matthew Spain Airport",-89.03333,17.183332,BZ,NA,small
STU,"Santa Cruz Airport",-88.45,18.266666,BZ,NA,small
SVK,"Silver Creek Airport",-88.34,16.7253,BZ,NA,small
TZA,"Belize City Municipal Airport",-88.191666,17.51639,BZ,NA,medium
BZB,"Bazaruto Island Airport",35.49167,-21.534721,MZ,AF,medium
YMV,"Mary River Aerodrome",,,CA,NA,small
YZZ,"Trail Airport",-117.6,49.066666,CA,NA,small
YAA,"Anahim Lake Airport",-125.3,52.45,CA,NA,small
JHL,"Fort MacKay/Albian Aerodrome",-111.41889,57.22389,CA,NA,small
YWM,"Williams Harbour Airport",-56.01282,52.335438,CA,NA,small
YFX,"St. Lewis (Fox Harbour) Airport",-55.683334,52.36667,CA,NA,small
YHA,"Port Hope Simpson Airport",-56.3,52.533333,CA,NA,small
YRG,"Rigolet Airport",-58.416668,54.333332,CA,NA,small
CDK,"George T Lewis Airport",-83.03333,29.133333,US,NA,small
YCK,"Colville Lake Airport",-126.09047,67.03993,CA,NA,small
YLE,"null",-117.24318,63.132942,CA,NA,small
NML,"Fort McMurray / Mildred Lake Airport",,,CA,NA,small
DAS,"Great Bear Lake Airport",-119.712776,66.70306,CA,NA,small
YFI,"Fort Mackay / Firebag",,,CA,NA,small
OKG,"Okoyo Airport",15.0,-1.466667,CG,AF,small
SUR,"Summer Beaver Airport",-88.5475,52.71528,CA,NA,small
YAX,"Wapekeka Airport",-89.565,53.251945,CA,NA,small
WNN,"Wunnumin Lake Airport",-89.166664,52.916668,CA,NA,small
YNO,"North Spirit Lake Airport",-92.416664,52.5,CA,NA,small
OHE,"Gu-Lian Airport",122.42059,52.92113,CN,AS,medium
FUO,"Foshan Shadi Airport",113.28333,23.133333,CN,AS,medium
HUZ,"Huizhou Airport",114.36667,23.083332,CN,AS,medium
JGS,"Jinggangshan Airport",114.7375,26.899721,CN,AS,medium
AEB,"Tian Yang Air Base",106.96777,23.71947,CN,AS,medium
AAT,"Altay Air Base",88.08444,47.750362,CN,AS,medium
YZY,"Zhangye Southeast Air Base",100.660835,38.8075,CN,AS,medium
DDG,"Dandong Airport",124.28081,40.032368,CN,AS,medium
NTG,"Nantong Airport",120.9756,32.07292,CN,AS,small
XBE,"Bearskin Lake Airport",-90.98333,53.95,CA,NA,small
KIF,"Kingfisher Lake Airport",-89.85,53.01389,CA,NA,small
YOG,"Ogoki Post Airport",-85.916664,51.666668,CA,NA,small
API,"Apiay Airport",-73.05194,4.068889,CO,SA,small
APO,"null",-76.71766,7.817678,CO,SA,small
ARQ,"El Troncal Airport",-71.43166,7.033056,CO,SA,small
LCR,"La Chorrera Airport",-73.01667,-0.733333,CO,SA,small
SNT,"Las Cruces Airport",-73.0,7.666667,CO,SA,small
TCD,"null",-69.76667,-2.933333,CO,SA,small
YEB,"Bar River Airport",,,CA,NA,small
YHP,"Poplar Hill Airport",-94.3,52.083332,CA,NA,small
YNX,"Snap Lake Airport",,,CA,NA,small
YKU,"Chisasibi Airport",-78.924065,53.806824,CA,NA,small
ZTB,"null",-59.333332,50.716667,CA,NA,small
YAU,"Donaldson Airport",-73.31694,61.662777,CA,NA,small
ZLT,"null",-58.97601,50.828056,CA,NA,small
PST,"Preston Airport",-75.666664,20.75,CU,NA,small
GEC,"null",33.716667,35.233334,CY,AS,medium
YAC,"Cat Lake Airport",-91.816666,51.716667,CA,NA,medium
YAG,"Fort Frances Municipal Airport",-93.44722,48.65278,CA,NA,medium
YAH,"La Grande-4 Airport",-73.65,53.75,CA,NA,medium
YAL,"Alert Bay Airport",-126.916664,50.583332,CA,NA,medium
YAM,"Sault Ste Marie Airport",-84.49995,46.485302,CA,NA,medium
XKS,"Kasabonika Airport",-88.64667,53.52,CA,NA,medium
YKG,"Kangirsuk Airport",-70.0046,60.023083,CA,NA,medium
YAT,"Attawapiskat Airport",-82.4,52.941666,CA,NA,medium
YAV,"Winnipeg / St. Andrews Airport",-123.3,48.86667,CA,NA,medium
YAX,"Lac Du Bonnet Airport",-89.565,53.251945,CA,NA,medium
YAY,"St Anthony Airport",-55.583332,51.36667,CA,NA,medium
YAZ,"Tofino / Long Beach Airport",-125.77639,49.076942,CA,NA,medium
YBB,"Kugaaruk Airport",-89.85,68.88333,CA,NA,medium
YBC,"Baie Comeau Airport",-68.26667,49.2,CA,NA,medium
QBC,"Bella Coola Airport",-126.666664,52.333332,CA,NA,medium
YBE,"Uranium City Airport",-108.48333,59.566666,CA,NA,medium
YBY,"Bonnyville Airport",-110.73333,54.266666,CA,NA,medium
YBG,"CFB Bagotville",-70.98861,48.322224,CA,NA,medium
YBK,"Baker Lake Airport",-96.083336,64.3,CA,NA,medium
YBL,"Campbell River Airport",-125.26813,49.951725,CA,NA,medium
XTL,"Tadoule Lake Airport",-98.51344,58.707954,CA,NA,medium
YBR,"Brandon Municipal Airport",-99.94677,49.908688,CA,NA,medium
YBT,"Brochet Airport",-101.67899,57.88847,CA,NA,medium
YBV,"Berens River Airport",-97.02141,52.358696,CA,NA,medium
YBX,"Lourdes de Blanc Sablon Airport",-57.216667,51.433334,CA,NA,medium
YRF,"Cartwright Airport",-57.03828,53.682606,CA,NA,medium
YCB,"Cambridge Bay Airport",-105.13333,69.1,CA,NA,medium
YCC,"Cornwall Regional Airport",-74.566666,45.1,CA,NA,medium
YCD,"Nanaimo Airport",-123.86667,49.05,CA,NA,medium
YCE,"James T. Field Memorial Aerodrome",-81.48333,43.283333,CA,NA,medium
YCG,"Castlegar/West Kootenay Regional Airport",-117.632225,49.295555,CA,NA,medium
YCH,"Miramichi Airport",-65.44744,47.014008,CA,NA,medium
YCL,"Charlo Airport",-66.32881,47.99093,CA,NA,medium
YCN,"Cochrane Airport",-81.01289,49.106018,CA,NA,medium
YCO,"Kugluktuk Airport",-115.083336,67.833336,CA,NA,medium
YCQ,"Chetwynd Airport",-121.63333,55.683334,CA,NA,medium
YCR,"Cross Lake (Charlie Sinclair Memorial) Airport",-97.75144,54.61306,CA,NA,medium
YCS,"Chesterfield Inlet Airport",-90.71667,63.333332,CA,NA,medium
YCY,"Clyde River Airport",-68.5,70.416664,CA,NA,medium
YCZ,"Fairmont Hot Springs Airport",-115.87361,50.331944,CA,NA,small
YDA,"Dawson City Airport",-139.12083,64.041664,CA,NA,medium
YDB,"Burwash Airport",-139.01666,61.35,CA,NA,medium
YDF,"Deer Lake Airport",-57.399727,49.21027,CA,NA,medium
YDM,"Ross River Airport",138.8216,-17.939201,CA,NA,medium
YDN,"Dauphin Barker Airport",-100.05,51.1,CA,NA,medium
YDO,"Dolbeau St Felicien Airport",-72.23333,48.86667,CA,NA,medium
YDP,"Nain Airport",-61.666668,56.533333,CA,NA,medium
YDQ,"Dawson Creek Airport",-120.183334,55.733334,CA,NA,medium
YEG,"Edmonton International Airport",-113.584045,53.307377,CA,NA,large
YEK,"Arviat Airport",-94.05,61.11667,CA,NA,medium
YEL,"Elliot Lake Municipal Airport",-82.56306,46.352222,CA,NA,medium
YEM,"Manitoulin East Municipal Airport",-81.858055,45.842777,CA,NA,medium
YEN,"Estevan Airport",-102.96282,49.207542,CA,NA,medium
YER,"Fort Severn Airport",-87.833336,56.033333,CA,NA,medium
YET,"Edson Airport",-116.46667,53.583332,CA,NA,medium
YEU,"Eureka Airport",-85.933334,80.0,CA,NA,small
YEV,"Inuvik Mike Zubko Airport",-133.49767,68.30665,CA,NA,medium
YEY,"Amos Magny Airport",-78.25,48.552223,CA,NA,medium
YFA,"Fort Albany Airport",-81.59167,52.24167,CA,NA,medium
YFB,"Iqaluit Airport",-68.53658,63.75175,CA,NA,medium
YFC,"Fredericton Airport",-66.52978,45.87316,CA,NA,medium
YFE,"Forestville Airport",-69.066666,48.75,CA,NA,medium
YFH,"Fort Hope Airport",-87.89796,51.559345,CA,NA,medium
YTM,"La Macaza / Mont-Tremblant International Inc Airport",-74.75528,46.515556,CA,NA,medium
YFO,"Flin Flon Airport",-101.683334,54.683334,CA,NA,medium
YFR,"Fort Resolution Airport",-113.683334,61.183334,CA,NA,medium
YFS,"Fort Simpson Airport",-121.23333,61.75,CA,NA,medium
YMN,"Makkovik Airport",-59.166668,55.166668,CA,NA,medium
YGB,"Texada Gillies Bay Airport",-124.53333,49.7,CA,NA,medium
YGD,"Goderich Airport",,,CA,NA,medium
YGH,"Fort Good Hope Airport",-128.65,66.26667,CA,NA,medium
YGK,"Kingston Norman Rogers Airport",-76.59366,44.219513,CA,NA,medium
YGL,"null",-77.70639,53.629723,CA,NA,medium
YGM,"Gimli Industrial Park Airport",-97.0,50.666668,CA,NA,medium
YGO,"Gods Lake Narrows Airport",-94.49117,54.5577,CA,NA,medium
YGP,"null",-64.48333,48.766666,CA,NA,medium
YGQ,"Geraldton Greenstone Regional Airport",-86.93593,49.779892,CA,NA,medium
YGR,"null",-61.9,47.36667,CA,NA,medium
YGT,"Igloolik Airport",-81.816666,69.4,CA,NA,medium
YGV,"Havre St Pierre Airport",-63.583332,50.25,CA,NA,medium
YGW,"Kuujjuarapik Airport",-77.76667,55.279167,CA,NA,medium
YGX,"Gillam Airport",-94.7,56.35,CA,NA,medium
YGZ,"Grise Fiord Airport",-82.95722,76.41778,CA,NA,medium
YQC,"Quaqtaq Airport",-69.63333,61.333332,CA,NA,medium
YHD,"Dryden Regional Airport",-92.833336,49.783333,CA,NA,medium
YHE,"Hope Airport",-121.416664,49.416668,CA,NA,medium
YHF,"null",-83.683334,49.716667,CA,NA,medium
YNS,"Nemiscau Airport",-76.74167,49.74167,CA,NA,medium
YHI,"Ulukhaktok Holman Airport",-117.71667,70.71667,CA,NA,medium
YHK,"Gjoa Haven Airport",-95.95,68.63333,CA,NA,medium
YHM,"John C. Munro Hamilton International Airport",-79.92631,43.16138,CA,NA,medium
YHN,"Hornepayne Municipal Airport",-84.78333,49.216667,CA,NA,medium
YHO,"Hopedale Airport",-60.229443,55.448334,CA,NA,medium
YHR,"Chevery Airport",-59.5,50.5,CA,NA,medium
YHT,"Haines Junction Airport",-137.5,60.75,CA,NA,medium
YHU,"null",-73.6,45.5,CA,NA,medium
YHY,"Hay River / Merlyn Carter Airport",-115.778336,60.845554,CA,NA,medium
YHZ,"Halifax / Stanfield International Airport",-63.51425,44.88496,CA,NA,large
YIB,"Atikokan Municipal Airport",-91.61667,48.75,CA,NA,medium
YDG,"Digby / Annapolis Regional Airport",-65.76667,44.61667,CA,NA,medium
YIF,"St Augustin Airport",-58.666668,51.216667,CA,NA,medium
YIK,"Ivujivik Airport",-76.083336,62.416668,CA,NA,medium
YIO,"Pond Inlet Airport",-78.0,72.683334,CA,NA,medium
YIV,"Island Lake Airport",-94.653046,53.856785,CA,NA,medium
YJF,"Fort Liard Airport",-123.46667,60.25,CA,NA,medium
YJN,"St Jean Airport",-73.333336,45.333332,CA,NA,medium
YJT,"Stephenville Airport",-58.55,48.533333,CA,NA,medium
YKA,"Kamloops Airport",-120.442024,50.70545,CA,NA,medium
LAK,"Aklavik Airport",-134.98584,68.22222,CA,NA,medium
YKF,"Waterloo Airport",-80.385056,43.458977,CA,NA,medium
YKJ,"Key Lake Airport",-105.61864,57.256287,CA,NA,medium
YKL,"Schefferville Airport",-64.816666,54.783333,CA,NA,medium
AKV,"Akulivik Airport",-78.583336,60.733334,CA,NA,medium
YKQ,"Waskaganish Airport",-78.75,51.4875,CA,NA,medium
YKX,"Kirkland Lake Airport",-80.03333,48.15,CA,NA,medium
YKY,"Kindersley Airport",-109.17811,51.517605,CA,NA,medium
YKZ,"Buttonville Municipal Airport",-79.36774,43.86131,CA,NA,medium
YPJ,"Aupaluk Airport",-69.666664,59.3,CA,NA,medium
YLC,"Kimmirut Airport",-69.88333,62.85,CA,NA,medium
YLD,"Chapleau Airport",-83.352776,47.819443,CA,NA,medium
YLH,"Lansdowne House Airport",-87.93,52.183334,CA,NA,medium
YLJ,"Meadow Lake Airport",-108.666664,54.5,CA,NA,medium
YSG,"Lutselk'e Airport",-110.075554,62.41861,CA,NA,medium
YLL,"Lloydminster Airport",-110.072716,53.31297,CA,NA,medium
YLR,"Leaf Rapids Airport",-100.03333,56.5,CA,NA,medium
YLT,"Alert Airport",-62.283333,82.51667,CA,NA,medium
XGR,"Kangiqsualujjuaq (Georges River) Airport",-65.98333,58.5,CA,NA,medium
YLW,"Kelowna Airport",-119.38139,49.95154,CA,NA,medium
YMA,"Mayo Airport",-135.87361,63.61639,CA,NA,medium
YME,"Matane Airport",-67.51667,48.833332,CA,NA,medium
YMG,"Manitouwadge Airport",-85.86667,49.083332,CA,NA,medium
YMH,"Mary's Harbour Airport",-55.833332,52.3,CA,NA,medium
YMJ,"Moose Jaw Air Vice Marshal C. M. McEwen Airport",-105.53333,50.38333,CA,NA,medium
YML,"Charlevoix Airport",-70.166664,47.65,CA,NA,medium
YMM,"Fort McMurray Airport",-111.22395,56.65659,CA,NA,medium
YMO,"Moosonee Airport",-80.604164,51.29111,CA,NA,medium
YMT,"Chapais Airport",-74.36667,49.916668,CA,NA,medium
YUD,"Umiujaq Airport",-76.51833,56.53611,CA,NA,medium
YMX,"Montreal International (Mirabel) Airport",-74.03,45.666668,CA,NA,medium
YNA,"Natashquan Airport",-61.8,50.183334,CA,NA,medium
YNC,"Wemindji Airport",-78.816666,53.0,CA,NA,medium
YND,"Ottawa / Gatineau Airport",-75.56283,45.52063,CA,NA,medium
YNE,"Norway House Airport",-97.84583,53.954166,CA,NA,medium
YNL,"Points North Landing Airport",-104.08111,58.275,CA,NA,medium
YNM,"Matagami Airport",-77.8,49.75,CA,NA,medium
YNN,"Nejanilini Lake Airport",119.23333,-22.766666,CA,NA,medium
HZP,"Fort Mackay / Horizon Airport",-111.70111,57.381668,CA,NA,small
YOA,"Ekati Airport",-110.61444,64.69945,CA,NA,medium
YOC,"Old Crow Airport",-139.83333,67.583336,CA,NA,medium
YOD,"CFB Cold Lake",-110.25,54.466667,CA,NA,medium
YOH,"Oxford House Airport",-95.27668,54.934242,CA,NA,medium
YOJ,"High Level Airport",-117.168335,58.618332,CA,NA,medium
YOO,"Oshawa Airport",-78.9,43.916668,CA,NA,medium
YOP,"Rainbow Lake Airport",-119.4,58.5,CA,NA,medium
YOS,"Owen Sound / Billy Bishop Regional Airport",-80.8375,44.59028,CA,NA,medium
YOW,"Ottawa Macdonald-Cartier International Airport",-75.672775,45.32083,CA,NA,large
YPA,"Prince Albert Glass Field",-105.683334,53.216667,CA,NA,medium
YPC,"Paulatuk (Nora Aliqatchialuk Ruben) Airport",-124.07468,69.35514,CA,NA,medium
YPS,"Port Hawkesbury Airport",-61.35,45.61667,CA,NA,medium
YPE,"Peace River Airport",-117.44028,56.22778,CA,NA,medium
YPG,"Southport Airport",-98.3,49.966667,CA,NA,medium
YPH,"Inukjuak Airport",-78.166664,58.433334,CA,NA,medium
YPL,"Pickle Lake Airport",-90.208336,51.208332,CA,NA,medium
YPM,"Pikangikum Airport",-93.97287,51.817375,CA,NA,medium
YPN,"Port Menier Airport",-64.28831,49.836533,CA,NA,medium
YPO,"Peawanuck Airport",-85.433334,54.983334,CA,NA,medium
YPQ,"Peterborough Airport",-78.316666,44.3,CA,NA,medium
YPR,"Prince Rupert Airport",-130.44083,54.287224,CA,NA,medium
YPW,"Powell River Airport",-124.5,49.816666,CA,NA,medium
YPX,"Puvirnituq Airport",-77.166664,60.033333,CA,NA,medium
YPY,"Fort Chipewyan Airport",-111.11406,58.76799,CA,NA,medium
YQA,"Muskoka Airport",-79.3,44.966667,CA,NA,medium
YQB,"Quebec Jean Lesage International Airport",-71.383385,46.792038,CA,NA,large
YQD,"The Pas Airport",-101.1,53.966667,CA,NA,medium
YQF,"Red Deer Regional Airport",-113.89333,52.176945,CA,NA,medium
YQG,"Windsor Airport",-82.96389,42.274166,CA,NA,medium
YQH,"Watson Lake Airport",-128.825,60.12361,CA,NA,medium
YQI,"Yarmouth Airport",-66.083336,43.833332,CA,NA,medium
YQK,"Kenora Airport",-94.35833,49.7875,CA,NA,medium
YQL,"Lethbridge County Airport",-112.791664,49.631943,CA,NA,medium
YQM,"Greater Moncton International Airport",-64.68123,46.104774,CA,NA,medium
YQN,"Nakina Airport",-86.7,50.166668,CA,NA,medium
YQQ,"Comox Airport",-124.907814,49.705864,CA,NA,medium
YQR,"Regina International Airport",-104.65519,50.433327,CA,NA,medium
YQS,"St Thomas Municipal Airport",-81.2,42.783333,CA,NA,medium
YQT,"Thunder Bay Airport",-89.31167,48.37184,CA,NA,medium
YQU,"Grande Prairie Airport",-118.873604,55.177074,CA,NA,medium
YQV,"Yorkton Municipal Airport",-102.45935,51.264095,CA,NA,medium
YQW,"North Battleford Airport",-108.25,52.766666,CA,NA,medium
YQX,"Gander International Airport",-54.56333,48.946667,CA,NA,medium
YQY,"Sydney / J.A. Douglas McCurdy Airport",-60.05,46.166668,CA,NA,medium
YQZ,"Quesnel Airport",-122.50972,53.02667,CA,NA,medium
YRA,"Rae Lakes Airport",-117.35,64.11667,CA,NA,medium
YRB,"Resolute Bay Airport",-94.96667,74.71667,CA,NA,medium
YRI,"null",-69.53333,47.833332,CA,NA,medium
YRJ,"Roberval Airport",-72.26733,48.522343,CA,NA,medium
YRL,"Red Lake Airport",-93.80006,51.068764,CA,NA,medium
YRO,"Ottawa / Rockcliffe Airport",-75.76459,45.4592,CA,NA,medium
YRP,"Ottawa / Carp Airport",,,CA,NA,medium
YRQ,"null",-72.683334,46.35,CA,NA,medium
YRS,"Red Sucker Lake Airport",-93.55762,54.16757,CA,NA,medium
YRT,"Rankin Inlet Airport",-92.10019,62.80998,CA,NA,medium
YRV,"Revelstoke Airport",-118.166664,51.0,CA,NA,medium
YSB,"Sudbury Airport",-80.79592,46.62296,CA,NA,medium
YSC,"Sherbrooke Airport",-71.9,45.416668,CA,NA,medium
YSF,"Stony Rapids Airport",-105.83657,59.251163,CA,NA,medium
YSH,"Smiths Falls-Montague (Russ Beach) Airport",-75.93959,44.94829,CA,NA,medium
YSJ,"Saint John Airport",-65.8902,45.32948,CA,NA,medium
YSK,"Sanikiluaq Airport",-79.21667,56.55,CA,NA,medium
YSL,"St Leonard Airport",-67.9,47.183334,CA,NA,medium
YSM,"Fort Smith Airport",-111.96667,60.016666,CA,NA,medium
YCM,"Niagara District Airport",-79.166664,43.2,CA,NA,medium
YSP,"Marathon Airport",-86.35,48.75,CA,NA,medium
YST,"St. Theresa Point Airport",-94.8516,53.846127,CA,NA,medium
YSU,"Summerside Airport",-57.983334,49.0,CA,NA,medium
YSY,"Sachs Harbour (David Nasogaluak Jr. Saaryuaq) Airport",-125.24104,71.99145,CA,NA,medium
YTA,"Pembroke Airport",-77.24944,45.861668,CA,NA,medium
YTE,"Cape Dorset Airport",-76.53333,64.23333,CA,NA,medium
YTF,"Alma Airport",-71.642715,48.509655,CA,NA,medium
YTH,"Thompson Airport",-97.8605,55.79753,CA,NA,medium
YTL,"Big Trout Lake Airport",-89.88952,53.81594,CA,NA,medium
YTQ,"Tasiujaq Airport",-69.95633,58.6678,CA,NA,medium
YTR,"CFB Trenton",-77.583336,44.1,CA,NA,medium
YTS,"Timmins/Victor M. Power",-81.37164,48.566372,CA,NA,medium
YTZ,"Billy Bishop Toronto City Centre Airport",-79.39585,43.632023,CA,NA,medium
YUB,"Tuktoyaktuk Airport",-133.025,69.436386,CA,NA,medium
YUL,"Montreal / Pierre Elliott Trudeau International Airport",-73.74991,45.457714,CA,NA,large
YUT,"Repulse Bay Airport",-86.25,66.53333,CA,NA,medium
YUX,"Hall Beach Airport",-81.25,68.78333,CA,NA,medium
YUY,"Rouyn Noranda Airport",-78.83056,48.205555,CA,NA,medium
YVB,"Bonaventure Airport",-65.45808,48.069084,CA,NA,medium
YVC,"La Ronge Airport",-105.26066,55.15126,CA,NA,medium
YVD,"Virden/R.J. (Bob) Andrew Field Regional Aerodrome",146.18889,-7.55,CA,NA,medium
YVE,"Vernon Airport",-119.333336,50.25,CA,NA,medium
YVM,"Qikiqtarjuaq Airport",-63.833332,67.583336,CA,NA,medium
YVO,"Val-d'Or Airport",-77.78858,48.052605,CA,NA,medium
YVP,"Kuujjuaq Airport",-68.41798,58.10024,CA,NA,medium
YVQ,"Norman Wells Airport",-126.79337,65.277855,CA,NA,medium
YVR,"Vancouver International Airport",-123.17919,49.1947,CA,NA,large
YVT,"Buffalo Narrows Airport",-108.46667,55.86667,CA,NA,small
YVV,"Wiarton Airport",-81.166664,44.666668,CA,NA,medium
YVZ,"Deer Lake Airport",-94.5,52.666668,CA,NA,medium
YWA,"Petawawa Airport",-77.28333,45.9,CA,NA,medium
YWG,"Winnipeg / James Armstrong Richardson International Airport",-97.23333,49.9,CA,NA,large
YWJ,"null",-123.5,65.166664,CA,NA,medium
YWK,"Wabush Airport",-66.874,52.926315,CA,NA,medium
YWL,"Williams Lake Airport",-122.04444,52.184723,CA,NA,medium
YWP,"Webequie Airport",-87.36889,52.95972,CA,NA,medium
YWY,"Wrigley Airport",-123.438614,63.210556,CA,NA,medium
YXC,"Cranbrook Airport",-115.787025,49.61437,CA,NA,medium
YXD,"Edmonton City Centre (Blatchford Field) Airport",-113.51667,53.566666,CA,NA,medium
YXE,"Saskatoon John G. Diefenbaker International Airport",-106.69037,52.169704,CA,NA,medium
YXH,"Medicine Hat Airport",-110.72083,50.015835,CA,NA,medium
YXJ,"Fort St John Airport",-120.73437,56.247883,CA,NA,medium
YXK,"Rimouski Airport",-68.55,48.433334,CA,NA,medium
YXL,"Sioux Lookout Airport",-91.903,50.115208,CA,NA,medium
YXN,"Whale Cove Airport",-92.6,62.233334,CA,NA,medium
YXP,"Pangnirtung Airport",-65.73333,66.13333,CA,NA,medium
YXQ,"Beaver Creek Airport",-141.0,62.0,CA,NA,medium
YXR,"Earlton (Timiskaming Regional) Airport",-79.851944,47.697224,CA,NA,medium
YXS,"Prince George Airport",-122.67396,53.88381,CA,NA,medium
YXT,"Terrace Airport",-128.57445,54.465557,CA,NA,medium
YXU,"London Airport",-81.14965,43.02802,CA,NA,large
YXX,"Abbotsford Airport",-122.361946,49.025555,CA,NA,medium
YXY,"Whitehorse / Erik Nielsen International Airport",-135.06667,60.716667,CA,NA,medium
YXZ,"Wawa Airport",-84.785835,47.9625,CA,NA,medium
YYB,"North Bay Airport",-79.42725,46.356823,CA,NA,medium
YYC,"Calgary International Airport",-114.01055,51.131393,CA,NA,large
YYD,"Smithers Airport",-127.180275,54.825558,CA,NA,medium
YYE,"Fort Nelson Airport",-122.583336,58.833332,CA,NA,medium
YYF,"Penticton Airport",-119.6,49.46472,CA,NA,medium
YYG,"Charlottetown Airport",-63.131737,46.285896,CA,NA,medium
YYH,"Taloyoak Airport",-93.51667,69.53333,CA,NA,medium
YYJ,"Victoria International Airport",-123.43096,48.640266,CA,NA,large
YYL,"Lynn Lake Airport",-101.066666,56.86667,CA,NA,medium
YYN,"Swift Current Airport",-107.833336,50.283333,CA,NA,medium
YYQ,"Churchill Airport",-94.07449,58.74819,CA,NA,medium
YYR,"Goose Bay Airport",-60.4124,53.313534,CA,NA,medium
YYT,"St Johns International Airport",-52.74334,47.61282,CA,NA,medium
YYU,"Kapuskasing Airport",-82.47083,49.4125,CA,NA,medium
YYW,"Armstrong Airport",-88.91173,50.29431,CA,NA,medium
YYY,"Mont Joli Airport",-68.2,48.6,CA,NA,medium
YYZ,"Lester B. Pearson International Airport",-79.61146,43.681583,CA,NA,large
YZD,"Downsview Airport",-79.46555,43.74278,CA,NA,medium
YZE,"Gore Bay Manitoulin Airport",-82.56778,45.885277,CA,NA,medium
YZF,"Yellowknife Airport",-114.4375,62.470867,CA,NA,medium
YZG,"Salluit Airport",-75.63333,62.2,CA,NA,medium
YZH,"Slave Lake Airport",-114.78333,55.3,CA,NA,medium
YZP,"Sandspit Airport",-131.81277,53.254444,CA,NA,medium
YZR,"Chris Hadfield Airport",-82.31111,42.997223,CA,NA,medium
YZS,"Coral Harbour Airport",-83.36667,64.2,CA,NA,medium
YZT,"Port Hardy Airport",-127.36389,50.680557,CA,NA,medium
YZU,"Whitecourt Airport",-115.78333,54.15,CA,NA,medium
YZV,"null",-66.26404,50.21751,CA,NA,medium
YZW,"Teslin Airport",-132.71666,60.166668,CA,NA,medium
YZX,"CFB Greenwood",-118.666664,49.166668,CA,NA,medium
YZY,"Mackenzie Airport",100.660835,38.8075,CA,NA,medium
ZAC,"York Landing Airport",-96.09192,56.089516,CA,NA,medium
YSN,"Salmon Arm Airport",-119.23333,50.683334,CA,NA,medium
YDT,"Burlington Executive",-123.183334,49.183334,CA,NA,small
ZBD,"Boundary Bay Airport",,,CA,NA,medium
ZBF,"Ilford Airport",-65.73944,47.629166,CA,NA,medium
ZBF,"Bathurst Airport",-65.73944,47.629166,CA,NA,medium
ZBM,"Bromont Airport",-72.833336,45.316666,CA,NA,medium
ZEE,"Kelsey Airport",,,CA,NA,medium
ZEM,"Eastmain River Airport",-78.51667,52.25,CA,NA,medium
ZFA,"Faro Airport",-133.36667,63.216667,CA,NA,medium
ZFD,"Fond-Du-Lac Airport",-107.18119,59.33421,CA,NA,medium
ZFG,"Pukatawagan Airport",,,CA,NA,medium
ZFM,"Fort Mcpherson Airport",-134.95277,67.477776,CA,NA,medium
ZFN,"Tulita Airport",-125.566666,64.916664,CA,NA,medium
ZGF,"Grand Forks Airport",-118.433334,49.016666,CA,NA,medium
ZGI,"Gods River Airport",-94.07965,54.83914,CA,NA,medium
ZGR,"Little Grand Rapids Airport",-95.46667,52.066666,CA,NA,medium
ZJG,"Jenpeg Airport",-98.04611,54.519444,CA,NA,medium
ZJN,"Swan River Airport",-101.23333,52.11667,CA,NA,medium
ZKE,"Kashechewan Airport",-81.333336,52.333332,CA,NA,medium
YTD,"Thicket Portage Airport",-97.7,55.316666,CA,NA,medium
MSA,"Muskrat Dam Airport",-91.98333,53.816666,CA,NA,medium
PIW,"Pikwitonei Airport",-97.333336,55.7,CA,NA,medium
ZMT,"Masset Airport",-132.15,54.016666,CA,NA,medium
ZNG,"Poplar River Airport",-97.26667,53.0,CA,NA,medium
ZPB,"Sachigo Lake Airport",-92.195274,53.890556,CA,NA,medium
ZRJ,"Round Lake (Weagamow Lake) Airport",-91.316666,52.95,CA,NA,medium
ZSJ,"Sandy Lake Airport",-93.23333,53.033333,CA,NA,medium
ZSN,"South Indian Lake Airport",,,CA,NA,medium
ZTM,"Shamattawa Airport",-92.08035,55.858505,CA,NA,medium
ZUC,"Ignace Municipal Airport",-91.833336,49.5,CA,NA,medium
ZUM,"Churchill Falls Airport",-64.10917,53.56278,CA,NA,small
ZWH,"Lac Brochet Airport",,,CA,NA,medium
ZWL,"Wollaston Lake Airport",-103.1683,58.106743,CA,NA,medium
QLD,"Blida Airport",,,DZ,AF,medium
BUJ,"Bou Saada Airport",4.15,35.166668,DZ,AF,medium
BJA,"Soummam Airport",5.083333,36.75,DZ,AF,medium
ALG,"Houari Boumediene Airport",3.21167,36.70058,DZ,AF,large
DJG,"Djanet Inedbirene Airport",9.488889,24.465279,DZ,AF,medium
QFD,"Boufarik Airport",,,DZ,AF,medium
VVZ,"Illizi Takhamalt Airport",8.55,26.533333,DZ,AF,medium
QSF,"Ain Arnat Airport",5.331111,36.18139,DZ,AF,medium
TMR,"null",5.459167,22.814722,DZ,AF,medium
GJL,"Jijel Ferhat Abbas Airport",5.883333,36.8,DZ,AF,medium
MZW,"Mecheria Airport",-0.242177,33.5354,DZ,AF,medium
QZN,"Relizane Airport",0.533333,35.833332,DZ,AF,medium
AAE,"Annaba Airport",7.811857,36.821392,DZ,AF,medium
CZL,"Mohamed Boudiaf International Airport",6.618425,36.286476,DZ,AF,medium
TEE,"null",8.124067,35.428593,DZ,AF,medium
BLJ,"Batna Airport",6.183333,35.566666,DZ,AF,medium
HRM,"Hassi R'Mel Airport",3.2,33.166668,DZ,AF,medium
TID,"Bou Chekif Airport",1.46946,35.343273,DZ,AF,medium
TIN,"Tindouf Airport",-8.163246,27.701162,DZ,AF,medium
QAS,"Ech Cheliff Airport",,,DZ,AF,medium
TAF,"Tafaraoui Airport",-0.610556,35.627777,DZ,AF,medium
TLM,"null",-1.45,35.016666,DZ,AF,medium
ORN,"Es Senia Airport",-0.606108,35.620018,DZ,AF,medium
CBH,"null",-2.259722,31.647778,DZ,AF,medium
MUW,"Ghriss Airport",0.147669,35.208534,DZ,AF,medium
EBH,"El Bayadh Airport",1.094105,33.717804,DZ,AF,small
INF,"In Guezzam Airport",5.866667,19.616667,DZ,AF,small
BMW,"Bordj Badji Mokhtar Airport",0.926334,21.375816,DZ,AF,small
AZR,"Touat Cheikh Sidi Mohamed Belkebir Airport",-0.283333,27.883333,DZ,AF,medium
BSK,"Biskra Airport",5.738056,34.79333,DZ,AF,medium
ELG,"El Golea Airport",2.864722,30.5675,DZ,AF,medium
GHA,"null",3.800556,32.38222,DZ,AF,medium
HME,"Oued Irara Airport",6.145436,31.675303,DZ,AF,medium
INZ,"In Salah Airport",2.516667,27.25,DZ,AF,medium
TGR,"Touggourt Sidi Madhi Airport",6.089239,33.066948,DZ,AF,medium
LOO,"Laghouat Airport",2.934811,33.76102,DZ,AF,medium
ELU,"Guemar Airport",6.784614,33.5095,DZ,AF,medium
TMX,"Timimoun Airport",0.284086,29.24174,DZ,AF,medium
OGX,"Ain el Beida Airport",5.4,31.916668,DZ,AF,medium
IAM,"null",9.638056,28.051111,DZ,AF,medium
COO,"Cadjehoun Airport",2.385271,6.353097,BJ,AF,medium
KDC,"Kandi Airport",2.916667,11.116667,BJ,AF,small
NAE,"Natitingou Airport",1.366667,10.383333,BJ,AF,small
PKO,"Parakou Airport",2.616667,9.35,BJ,AF,small
SVF,"null",2.483333,8.033333,BJ,AF,small
XKY,"Kaya Airport",-1.083333,13.083333,BF,AF,small
OUG,"Ouahigouya Airport",-2.333333,13.516667,BF,AF,small
XDJ,"Djibo Airport",-1.633333,14.1,BF,AF,small
XLU,"Leo Airport",-2.1,11.1,BF,AF,small
PUP,"Po Airport",-1.166667,11.183333,BF,AF,small
XBO,"Boulsa Airport",-0.566667,12.65,BF,AF,small
XBG,"Bogande Airport",-0.133333,12.983333,BF,AF,small
DIP,"Diapaga Airport",2.033333,12.033333,BF,AF,small
DOR,"Dori Airport",-0.033333,14.033333,BF,AF,small
FNG,"Fada N'gourma Airport",0.35,12.066667,BF,AF,small
XGG,"Gorom-Gorom Airport",-0.233333,14.433333,BF,AF,small
XKA,"Kantchari Airport",1.516667,12.483333,BF,AF,small
TMQ,"Tambao Airport",0.083333,14.783333,BF,AF,small
XPA,"Pama Airport",0.7,11.25,BF,AF,small
ARL,"Arly Airport",1.483333,11.6,BF,AF,small
XSE,"Sebba Airport",0.533333,13.433333,BF,AF,small
TEG,"Tenkodogo Airport",-0.316667,11.9,BF,AF,small
XZA,"null",-1.0,11.133333,BF,AF,small
OUA,"Ouagadougou Airport",-1.514283,12.355019,BF,AF,medium
BNR,"Banfora Airport",-4.666667,10.666667,BF,AF,small
DGU,"Dedougou Airport",-3.483333,12.466667,BF,AF,small
XGA,"Gaoua Airport",-3.183333,10.333333,BF,AF,small
XNU,"Nouna Airport",-3.866667,12.733333,BF,AF,small
BOY,"Bobo Dioulasso Airport",-4.324444,11.163611,BF,AF,medium
TUQ,"Tougan Airport",-3.0,13.0,BF,AF,small
XDE,"Diebougou Airport",-3.25,10.966667,BF,AF,small
XAR,"Aribinda Airport",-0.866667,14.233333,BF,AF,small
ACC,"Kotoka International Airport",-0.171769,5.60737,GH,AF,large
TML,"Tamale Airport",-0.876603,9.409979,GH,AF,medium
KMS,"Kumasi Airport",-1.591111,6.7125,GH,AF,medium
NYI,"Sunyani Airport",-2.329254,7.360586,GH,AF,medium
TKD,"Takoradi Airport",-1.773912,34.892727,GH,AF,medium
ABJ,"Port Bouet Airport",-3.933015,5.254879,CI,AF,medium
OGO,"Abengourou Airport",-3.45,6.7,CI,AF,small
BXI,"Boundiali Airport",-6.5,8.75,CI,AF,small
BYK,"null",-5.069167,7.739444,CI,AF,medium
BQO,"Bouna Airport",-3.0,9.266667,CI,AF,small
BDK,"Soko Airport",-2.8,8.033333,CI,AF,small
DIM,"Dimbokro Airport",-4.766667,6.75,CI,AF,small
DJO,"Daloa Airport",-6.466667,6.866944,CI,AF,medium
FEK,"Ferkessedougou Airport",-5.2,9.6,CI,AF,small
GGN,"Gagnoa Airport",-5.933333,6.133333,CI,AF,small
GGO,"Guiglo Airport",-7.75,6.333333,CI,AF,small
HGO,"Korhogo Airport",-5.616667,9.413889,CI,AF,medium
MJC,"Man Airport",-7.528333,7.381667,CI,AF,medium
KEO,"Odienne Airport",-7.570833,9.49,CI,AF,small
OFI,"Ouango Fitini Airport",-4.033333,9.6,CI,AF,small
SEO,"Seguela Airport",-6.666667,7.966667,CI,AF,small
SPY,"San Pedro Airport",-6.626944,4.730278,CI,AF,medium
ZSS,"Sassandra Airport",-6.135556,4.924444,CI,AF,small
TXU,"Tabou Airport",-7.366667,4.433333,CI,AF,small
ASK,"Yamoussoukro Airport",-5.283333,6.816667,CI,AF,medium
DKA,"Katsina Airport",7.660803,13.003712,NG,AF,small
ABV,"Nnamdi Azikiwe International Airport",7.270447,9.004614,NG,AF,large
AKR,"Akure Airport",5.083333,7.25,NG,AF,medium
ABB,"Asaba International Airport",6.667222,6.203055,NG,AF,medium
BNI,"Benin Airport",5.603863,6.316943,NG,AF,medium
CBQ,"Margaret Ekpo International Airport",8.347415,4.96889,NG,AF,medium
ENU,"Akanu Ibiam International Airport",7.56772,6.472048,NG,AF,medium
QUS,"Gusau Airport",,,NG,AF,medium
IBA,"Ibadan Airport",3.976361,7.360181,NG,AF,medium
ILR,"Ilorin International Airport",4.533333,8.5,NG,AF,medium
QOW,"Sam Mbakwe International Airport",7.201676,5.427866,NG,AF,medium
JOS,"Yakubu Gowon Airport",8.893056,9.868056,NG,AF,medium
KAD,"Kaduna Airport",7.440278,10.595833,NG,AF,medium
KAN,"Mallam Aminu International Airport",8.522271,12.045549,NG,AF,medium
MIU,"Maiduguri International Airport",13.082928,11.855487,NG,AF,medium
MDI,"Makurdi Airport",8.533333,7.75,NG,AF,medium
LOS,"Murtala Muhammed International Airport",3.321178,6.577871,NG,AF,large
MXJ,"Minna Airport",6.533333,9.616667,NG,AF,medium
PHC,"Port Harcourt International Airport",6.9499,5.006506,NG,AF,medium
SKO,"Sadiq Abubakar III International Airport",5.242222,13.006389,NG,AF,medium
YOL,"Yola Airport",12.428114,9.266729,NG,AF,medium
ZAR,"Zaria Airport",7.666667,11.0,NG,AF,medium
STI,"Santiago Municipal Airport",-70.603355,19.404486,DO,NA,small
DQA,"Saertu Airport",125.147156,46.75015,CN,AS,small
MFQ,"Maradi Airport",7.125278,13.5025,NE,AF,medium
NIM,"Diori Hamani International Airport",2.177158,13.476534,NE,AF,medium
THZ,"Tahoua Airport",5.263889,14.872778,NE,AF,medium
AJY,"Mano Dayak International Airport",7.993056,16.964167,NE,AF,medium
ZND,"Zinder Airport",8.983056,13.779444,NE,AF,medium
TBJ,"Tabarka 7 Novembre Airport",8.876389,36.978333,TN,AF,medium
MIR,"Monastir Habib Bourguiba International Airport",10.753155,35.76108,TN,AF,medium
TUN,"Tunis Carthage International Airport",10.21709,36.847622,TN,AF,large
OIZ,"Sidi Ahmed Air Base",,,TN,AF,medium
GAF,"Gafsa Ksar International Airport",8.816667,34.416668,TN,AF,medium
GAE,"null",9.919377,33.73569,TN,AF,medium
DJE,"Djerba Zarzis International Airport",10.775145,33.87118,TN,AF,medium
EBM,"El Borma Airport",9.266667,31.716667,TN,AF,medium
SFA,"Sfax Thyna International Airport",10.683333,34.716667,TN,AF,medium
TOE,"Tozeur Nefta International Airport",8.133333,33.916668,TN,AF,medium
DWR,"Dywer Airbase",,,AF,AS,small
LRL,"Niamtougou International Airport",1.133333,9.833333,TG,AF,medium
LFW,"null",1.250347,6.167103,TG,AF,medium
ANR,"Antwerp International Airport (Deurne)",4.450672,51.18916,BE,EU,medium
BRU,"Brussels Airport",4.483602,50.89717,BE,EU,large
CRL,"Brussels South Charleroi Airport",4.451703,50.456696,BE,EU,medium
KJK,"Wevelgem Airport",3.201667,50.817223,BE,EU,medium
LGG,"null",5.460149,50.643333,BE,EU,large
QNM,"null",,,BE,EU,small
OST,"Ostend-Bruges International Airport",2.863611,51.199722,BE,EU,medium
QHA,"Hasselt Airport",,,BE,EU,small
OBL,"Oostmalle Air Base",4.75,51.266666,BE,EU,small
MZD,"null",-78.316666,-2.733333,EC,SA,small
AOC,"Altenburg-Nobitz Airport",12.45,50.983334,DE,EU,medium
HDF,"Heringsdorf Airport",14.138242,53.87825,DE,EU,medium
BBH,"Barth Airport",12.711667,54.33972,DE,EU,small
ZMG,"Magdeburg Airport",,,DE,EU,medium
CBU,"Cottbus-Drewitz Airport",14.299167,51.77028,DE,EU,medium
SXF,"null",13.521388,52.370277,DE,EU,large
DRS,"Dresden Airport",13.766082,51.124332,DE,EU,large
ERF,"Erfurt Airport",10.961163,50.974915,DE,EU,medium
FRA,"Frankfurt am Main International Airport",8.570773,50.050735,DE,EU,large
FMO,"Muenster Osnabrueck Airport",7.694928,52.130054,DE,EU,large
HAM,"Hamburg Airport",10.006414,53.63128,DE,EU,large
CGN,"Cologne Bonn Airport",7.122224,50.878365,DE,EU,large
DUS,"Dusseldorf International Airport",6.76558,51.278328,DE,EU,large
MUC,"Munich International Airport",11.790143,48.353004,DE,EU,large
NUE,"Nuremberg Airport",11.077062,49.494167,DE,EU,large
LEJ,"Leipzig Halle Airport",12.221202,51.42026,DE,EU,large
SCN,"null",7.112705,49.22009,DE,EU,medium
STR,"Stuttgart Airport",9.193624,48.69073,DE,EU,large
TXL,"Berlin-Tegel International Airport",13.291722,52.553944,DE,EU,large
HAJ,"Hannover Airport",9.694766,52.459255,DE,EU,large
BRE,"Bremen Airport",8.785352,53.05297,DE,EU,large
QEF,"Frankfurt-Egelsbach Airport",,,DE,EU,medium
HHN,"Frankfurt-Hahn Airport",7.264167,49.948334,DE,EU,medium
MHG,"Mannheim-City Airport",8.521081,49.476578,DE,EU,medium
ZQV,"Worms Airport",,,DE,EU,small
QMZ,"Mainz-Finthen Airport",,,DE,EU,medium
SGE,"Siegerland Airport",8.0,50.85,DE,EU,medium
XFW,"Hamburg-Finkenwerder Airport",9.83738,53.53596,DE,EU,medium
KEL,"Kiel-Holtenau Airport",10.143333,54.380833,DE,EU,medium
LBC,"null",10.701162,53.80527,DE,EU,medium
EUM,"null",9.966667,54.066666,DE,EU,small
FMM,"Memmingen Allgau Airport",10.239444,47.98861,DE,EU,medium
AAH,"null",6.133333,50.75,DE,EU,small
ESS,"Essen Mulheim Airport",6.941667,51.40389,DE,EU,small
BFE,"Bielefeld Airport",8.55,52.016666,DE,EU,small
MGL,"null",6.544444,51.35278,DE,EU,medium
PAD,"Paderborn Lippstadt Airport",8.619832,51.610332,DE,EU,medium
NRN,"Niederrhein Airport",6.150168,51.599285,DE,EU,medium
DTM,"Dortmund Airport",7.613139,51.514828,DE,EU,large
AGB,"Augsburg Airport",10.931667,48.425278,DE,EU,medium
OBF,"Oberpfaffenhofen Airport",11.283333,48.083332,DE,EU,medium
RBM,"Straubing Airport",12.519722,48.901943,DE,EU,small
FDH,"Friedrichshafen Airport",9.523482,47.672775,DE,EU,medium
FRF,"Oschersleben Airport",8.683333,50.1,DE,EU,small
SZW,"Schwerin Parchim Airport",11.790721,53.42529,DE,EU,medium
BYU,"Bayreuth Airport",11.64,49.985558,DE,EU,medium
QOB,"Ansbach-Petersdorf Airport",,,DE,EU,small
HOQ,"Hof-Plauen Airport",11.862222,50.289165,DE,EU,medium
BBJ,"Bitburg Airport",6.516667,49.966667,DE,EU,small
ZQW,"null",7.399708,49.21516,DE,EU,small
FKB,"Karlsruhe Baden-Baden Airport",8.089752,48.781033,DE,EU,large
ZQL,"Donaueschingen-Villingen Airport",,,DE,EU,medium
LHA,"Lahr Airport",7.883333,48.333332,DE,EU,medium
BWE,"Braunschweig Wolfsburg Airport",10.533333,52.266666,DE,EU,medium
KSF,"Kassel-Calden Airport",9.376578,51.40568,DE,EU,medium
BRV,"Bremerhaven Airport",8.916667,53.75,DE,EU,small
XLW,"Lemwerder Airport",8.6,53.166668,DE,EU,small
EME,"Emden Airport",7.2,53.36667,DE,EU,small
AGE,"Wangerooge Airport",7.916667,53.783333,DE,EU,small
WVN,"Wilhelmshaven-Mariensiel Airport",8.116667,53.533333,DE,EU,small
JUI,"Juist Airport",7.066667,53.683334,DE,EU,small
LGO,"Langeoog Airport",7.533333,53.766666,DE,EU,small
ZOW,"Nordhorn-Lingen Airport",,,DE,EU,small
BMK,"Borkum Airport",6.7,53.6,DE,EU,small
NOD,"Norden-Norddeich Airport",7.2,53.583332,DE,EU,small
VAC,"Varrelbusch Airport",8.05,52.916668,DE,EU,small
NRD,"Norderney Airport",7.166667,53.833332,DE,EU,small
BMR,"Baltrum Airport",7.4,53.716667,DE,EU,small
HEI,"null",8.902778,54.155556,DE,EU,small
FLF,"null",9.383333,54.77222,DE,EU,small
HGL,"null",7.916667,54.186943,DE,EU,small
PSH,"St. Peter-Ording Airport",8.116667,54.5,DE,EU,small
GWT,"Westerland Sylt Airport",8.343056,54.91528,DE,EU,medium
OHR,"null",8.529167,54.685833,DE,EU,small
KDL,"null",22.8,58.983334,EE,EU,medium
URE,"Kuressaare Airport",22.5,58.216667,EE,EU,medium
EPU,"null",24.472778,58.418888,EE,EU,medium
TLL,"Tallinn Airport",24.798702,59.416622,EE,EU,large
TAY,"Tartu Airport",26.733334,58.333332,EE,EU,medium
ENF,"Enontekio Airport",23.42208,68.36018,FI,EU,medium
QVE,"Forssa Airport",,,FI,EU,small
KEV,"Halli Airport",24.75,61.583332,FI,EU,medium
HEM,"Helsinki Malmi Airport",25.05,60.25,FI,EU,medium
HEL,"Helsinki Vantaa Airport",24.96645,60.31795,FI,EU,large
HYV,"Hyvinkaa Airport",24.884443,60.654167,FI,EU,medium
KTQ,"Kitee Airport",30.076668,62.165833,FI,EU,medium
IVL,"Ivalo Airport",27.415556,68.611115,FI,EU,medium
JOE,"Joensuu Airport",29.61354,62.656788,FI,EU,medium
JYV,"Jyvaskyla Airport",25.68143,62.40362,FI,EU,medium
KAU,"Kauhava Airport",23.083332,63.1,FI,EU,medium
KEM,"Kemi-Tornio Airport",24.57677,65.78006,FI,EU,medium
KAJ,"Kajaani Airport",27.688889,64.27778,FI,EU,medium
KHJ,"Kauhajoki Airport",22.394722,62.463055,FI,EU,medium
KOK,"Kruunupyy Airport",23.133068,63.718838,FI,EU,medium
KAO,"Kuusamo Airport",29.233889,65.99028,FI,EU,medium
KTT,"Kittila Airport",24.859028,67.695946,FI,EU,medium
KUO,"Kuopio Airport",27.788696,63.008907,FI,EU,medium
QLF,"Lahti Vesivehmaa Airport",,,FI,EU,small
LPP,"Lappeenranta Airport",28.156668,61.046112,FI,EU,medium
MHQ,"Mariehamn Airport",19.896667,60.123333,FI,EU,medium
MIK,"Mikkeli Airport",27.213057,61.683887,FI,EU,medium
OUL,"Oulu Airport",25.375425,64.93012,FI,EU,medium
POR,"Pori Airport",21.791382,61.46866,FI,EU,medium
RVN,"Rovaniemi Airport",25.829609,66.559044,FI,EU,medium
SVL,"Savonlinna Airport",28.95,61.95,FI,EU,medium
SJY,"null",22.835285,62.6932,FI,EU,medium
SOT,"Sodankyla Airport",26.616667,67.38333,FI,EU,medium
TMP,"Tampere-Pirkkala Airport",23.617563,61.42045,FI,EU,medium
TKU,"Turku Airport",22.28098,60.512794,FI,EU,medium
UTI,"Utti Air Base",26.933332,60.9,FI,EU,medium
VAA,"Vaasa Airport",21.760122,63.04355,FI,EU,medium
VRK,"Varkaus Airport",27.933332,62.3,FI,EU,medium
YLI,"Ylivieska Airport",24.72889,64.05444,FI,EU,medium
AUE,"Abu Rudeis Airport",33.183334,28.9,EG,AS,small
BFS,"Belfast International Airport",-6.217616,54.662395,GB,EU,large
ENK,"St Angelo Airport",-7.633333,54.35,GB,EU,medium
BHD,"George Best Belfast City Airport",-5.870215,54.61452,GB,EU,large
LDY,"City of Derry Airport",-7.156924,55.040985,GB,EU,medium
BHX,"Birmingham International Airport",-1.733256,52.45252,GB,EU,large
CVT,"Coventry Airport",-1.478611,52.369167,GB,EU,medium
GLO,"Gloucestershire Airport",-2.233333,51.88333,GB,EU,medium
ORM,"Sywell Aerodrome",-0.9,52.233334,GB,EU,small
NQT,"Nottingham Airport",-1.166667,52.966667,GB,EU,medium
MAN,"Manchester Airport",-2.273354,53.362907,GB,EU,large
XXB,"Manchester Woodford Airport",,,GB,EU,medium
DSA,"Robin Hood Doncaster Sheffield Airport",-1.01155,53.481003,GB,EU,large
LYE,"RAF Lyneham",-1.966667,51.516666,GB,EU,medium
DGX,"MOD St. Athan",,,GB,EU,medium
YEO,"RNAS Yeovilton",-2.55,51.016666,GB,EU,medium
CAL,"Campbeltown Airport",-5.686667,55.43639,GB,EU,medium
EOI,"Eday Airport",-2.783333,59.183334,GB,EU,medium
FIE,"Fair Isle Airport",-1.666667,59.5,GB,EU,medium
WHS,"Whalsay Airport",-0.983333,60.36667,GB,EU,small
COL,"Coll Airport",-6.616667,56.61667,GB,EU,small
NRL,"North Ronaldsay Airport",-2.433333,59.370277,GB,EU,small
OBN,"Oban Airport",-5.396494,56.465275,GB,EU,small
PPW,"Papa Westray Airport",-2.898974,59.351265,GB,EU,small
SOY,"Stronsay Airport",-2.640495,59.154053,GB,EU,small
NDY,"Sanday Airport",-2.583333,59.25,GB,EU,small
LWK,"Lerwick / Tingwall Airport",-1.15,60.15,GB,EU,small
WRY,"Westray Airport",-2.95,59.35,GB,EU,small
CSA,"Colonsay Airstrip",-6.2,56.083332,GB,EU,small
HAW,"Haverfordwest Airport",-4.966667,51.8,GB,EU,medium
CWL,"Cardiff International Airport",-3.339075,51.39877,GB,EU,large
SWS,"Swansea Airport",-3.95,51.63333,GB,EU,medium
BRS,"Bristol International Airport",-2.710659,51.386757,GB,EU,large
LPL,"Liverpool John Lennon Airport",-2.854905,53.337616,GB,EU,large
LTN,"London Luton Airport",-0.376232,51.87977,GB,EU,large
LEQ,"Land's End Airport",-5.733333,50.05,GB,EU,medium
PLH,"Plymouth City Airport",-4.110009,50.422337,GB,EU,medium
ISC,"St. Mary's Airport",-6.291667,49.913334,GB,EU,medium
BOH,"Bournemouth Airport",-1.832476,50.77827,GB,EU,large
SOU,"Southampton Airport",-1.361318,50.950726,GB,EU,large
BBP,"Bembridge Airport",-1.083333,50.683334,GB,EU,small
QLA,"Lasham Airport",-1.157375,51.21111,GB,EU,medium
NQY,"Newquay Cornwall Airport",-4.997922,50.43745,GB,EU,medium
QUG,"Chichester/Goodwood Airport",-0.842248,50.941666,GB,EU,small
ACI,"Alderney Airport",-2.215369,49.709347,GG,EU,medium
GCI,"Guernsey Airport",-2.595044,49.432755,GG,EU,medium
JER,"Jersey Airport",-2.194344,49.205296,JE,EU,medium
ESH,"Shoreham Airport",-0.3,50.833332,GB,EU,medium
BQH,"London Biggin Hill Airport",0.033333,51.333332,GB,EU,medium
LGW,"London Gatwick Airport",-0.161863,51.156807,GB,EU,large
KRH,"Redhill Aerodrome",-0.186211,51.33611,GB,EU,small
LCY,"London City Airport",0.05,51.5,GB,EU,large
FAB,"Farnborough Airport",-0.766667,51.283333,GB,EU,medium
BBS,"Blackbushe Airport",-0.85,51.333332,GB,EU,medium
LHR,"London Heathrow Airport",-0.453566,51.469604,GB,EU,large
SEN,"Southend Airport",0.701389,51.572777,GB,EU,medium
LYX,"Lydd Airport",0.938414,50.955334,GB,EU,medium
MSE,"Kent International Airport",1.35,51.35,GB,EU,medium
CAX,"Carlisle Airport",-2.809444,54.93667,GB,EU,medium
BLK,"Blackpool International Airport",-3.041985,53.778385,GB,EU,medium
HUY,"Humberside Airport",-0.34851,53.583378,GB,EU,medium
BWF,"Barrow Walney Island Airport",-3.233333,54.11667,GB,EU,medium
LBA,"Leeds Bradford Airport",-1.659985,53.86934,GB,EU,large
CEG,"Hawarden Airport",-2.970718,53.178604,GB,EU,medium
IOM,"Isle of Man Airport",-4.63473,54.08677,IM,EU,medium
NCL,"Newcastle Airport",-1.710629,55.037064,GB,EU,large
MME,"Durham Tees Valley Airport",-1.434013,54.512226,GB,EU,medium
EMA,"East Midlands Airport",-1.330595,52.82587,GB,EU,large
HLY,"Anglesey Airport",-4.633333,53.3,GB,EU,medium
KOI,"Kirkwall Airport",-2.900556,58.958057,GB,EU,medium
LSI,"Sumburgh Airport",-1.287111,59.877888,GB,EU,medium
WIC,"Wick Airport",-3.086667,58.456944,GB,EU,medium
ABZ,"Aberdeen Dyce Airport",-2.204186,57.200253,GB,EU,large
INV,"Inverness Airport",-4.063738,57.539345,GB,EU,medium
GLA,"Glasgow International Airport",-4.431782,55.864212,GB,EU,large
EDI,"Edinburgh Airport",-3.364177,55.948143,GB,EU,large
ILY,"Islay Airport",-6.254167,55.681946,GB,EU,medium
PIK,"Glasgow Prestwick Airport",-4.611286,55.50843,GB,EU,medium
BEB,"Benbecula Airport",-7.376028,57.473415,GB,EU,medium
SCS,"Scatsta Airport",-1.294972,60.436825,GB,EU,medium
DND,"Dundee Airport",-3.014531,56.45409,GB,EU,medium
SYY,"Stornoway Airport",-6.321995,58.213627,GB,EU,medium
BRR,"Barra Airport",-7.440278,57.023335,GB,EU,medium
PSL,"Perth/Scone Airport",-3.566667,56.233334,GB,EU,small
TRE,"Tiree Airport",-6.871389,56.500557,GB,EU,medium
UNT,"Unst Airport",-0.85,60.766666,GB,EU,small
BOL,"Ballykelly Airport",-7.0,55.0,GB,EU,small
FSS,"RAF Kinloss",-3.566667,57.65,GB,EU,medium
ADX,"RAF Leuchars",-2.866667,56.36667,GB,EU,medium
LMO,"RAF Lossiemouth",-3.333333,57.716667,GB,EU,medium
CBG,"Cambridge Airport",0.177738,52.208042,GB,EU,medium
NWI,"Norwich International Airport",1.276782,52.669533,GB,EU,medium
STN,"London Stansted Airport",0.262703,51.889267,GB,EU,large
QFO,"Duxford Airport",,,GB,EU,medium
EXT,"Exeter International Airport",-3.410968,50.73111,GB,EU,large
FRK,"Fairoaks Airport",55.966667,-4.583333,GB,EU,small
FZO,"Bristol Filton Airport",-2.583333,51.516666,GB,EU,medium
OXF,"Oxford (Kidlington) Airport",-1.32,51.836945,GB,EU,medium
RCS,"Rochester Airport",0.5,51.35,GB,EU,small
BEX,"RAF Benson",-1.083333,51.63333,GB,EU,medium
LKZ,"RAF Lakenheath",0.67609,52.49167,GB,EU,large
MHZ,"RAF Mildenhall",0.483333,52.36667,GB,EU,large
QUY,"RAF Wyton",,,GB,EU,medium
FFD,"RAF Fairford",-1.783333,51.733334,GB,EU,large
BZZ,"RAF Brize Norton",-1.587093,51.75,GB,EU,large
ODH,"RAF Odiham",-0.95,51.25,GB,EU,medium
WXF,"Wethersfield Airport",0.566667,51.88333,GB,EU,small
NHT,"RAF Northolt",-0.366667,51.533333,GB,EU,medium
QCY,"RAF Coningsby",,,GB,EU,medium
BEQ,"RAF Honington",0.766667,52.35,GB,EU,medium
OKH,"RAF Cottesmore",-0.716667,52.666668,GB,EU,medium
SQZ,"RAF Scampton",-0.583333,53.3,GB,EU,medium
HRT,"RAF Linton-On-Ouse",-1.55,54.0,GB,EU,medium
WTN,"RAF Waddington",-0.516667,53.166668,GB,EU,medium
MRH,"RAF Marham",145.33333,-8.466667,GB,EU,medium
MPN,"Mount Pleasant Airport",-58.45,-51.816666,FK,SA,medium
AMS,"Amsterdam Airport Schiphol",4.763385,52.30907,NL,EU,large
MST,"Maastricht Aachen Airport",5.768827,50.91562,NL,EU,large
QAR,"Deelen Air Base",,,NL,EU,medium
EIN,"Eindhoven Airport",5.391795,51.457954,NL,EU,large
GRQ,"Eelde Airport",6.575556,53.120277,NL,EU,medium
GLZ,"Gilze Rijen Air Base",4.75,51.583332,NL,EU,medium
DHR,"De Kooy Airport",4.75,52.95,NL,EU,medium
LEY,"Lelystad Airport",5.533333,52.466667,NL,EU,medium
LWR,"Leeuwarden Air Base",5.8,53.25,NL,EU,medium
RTM,"Rotterdam Airport",4.433606,51.948948,NL,EU,medium
ENS,"Twenthe Airport",6.878333,52.271667,NL,EU,medium
UDE,"Volkel Air Base",5.616667,51.666668,NL,EU,medium
WOE,"Woensdrecht Air Base",4.335,51.435833,NL,EU,medium
BYT,"Bantry Aerodrome",-9.45,51.683334,IE,EU,small
BLY,"Belmullet Aerodrome",-10.0,54.233334,IE,EU,small
NNR,"Connemara Regional Airport",-9.466667,53.216667,IE,EU,small
CLB,"Castlebar Airport",-9.3,53.86667,IE,EU,small
WEX,"Castlebridge Airport",-6.466667,52.333332,IE,EU,small
ORK,"Cork Airport",-8.48914,51.846645,IE,EU,large
GWY,"Galway Airport",-9.033333,53.283333,IE,EU,medium
CFN,"Donegal Airport",-8.340278,55.041668,IE,EU,medium
DUB,"Dublin Airport",-6.24357,53.42728,IE,EU,large
IOR,"Inishmore Aerodrome",-9.75,53.11667,IE,EU,small
INQ,"Inisheer Aerodrome",-9.433333,53.033333,IE,EU,small
KKY,"Kilkenny Airport",-7.25,52.65,IE,EU,small
NOC,"Ireland West Knock Airport",-8.810468,53.914,IE,EU,medium
KIR,"Kerry Airport",-9.535666,52.181477,IE,EU,medium
LTR,"Letterkenny Airport",-7.733333,54.95,IE,EU,small
IIA,"Inishmaan Aerodrome",-9.533333,53.083332,IE,EU,small
SNN,"Shannon Airport",-8.92039,52.69248,IE,EU,large
SXL,"Sligo Airport",-8.466667,54.283333,IE,EU,medium
WAT,"Waterford Airport",-7.080082,52.188866,IE,EU,medium
AAR,"Aarhus Airport",10.626351,56.30823,DK,EU,medium
BLL,"Billund Airport",9.147874,55.747383,DK,EU,large
CPH,"Copenhagen Kastrup Airport",12.647601,55.62905,DK,EU,large
EBJ,"Esbjerg Airport",8.549062,55.52143,DK,EU,medium
KRP,"Karup Airport",9.116667,56.3,DK,EU,medium
BYR,"null",11.005083,57.27756,DK,EU,small
MRW,"Lolland Falster Maribo Airport",11.435,54.685833,DK,EU,medium
ODE,"Odense Airport",10.328611,55.47639,DK,EU,medium
RKE,"Copenhagen Roskilde Airport",12.133333,55.583332,DK,EU,medium
RNN,"Bornholm Airport",14.757778,55.065556,DK,EU,medium
SGD,"null",9.790798,54.96476,DK,EU,medium
CNL,"Sindal Airport",10.216667,57.483334,DK,EU,medium
SKS,"Vojens Skrydstrup Airport",9.264722,55.221943,DK,EU,medium
SQW,"Skive Airport",9.033333,56.566666,DK,EU,medium
TED,"Thisted Airport",8.703333,57.072224,DK,EU,medium
VDP,"Kolding Vamdrup Airport",-65.99111,9.221389,DK,EU,medium
FAE,"Vagar Airport",-7.266667,62.066666,FO,EU,medium
STA,"Stauning Airport",8.355,55.990276,DK,EU,medium
AAL,"Aalborg Airport",9.872241,57.08655,DK,EU,large
LUX,"Luxembourg-Findel International Airport",6.209539,49.63111,LU,EU,large
AES,"null",6.116605,62.559643,NO,EU,medium
ANX,"null",16.133326,69.30492,NO,EU,medium
ALF,"Alta Airport",23.355808,69.977165,NO,EU,medium
FDE,"Bringeland Airport",5.762073,61.39178,NO,EU,small
BNN,"null",12.215772,65.4617,NO,EU,medium
BOO,"null",14.367839,67.27262,NO,EU,large
BGO,"Bergen Airport, Flesland",5.228169,60.289062,NO,EU,large
BJF,"null",29.666668,70.6,NO,EU,medium
BVG,"null",29.0,70.86667,NO,EU,medium
KRS,"Kristiansand Airport",8.073732,58.20255,NO,EU,medium
DLD,"Geilo Airport Dagali",8.483333,60.466667,NO,EU,small
BDU,"Bardufoss Airport",18.54,69.056114,NO,EU,medium
EVE,"Harstad/Narvik Airport, Evenes",16.679722,68.496666,NO,EU,medium
VDB,"Leirin Airport",9.288056,61.015556,NO,EU,medium
FRO,"null",5.024577,61.58643,NO,EU,medium
OSL,"Oslo Gardermoen Airport",11.100411,60.19419,NO,EU,large
HMR,"Stafsberg Airport",11.116667,60.8,NO,EU,small
HAU,"Haugesund Airport",5.215903,59.344765,NO,EU,medium
HFT,"Hammerfest Airport",23.675867,70.67999,NO,EU,medium
HAA,"Hasvik Airport",22.15,70.46667,NO,EU,small
HVG,"Valan Airport",25.833332,70.98333,NO,EU,medium
QKX,"Kautokeino Air Base",,,NO,EU,small
KSU,"Kristiansund Airport, Kvernberget",7.844444,63.114723,NO,EU,medium
GLL,"Gol Airport",8.95,60.7,NO,EU,small
KKN,"null",29.891184,69.7235,NO,EU,medium
FAN,"Lista Airport",6.625556,58.101665,NO,EU,small
LKN,"Leknes Airport",13.614864,68.15421,NO,EU,medium
MEH,"Mehamn Airport",27.833332,71.03333,NO,EU,medium
MOL,"Molde Airport",7.262118,62.747303,NO,EU,medium
MJF,"null",13.218328,65.78439,NO,EU,medium
LKL,"Banak Airport",24.973612,70.06778,NO,EU,medium
NVK,"Narvik Framnes Airport",17.425,68.425,NO,EU,medium
OSY,"null",11.570002,64.47273,NO,EU,small
NTB,"Notodden Airport",9.215656,59.56487,NO,EU,medium
OLA,"null",9.616667,63.7,NO,EU,medium
HOV,"null",6.078802,62.179787,NO,EU,medium
MQN,"null",14.302748,66.36465,NO,EU,medium
RVK,"null",11.233333,64.88333,NO,EU,medium
RRS,"null",11.345556,62.579166,NO,EU,medium
RET,"null",12.083333,67.48333,NO,EU,small
RYG,"Moss Airport, Rygge",10.800161,59.37903,NO,EU,medium
LYR,"Svalbard Airport, Longyear",15.8,78.208885,NO,EU,medium
SDN,"Sandane Airport, Anda",6.216667,61.766666,NO,EU,small
SOG,"Sogndal Airport",7.136988,61.158127,NO,EU,small
SVJ,"null",14.667774,68.24498,NO,EU,medium
SKN,"Stokmarknes Skagen Airport",15.032921,68.57915,NO,EU,medium
SKE,"Skien Airport",9.5625,59.182777,NO,EU,medium
SRP,"Stord Airport",5.416667,59.833332,NO,EU,medium
SOJ,"null",20.933332,69.78333,NO,EU,medium
VAW,"null",31.045555,70.35472,NO,EU,medium
SSJ,"null",12.476518,65.959946,NO,EU,medium
TOS,"null",18.907343,69.67983,NO,EU,large
TRF,"Sandefjord Airport, Torp",10.251807,59.178085,NO,EU,medium
TRD,"null",10.917863,63.454285,NO,EU,large
VDS,"null",29.845278,70.065,NO,EU,medium
SVG,"Stavanger Airport, Sola",5.629197,58.88215,NO,EU,large
QYY,"Bia?ystok-Krywlany Airport",,,PL,EU,small
BZG,"Bydgoszcz Ignacy Jan Paderewski Airport",17.978611,53.09667,PL,EU,medium
CZW,"Cz?stochowa-Rudniki",19.1,50.816666,PL,EU,small
GDN,"Gda?sk Lech Wa??sa Airport",18.468655,54.380978,PL,EU,large
QLC,"Gliwice Glider Airport",,,PL,EU,small
KRK,"null",19.793743,50.075493,PL,EU,large
OSZ,"Koszalin Zegrze Airport",16.264444,54.042778,PL,EU,small
KTW,"Katowice International Airport",19.07403,50.470833,PL,EU,medium
QEO,"Bielsko-Bialo Kaniow Airfield",,,PL,EU,small
LCJ,"null",19.398333,51.721943,PL,EU,medium
QLU,"Lublin Radwiec Airport",,,PL,EU,small
QWS,"Nowy Targ Airport",,,PL,EU,small
QYD,"Gdynia-Babie Do?y Air Base",,,PL,EU,medium
QPM,"Opole-Polska Nowa Wie? Airport",,,PL,EU,small
POZ,"Pozna?-?awica Airport",16.828844,52.414326,PL,EU,medium
RZE,"null",22.03133,50.11525,PL,EU,medium
SZZ,"null",14.894611,53.593525,PL,EU,medium
WAW,"Warsaw Chopin Airport",20.97329,52.170906,PL,EU,large
WRO,"Copernicus Wroc?aw Airport",16.899403,51.10482,PL,EU,medium
IEG,"null",15.516667,51.933334,PL,EU,medium
RNB,"Ronneby Airport",15.261111,56.25833,SE,EU,medium
XWP,"null",,,SE,EU,small
GOT,"Gothenburg-Landvetter Airport",12.294878,57.66664,SE,EU,large
JKG,"null",14.070497,57.7501,SE,EU,medium
LDK,"null",13.166667,58.5,SE,EU,medium
GSE,"Gothenburg City Airport",11.864513,57.77775,SE,EU,medium
KVB,"null",13.966667,58.45,SE,EU,medium
THN,"null",12.3,58.266666,SE,EU,medium
KSK,"Karlskoga Airport",14.55,59.316666,SE,EU,medium
MXX,"Mora Airport",14.504529,60.95812,SE,EU,medium
NYO,"Stockholm Skavsta Airport",16.922867,58.78425,SE,EU,medium
KID,"Kristianstad Airport",14.088889,55.919445,SE,EU,medium
OSK,"Oskarshamn Airport",16.433332,57.266666,SE,EU,medium
KLR,"Kalmar Airport",16.287222,56.685,SE,EU,medium
MMX,"null",13.363727,55.538757,SE,EU,large
HAD,"Halmstad Airport",12.815005,56.680935,SE,EU,medium
VXO,"null",14.732046,56.925095,SE,EU,medium
EVG,"Sveg Airport",14.35,62.033333,SE,EU,medium
GEV,"null",20.816668,67.134445,SE,EU,medium
KRF,"null",17.772778,63.049442,SE,EU,medium
LYC,"Lycksele Airport",18.70967,64.55071,SE,EU,medium
SDL,"null",17.438147,62.52165,SE,EU,medium
OER,"null",18.992073,63.412582,SE,EU,medium
KRN,"Kiruna Airport",20.345833,67.82222,SE,EU,medium
SFT,"null",21.068548,64.62251,SE,EU,medium
UME,"null",20.28954,63.79333,SE,EU,medium
VHM,"Vilhelmina Airport",16.65,64.61667,SE,EU,medium
AJR,"Arvidsjaur Airport",19.285557,65.59139,SE,EU,medium
SOO,"null",17.05,61.3,SE,EU,medium
OSD,"null",14.494444,63.198612,SE,EU,medium
ORB,"null",15.047543,59.225758,SE,EU,medium
HFS,"Hagfors Airport",13.569167,60.0175,SE,EU,medium
KSD,"Karlstad Airport",13.472059,59.360283,SE,EU,medium
VST,"null",16.630556,59.58917,SE,EU,medium
LLA,"null",22.123587,65.54939,SE,EU,large
ARN,"Stockholm-Arlanda Airport",17.930365,59.64982,SE,EU,large
BMA,"Stockholm-Bromma Airport",17.94608,59.35566,SE,EU,medium
BLE,"Borlange Airport",15.50826,60.42973,SE,EU,medium
HLF,"Hultsfred Airport",15.827778,57.52639,SE,EU,medium
GVX,"null",16.954721,60.593887,SE,EU,medium
LPI,"null",15.656944,58.406944,SE,EU,medium
NRK,"null",16.232393,58.583298,SE,EU,medium
TYF,"Torsby Airport",12.99661,60.154484,SE,EU,medium
EKT,"Eskilstuna Airport",16.533333,59.36667,SE,EU,medium
VBY,"Visby Airport",18.338154,57.660446,SE,EU,medium
VVK,"null",16.633333,57.75,SE,EU,small
AGH,"null",12.8625,56.293056,SE,EU,medium
SQO,"Storuman Airport",17.8,64.96222,SE,EU,medium
IDB,"Idre Airport",12.683333,61.86667,SE,EU,small
PJA,"Pajala Airport",23.075,67.246666,SE,EU,medium
HMV,"Hemavan Airport",15.273056,65.727776,SE,EU,medium
GLC,"Geladi Airport",46.416668,6.966667,ET,AF,small
SHC,"Shire Inda Selassie Airport",39.13333,12.983333,ET,AF,small
SPM,"Spangdahlem Air Base",6.835917,50.06547,DE,EU,medium
RMS,"Ramstein Air Base",7.599187,49.439938,DE,EU,large
ZCD,"Bamberg-Breitenau Airport",,,DE,EU,small
ZCN,"Celle Airport",,,DE,EU,medium
ZPQ,"Rheine Bentlage Airport",,,DE,EU,medium
FRZ,"Fritzlar Airport",9.266667,51.11667,DE,EU,medium
ZNF,"Hanau Army Air Field",,,DE,EU,small
NDZ,"Nordholz Airport",8.644722,53.768612,DE,EU,medium
GKE,"Geilenkirchen Airport",6.133333,50.966667,DE,EU,medium
RLG,"Rostock-Laage Airport",12.266667,53.92,DE,EU,medium
QOE,"Norvenich Airport",,,DE,EU,medium
WBG,"Schleswig Airport",9.516667,54.45,DE,EU,medium
FNB,"Neubrandenburg Airport",13.307222,53.60278,DE,EU,medium
WIE,"Wiesbaden Army Airfield",8.233333,50.083332,DE,EU,medium
FEL,"null",11.266667,48.2,DE,EU,medium
IGS,"Ingolstadt Manching Airport",,,DE,EU,medium
GUT,"null",8.383333,51.9,DE,EU,medium
BGN,"Brugge Air Base",146.22974,68.55577,DE,EU,small
LPX,"Liep?ja International Airport",21.1,56.516666,LV,EU,medium
RIX,"Riga International Airport",23.979807,56.92208,LV,EU,large
VNT,"Ventspils International Airport",87.2,27.3,LV,EU,medium
KUN,"Kaunas International Airport",23.916668,54.9,LT,EU,medium
KLJ,"Klaip?da Airport",21.216667,55.7,LT,EU,small
PLQ,"Palanga International Airport",21.083332,55.95,LT,EU,medium
PNV,"null",24.383333,55.733334,LT,EU,medium
SQQ,"null",23.39311,55.89529,LT,EU,medium
HLJ,"Barysiai Airport",,,LT,EU,medium
VNO,"Vilnius International Airport",25.279606,54.643078,LT,EU,large
ALJ,"Alexander Bay Airport",16.536388,-28.567223,ZA,AF,medium
AGZ,"Aggeneys Airport",18.85,-29.05,ZA,AF,medium
ADY,"Alldays Airport",29.05,-22.666668,ZA,AF,small
BIY,"Bisho Airport",27.283333,-35.88333,ZA,AF,medium
BFN,"J B M Hertzog International Airport",26.297516,-29.095854,ZA,AF,medium
UTE,"Butterworth Airport",28.066668,-32.38333,ZA,AF,small
CDO,"Gradock Airport",25.6,-32.13333,ZA,AF,small
CPT,"Cape Town International Airport",18.596489,-33.968906,ZA,AF,large
DUK,"Mubatuba Airport",32.234165,-28.366667,ZA,AF,small
PZL,"Zulu Inyala Airport",32.3,-27.866667,ZA,AF,small
ELS,"Ben Schoeman Airport",27.82892,-33.038437,ZA,AF,medium
EMG,"Empangeni Airport",31.9,-28.75,ZA,AF,small
ELL,"Ellisras Matimba Airport",27.683332,-23.716667,ZA,AF,small
FCB,"Ficksburg Sentraoes Airport",27.908333,-28.825,ZA,AF,medium
GCJ,"Grand Central Airport",28.143793,-25.987297,ZA,AF,medium
GRJ,"George Airport",22.382235,-34.00148,ZA,AF,large
GIY,"Giyani Airport",30.666668,-23.283333,ZA,AF,small
QRA,"Rand Airport",28.151648,-26.24284,ZA,AF,medium
HLW,"Hluhluwe Airport",32.25,-28.016666,ZA,AF,small
HRS,"Harrismith Airport",29.1,-26.233334,ZA,AF,medium
HDS,"Hoedspruit Air Force Base Airport",30.95,-24.35,ZA,AF,small
JNB,"OR Tambo International Airport",28.231314,-26.132664,ZA,AF,large
KXE,"P C Pelser Airport",26.716667,-26.866667,ZA,AF,medium
KIM,"Kimberley Airport",24.76639,-28.805834,ZA,AF,medium
MQP,"Kruger Mpumalanga International Airport",31.098131,-25.384947,ZA,AF,medium
KOF,"Komatipoort Airport",31.933332,-25.433332,ZA,AF,small
KMH,"Johan Pienaar Airport",23.466667,-27.466667,ZA,AF,medium
KLZ,"Kleinsee Airport",17.066668,-29.683332,ZA,AF,medium
HLA,"Lanseria Airport",27.926432,-25.937843,ZA,AF,medium
LMR,"Lime Acres Finsch Mine Airport",23.45,-28.366667,ZA,AF,medium
LDZ,"Londolozi Airport",31.5,-24.8,ZA,AF,small
DUR,"King Shaka International Airport",31.116388,-29.614445,ZA,AF,large
LUJ,"Lusikisiki Airport",29.583332,-31.366667,ZA,AF,small
LCD,"Louis Trichardt Airport",29.716667,-23.016666,ZA,AF,small
LGE,"Langebaanweg Airport",127.566666,-20.133333,ZA,AF,medium
LAY,"Ladysmith Airport",29.75,-28.566668,ZA,AF,medium
AAM,"Malamala Airport",31.533333,-24.8,ZA,AF,medium
MGH,"Margate Airport",30.25,-30.916668,ZA,AF,medium
MBD,"Mmabatho International Airport",25.5,-25.816668,ZA,AF,medium
LLE,"Riverside Airport",31.566668,-25.466667,ZA,AF,medium
MZY,"Mossel Bay Airport",22.083332,-34.183334,ZA,AF,small
MEZ,"Morningside Farm Airport",29.833332,-22.366667,ZA,AF,medium
MZQ,"Mkuze Airport",32.045906,-27.623335,ZA,AF,medium
NCS,"Newcastle Airport",29.99,-27.774166,ZA,AF,medium
NGL,"Ngala Airport",21.55,2.45,ZA,AF,small
NLP,"Nelspruit Airport",30.913889,-25.500834,ZA,AF,small
OVG,"Overberg Airport",20.235832,-34.551666,ZA,AF,small
OUH,"Oudtshoorn Airport",22.188334,-33.603333,ZA,AF,medium
AFD,"Port Alfred Airport",26.883333,-33.583332,ZA,AF,small
PLZ,"Port Elizabeth Airport",25.611422,-33.98371,ZA,AF,medium
PBZ,"Plettenberg Bay Airport",23.329166,-34.0875,ZA,AF,medium
PHW,"Hendrik Van Eck Airport",31.15611,-23.93361,ZA,AF,medium
PTG,"Pietersburg Municipal Airport",29.966667,-23.916668,ZA,AF,medium
JOH,"Port St Johns Airport",29.533333,-31.616667,ZA,AF,medium
PRK,"Prieska Airport",22.7,-29.666668,ZA,AF,small
PZB,"Pietermaritzburg Airport",30.396738,-29.643047,ZA,AF,medium
NTY,"Pilanesberg International Airport",27.170698,-25.335514,ZA,AF,small
PTG,"Polokwane International Airport",29.966667,-23.916668,ZA,AF,medium
PCF,"Potchefstroom Airport",,,ZA,AF,medium
UTW,"Queenstown Airport",26.866667,-31.866667,ZA,AF,medium
RCB,"Richards Bay Airport",32.093056,-28.740557,ZA,AF,medium
RVO,"Reivilo Airport",24.133333,-27.6,ZA,AF,small
ROD,"Robertson Airport",19.9,-33.816666,ZA,AF,medium
SBU,"Springbok Airport",17.939444,-29.68861,ZA,AF,medium
ZEC,"Secunda Airport",28.0,-27.0,ZA,AF,medium
SDB,"Saldanha /Vredenburg Airport",18.0,-33.066666,ZA,AF,medium
GSS,"Sabi Sabi Airport",30.8,-25.116667,ZA,AF,small
SIS,"Sishen Airport",22.983334,-27.916668,ZA,AF,medium
SZK,"Skukuza Airport",31.586111,-24.9625,ZA,AF,medium
THY,"Thohoyandou Airport",30.55,-22.883333,ZA,AF,small
TCU,"Thaba Nchu Tar Airport",26.866667,-29.283333,ZA,AF,small
LTA,"Tzaneen Airport",30.15,-23.833332,ZA,AF,medium
ULD,"Prince Mangosuthu Buthelezi Airport",31.433332,-28.283333,ZA,AF,medium
UTN,"Pierre Van Ryneveld Airport",21.253332,-28.400557,ZA,AF,medium
UTT,"K. D. Matanzima Airport",28.783333,-31.583332,ZA,AF,medium
VRU,"Vryburg Airport",24.75,-26.916668,ZA,AF,medium
VIR,"Virginia Airport",31.066668,-29.766666,ZA,AF,medium
VRE,"Vredendal Airport",18.5,-31.666668,ZA,AF,medium
VYD,"Vryheid Airport",30.8,-27.783333,ZA,AF,small
PRY,"Wonderboom Airport",28.220833,-25.654444,ZA,AF,medium
AFB,"Waterkloof Air Force Base Airport",,,ZA,AF,medium
WEL,"Welkom Airport",26.75,-28.0,ZA,AF,medium
FRW,"Francistown Airport",27.4825,-21.16,BW,AF,medium
GNZ,"Ghanzi Airport",21.666668,-21.7,BW,AF,small
JWA,"Jwaneng Airport",24.666668,-24.6,BW,AF,medium
BBK,"Kasane Airport",25.15,-17.816668,BW,AF,medium
KHW,"Khwai River Lodge Airport",23.5,-19.0,BW,AF,small
MUB,"Maun Airport",23.430555,-19.970833,BW,AF,medium
ORP,"Orapa Airport",24.5,-21.0,BW,AF,small
QPH,"Palapye Airport",,,BW,AF,small
GBE,"Sir Seretse Khama International Airport",25.92451,-24.557981,BW,AF,medium
SXN,"Sua Pan Airport",26.116667,-20.55,BW,AF,medium
PKW,"Selebi Phikwe Airport",27.816668,-22.05,BW,AF,medium
SWX,"Shakawe Airport",21.833332,-18.383333,BW,AF,small
TLD,"Limpopo Valley Airport",29.116667,-22.183332,BW,AF,small
TBY,"Tshabong Airport",22.466667,-26.066668,BW,AF,small
BZV,"Maya-Maya Airport",15.251139,-4.258899,CG,AF,medium
DJM,"Djambala Airport",14.75,-2.533333,CG,AF,small
KNJ,"Kindamba Airport",14.516667,-3.95,CG,AF,small
LCO,"Lague Airport",14.533333,-2.45,CG,AF,small
MUY,"Mouyondzi Airport",13.919444,-3.983333,CG,AF,small
SIB,"Sibiti Airport",13.4,-3.733333,CG,AF,small
NKY,"Yokangassi Airport",13.3,-4.216667,CG,AF,small
ANJ,"Zanaga Airport",13.833333,-2.85,CG,AF,small
MSX,"Mossendjo Airport",12.733333,-2.95,CG,AF,small
BOE,"Boundji Airport",15.383333,-1.033333,CG,AF,small
EWO,"Ewo Airport",14.8,-0.883333,CG,AF,small
GMM,"Gamboma Airport",15.866667,-1.933333,CG,AF,small
ION,"Impfondo Airport",18.061943,1.613333,CG,AF,small
KEE,"Kelle Airport",14.533333,-0.083333,CG,AF,small
MKJ,"Makoua Airport",15.576667,-0.020278,CG,AF,small
FTX,"Owando Airport",16.008333,-0.983333,CG,AF,medium
SOE,"Souanke Airport",14.166667,2.0,CG,AF,small
BTB,"Betou Airport",18.5,3.05,CG,AF,small
OUE,"Ouesso Airport",16.04861,1.616667,CG,AF,medium
KMK,"Makabana Airport",12.616667,-3.483333,CG,AF,small
DIS,"Loubomo Airport",12.661389,-4.205556,CG,AF,small
PNR,"Pointe Noire Airport",11.882377,-4.809799,CG,AF,medium
MTS,"Matsapha Airport",31.314133,-26.52033,SZ,AF,medium
FEA,"Fetlar Airport",-0.966667,60.583332,GB,EU,small
CRF,"Carnot Airport",15.933333,4.983333,CF,AF,small
BGF,"Bangui M'Poko International Airport",18.520279,4.396111,CF,AF,medium
BGU,"Bangassou Airport",22.784445,4.786667,CF,AF,small
IRO,"Birao Airport",22.713888,10.186389,CF,AF,small
BEM,"null",17.65,5.266667,CF,AF,small
BBY,"Bambari Airport",20.649721,5.845833,CF,AF,small
NDL,"null",20.6,8.416667,CF,AF,small
BOP,"Bouar Airport",15.666667,6.0,CF,AF,small
BIV,"Bria Airport",21.983334,6.533333,CF,AF,small
BSN,"Bossangoa Airport",17.5,6.583333,CF,AF,small
BBT,"null",15.788056,4.219167,CF,AF,medium
ODA,"Ouadda Airport",22.401667,8.003889,CF,AF,small
AIG,"Yalinga Airport",23.25,6.516667,CF,AF,small
IMO,"Zemio Airport",25.083332,5.033333,CF,AF,small
MKI,"M'Boki Airport",25.95,5.316667,CF,AF,small
BTG,"Batangafo Airport",18.333332,7.416667,CF,AF,small
GDI,"Gordil Airport",21.583332,9.733333,CF,AF,small
BMF,"Bakouma Airport",22.8,5.733333,CF,AF,small
ODJ,"null",22.883333,8.916667,CF,AF,small
RFA,"null",23.966667,4.983333,CF,AF,small
BCF,"Bouca Airport",18.416668,6.75,CF,AF,small
BOZ,"Bozoum Airport",16.583332,6.416667,CF,AF,small
BSG,"Bata Airport",9.802222,1.906667,GQ,AF,medium
SSG,"Malabo Airport",8.716096,3.757791,GQ,AF,medium
ASI,"RAF Ascension Island",-14.4,-7.966667,SH,AF,medium
MRU,"Sir Seewoosagur Ramgoolam International Airport",57.67663,-20.431997,MU,AF,medium
RRG,"Sir Charles Gaetan Duval Airport",63.35,-19.75,MU,AF,medium
FIN,"Finschhafen Airport",147.86389,-6.6275,PG,OC,small
NKW,"Diego Garcia Naval Support Facility",,,IO,AS,medium
NKS,"Nkongsamba Airport",9.933333,4.95,CM,AF,small
KBI,"Kribi Airport",9.916667,2.95,CM,AF,small
TKC,"Tiko Airport",9.333333,4.116667,CM,AF,medium
DLA,"Douala International Airport",9.717018,4.01346,CM,AF,medium
MMF,"Mamfe Airport",9.3,5.716667,CM,AF,small
KLE,"null",14.45,10.116667,CM,AF,small
OUR,"Batouri Airport",14.363611,4.473056,CM,AF,small
GXX,"Yagoua Airport",15.2375,10.358333,CM,AF,small
MVR,"Salak Airport",14.256389,10.452222,CM,AF,medium
FOM,"Foumban Nkounja Airport",10.833333,5.75,CM,AF,medium
NGE,"null",13.561389,7.356389,CM,AF,medium
BTA,"Bertoua Airport",13.7275,4.540833,CM,AF,small
GOU,"Garoua International Airport",13.375556,9.336111,CM,AF,medium
DSC,"Dschang Airport",10.091667,5.833333,CM,AF,small
BFX,"Bafoussam Airport",10.4,5.483333,CM,AF,medium
BPC,"Bamenda Airport",10.15,5.916667,CM,AF,medium
EBW,"Ebolowa Airport",11.166667,2.916667,CM,AF,small
YAO,"null",11.523611,3.833611,CM,AF,medium
NSI,"null",11.550278,3.702222,CM,AF,medium
MMQ,"Mbala Airport",31.336111,-8.857222,ZM,AF,small
CIP,"Chipata Airport",32.587223,-13.556944,ZM,AF,small
ZKP,"Kasompe Airport",150.70778,65.738335,ZM,AF,medium
KLB,"Kalabo Airport",22.644444,-14.975833,ZM,AF,small
KMZ,"Kaoma Airport",24.803333,-14.798889,ZM,AF,small
KAA,"Kasama Airport",31.13,-10.215833,ZM,AF,small
ZKB,"Kasaba Bay Airport",30.659721,-8.522222,ZM,AF,small
LVI,"Livingstone Airport",25.822222,-17.820557,ZM,AF,medium
LXU,"Lukulu Airport",23.2,-14.416667,ZM,AF,small
LUN,"Lusaka International Airport",28.445747,-15.325017,ZM,AF,medium
MNS,"Mansa Airport",28.866667,-11.125,ZM,AF,small
MFU,"Mfuwe Airport",31.933332,-13.266667,ZM,AF,medium
MNR,"Mongu Airport",23.157778,-15.225556,ZM,AF,medium
ZGM,"Ngoma Airport",25.934444,-15.958333,ZM,AF,small
NLA,"Ndola Airport",28.665024,-12.993449,ZM,AF,medium
SXG,"Senanga Airport",23.281944,-16.119444,ZM,AF,small
KIW,"Southdowns Airport",28.230556,-12.839444,ZM,AF,medium
SJQ,"Sesheke Airport",24.283333,-17.483334,ZM,AF,small
SLI,"Solwesi Airport",26.366667,-12.172222,ZM,AF,small
BBZ,"Zambezi Airport",23.11,-13.537222,ZM,AF,small
ULI,"Falalop Island Airport",139.8,10.016667,FM,OC,small
HAH,"Prince Said Ibrahim International Airport",43.27492,-11.537275,KM,AF,medium
NWA,"null",43.767155,-12.298664,KM,AF,medium
YVA,"Iconi Airport",43.261112,-11.531944,KM,AF,small
AJN,"Ouani Airport",44.430473,-12.131109,KM,AF,medium
DZA,"Dzaoudzi Pamandzi International Airport",45.2821,-12.804901,YT,AF,medium
RUN,"Roland Garros Airport",55.511875,-20.892,RE,AF,medium
ZSE,"Pierrefonds Airport",55.42688,-21.320944,RE,AF,medium
WML,"Malaimbandy Airport",45.55,-20.35,MG,AF,small
ATJ,"Antsirabe Airport",47.016666,-19.85,MG,AF,small
WAQ,"Antsalova Airport",44.61667,-18.7,MG,AF,small
VVB,"Mahanoro Airport",48.8,-19.833332,MG,AF,small
TNR,"Ivato Airport",47.47503,-18.799631,MG,AF,medium
JVA,"Ankavandra Airport",45.283333,-18.8,MG,AF,small
BMD,"Belo sur Tsiribihina Airport",44.05,-20.733334,MG,AF,small
ZVA,"Miandrivazo Airport",45.466667,-19.5,MG,AF,medium
MXT,"Maintirano Airport",44.03278,-18.047777,MG,AF,small
ILK,"Atsinanana Airport",47.166668,-20.333332,MG,AF,small
TVA,"Morafenobe Airport",44.919167,-17.849443,MG,AF,small
SMS,"Sainte Marie Airport",49.816666,-17.083332,MG,AF,medium
TMM,"Toamasina Airport",49.392223,-18.11,MG,AF,medium
WTA,"Tambohorano Airport",43.966667,-17.483334,MG,AF,small
MOQ,"Morondava Airport",44.318333,-20.283611,MG,AF,medium
WTS,"Tsiroanomandidy Airport",46.054443,-18.757221,MG,AF,small
VAT,"Vatomandry Airport",48.833332,-19.283333,MG,AF,small
WAM,"Ambatondrazaka Airport",48.433334,-17.8,MG,AF,small
DIE,"Arrachart Airport",49.2925,-12.346111,MG,AF,medium
WMR,"Mananara Nord Airport",49.774967,-16.164106,MG,AF,medium
ZWA,"Andapa Airport",49.61667,-14.65,MG,AF,medium
AMB,"Ambilobe Airport",48.983334,-13.183333,MG,AF,small
WBD,"Avaratra Airport",48.483334,-15.2,MG,AF,small
WPB,"null",47.666668,-15.55,MG,AF,small
ANM,"Antsirabato Airport",50.316666,-15.0,MG,AF,medium
IVA,"Ambanja Airport",48.45778,-13.642222,MG,AF,small
HVA,"Analalava Airport",47.766666,-14.633333,MG,AF,medium
MJN,"Amborovy Airport",46.353058,-15.665833,MG,AF,medium
NOS,"Fascene Airport",48.31389,-13.311111,MG,AF,medium
DWB,"Soalala Airport",45.36667,-16.1,MG,AF,small
WMP,"Mampikony Airport",47.59722,-16.075,MG,AF,small
BPY,"Besalampy Airport",44.483334,-16.75,MG,AF,medium
WMN,"Maroantsetra Airport",49.683334,-15.433333,MG,AF,medium
SVB,"Sambava Airport",50.175,-14.276944,MG,AF,medium
TTS,"Tsaratanana Airport",47.6,-16.733334,MG,AF,small
VOH,"Vohimarina Airport",50.0,-13.366667,MG,AF,medium
WAI,"Ambalabe Airport",47.95,-14.916667,MG,AF,medium
WMA,"Mandritsara Airport",48.833332,-15.833333,MG,AF,small
WBO,"Antsoa Airport",45.13333,-21.6,MG,AF,small
WMD,"Mandabe Airport",44.95,-21.033333,MG,AF,small
FTU,"null",46.955555,-25.038055,MG,AF,medium
WFI,"Fianarantsoa Airport",47.083332,-21.466667,MG,AF,medium
RVA,"Farafangana Airport",47.819443,-22.801945,MG,AF,small
IHO,"Ihosy Airport",46.11667,-22.416668,MG,AF,small
MJA,"Manja Airport",44.316666,-21.416668,MG,AF,small
WVK,"Manakara Airport",48.016666,-22.116667,MG,AF,medium
OVA,"Bekily Airport",45.305,-24.2325,MG,AF,small
MNJ,"Mananjary Airport",48.36667,-21.2,MG,AF,medium
TDV,"Samangoky Airport",43.733334,-21.7,MG,AF,small
MXM,"Morombe Airport",43.37574,-21.751705,MG,AF,medium
TLE,"Toliara Airport",43.724167,-23.389723,MG,AF,medium
BKU,"Betioky Airport",44.39111,-23.732222,MG,AF,small
AMP,"Ampanihy Airport",44.733334,-24.7,MG,AF,small
WAK,"Ankazoabo Airport",44.533333,-22.3,MG,AF,small
AZZ,"Ambriz Airport",13.15,-7.883333,AO,AF,small
SSY,"Mbanza Congo Airport",14.244167,-6.273889,AO,AF,medium
BUG,"Benguela Airport",13.40194,-12.606427,AO,AF,medium
CAB,"Cabinda Airport",12.2,-5.583333,AO,AF,medium
CFF,"Cafunfo Airport",18.0,-8.766667,AO,AF,small
PGI,"Chitato Airport",20.8,-7.333333,AO,AF,small
CBT,"Catumbela Airport",13.483333,-12.483333,AO,AF,medium
CTI,"Cuito Cuanavale Airport",19.166668,-15.166667,AO,AF,small
CXM,"Camaxilo Airport",,,AO,AF,small
CAV,"Cazombo Airport",22.866667,-11.9,AO,AF,small
DUE,"Dundo Airport",20.816668,-7.4,AO,AF,medium
VPE,"Ngjiva Pereira Airport",15.7,-17.05,AO,AF,medium
NOV,"Nova Lisboa Airport",15.757222,-12.805556,AO,AF,medium
SVP,"Kuito Airport",16.956667,-12.404167,AO,AF,medium
LAD,"Quatro De Fevereiro Airport",13.234862,-8.847951,AO,AF,medium
MEG,"Malanje Airport",16.333332,-9.533333,AO,AF,medium
SPP,"Menongue Airport",17.725555,-14.6375,AO,AF,medium
MSZ,"Namibe Airport",12.150872,-15.258293,AO,AF,medium
GXG,"Negage Airport",15.45,-7.783333,AO,AF,medium
PBN,"Porto Amboim Airport",13.75,-10.7,AO,AF,medium
VHC,"Saurimo Airport",20.55,-9.75,AO,AF,medium
SZA,"Soyo Airport",12.375155,-6.140637,AO,AF,medium
NDD,"Sumbe Airport",13.866667,-11.166667,AO,AF,medium
UAL,"Luau Airport",22.5,-11.0,AO,AF,small
SDD,"Lubango Airport",13.576667,-14.924444,AO,AF,medium
LUO,"Luena Airport",20.166668,-11.5,AO,AF,medium
UGO,"Uige Airport",15.15,-7.816667,AO,AF,medium
CEO,"Waco Kungo Airport",15.101389,-11.426389,AO,AF,small
XGN,"Xangongo Airport",14.972222,-16.75,AO,AF,medium
ARZ,"N'zeto Airport",13.5,-7.5,AO,AF,small
BGB,"Booue Airport",11.938889,-0.106667,GA,AF,small
KDN,"Ndende Airport",11.166667,-2.5,GA,AF,small
FOU,"Fougamou Airport",10.783333,-1.2,GA,AF,small
MBC,"M'Bigou Airport",12.0,-2.0,GA,AF,small
MGX,"Moabi Airport",11.0,-2.25,GA,AF,small
KDJ,"Ville Airport",10.766667,-0.15,GA,AF,small
KOU,"Koulamoutou Airport",12.508333,-1.116667,GA,AF,medium
MJL,"Mouilla Ville Airport",10.924167,-1.817778,GA,AF,medium
OYE,"Oyem Airport",11.583333,1.566667,GA,AF,medium
OKN,"Okondja Airport",14.008333,-1.0,GA,AF,medium
LBQ,"Lambarene Airport",10.239444,-0.714722,GA,AF,medium
MVX,"Minvoul Airport",12.133333,2.15,GA,AF,small
BMM,"Bitam Airport",11.490833,2.075833,GA,AF,medium
MFF,"Moanda Airport",13.270833,-1.536944,GA,AF,small
MKB,"Mekambo Airport",13.833333,1.05,GA,AF,small
POG,"Port Gentil Airport",8.753584,-0.719964,GA,AF,medium
OMB,"Omboue Hopital Airport",9.266667,-1.6,GA,AF,medium
MKU,"Makokou Airport",12.861111,0.559167,GA,AF,medium
LBV,"Leon M Ba Airport",9.409852,0.456963,GA,AF,medium
MZC,"Mitzic Airport",11.566667,0.783333,GA,AF,small
MVB,"M'Vengue El Hadj Omar Bongo Ondimba International Airport",13.433333,-1.65,GA,AF,medium
LTL,"Lastourville Airport",12.716667,-0.833333,GA,AF,small
ZKM,"Sette Cama Airport",9.75,-2.533333,GA,AF,small
TCH,"Tchibanga Airport",11.0,-2.816667,GA,AF,small
MYB,"Mayumba Airport",10.683333,-3.45,GA,AF,small
PCP,"Principe Airport",7.416667,1.666667,ST,AF,medium
TMS,"null",6.725,0.378333,ST,AF,medium
ANO,"Angoche Airport",39.936943,-16.177778,MZ,AF,small
BEW,"Beira Airport",34.90192,-19.798805,MZ,AF,medium
FXO,"Cuamba Airport",36.526943,-14.805278,MZ,AF,small
VPY,"Chimoio Airport",33.483334,-19.133333,MZ,AF,medium
IHC,"Inhaca Airport",32.933334,-26.0,MZ,AF,small
INH,"Inhambane Airport",35.408333,-23.874443,MZ,AF,medium
VXC,"Lichinga Airport",35.25,-13.283333,MZ,AF,medium
MPM,"Maputo Airport",32.57429,-25.924389,MZ,AF,medium
MUD,"Mueda Airport",39.516666,-11.666667,MZ,AF,medium
MZB,"null",40.356075,-11.360261,MZ,AF,medium
MNC,"Nacala Airport",40.70861,-14.48,MZ,AF,small
APL,"Nampula Airport",39.287224,-15.101667,MZ,AF,medium
POL,"Pemba Airport",40.5225,-12.988333,MZ,AF,medium
UEL,"Quelimane Airport",36.865555,-17.847221,MZ,AF,medium
TET,"Chingozi Airport",33.63889,-16.103333,MZ,AF,medium
VNX,"Vilankulo Airport",35.283333,-22.016666,MZ,AF,medium
VJB,"Xai-Xai Airport",33.61667,-25.033333,MZ,AF,small
DES,"Desroches Airport",53.683334,-5.683333,SC,AF,small
SEZ,"Seychelles International Airport",55.51128,-4.671275,SC,AF,medium
PRI,"Praslin Airport",55.692314,-4.323883,SC,AF,medium
BDI,"Bird Island Airport",55.216667,-3.716667,SC,AF,small
DEI,"Denis Island Airport",55.666668,-3.8,SC,AF,small
FRK,"null",55.966667,-4.583333,SC,AF,small
SRH,"Sarh Airport",18.383333,9.083333,TD,AF,small
OGR,"Bongor Airport",15.383333,10.289444,TD,AF,small
AEH,"Abeche Airport",20.850834,13.851389,TD,AF,medium
MQQ,"Moundou Airport",16.073334,8.625,TD,AF,medium
LTC,"Lai Airport",16.3,9.416667,TD,AF,small
ATV,"Ati Airport",18.3075,13.242222,TD,AF,small
NDJ,"N'Djamena International Airport",15.034215,12.129056,TD,AF,medium
BKR,"Bokoro Airport",17.233334,12.416667,TD,AF,small
OTC,"Bol Airport",14.733333,13.433333,TD,AF,small
MVO,"Mongo Airport",18.783333,12.2,TD,AF,small
AMC,"Am Timan Airport",20.283333,11.033333,TD,AF,small
PLF,"Pala Airport",14.933333,9.383333,TD,AF,small
OUT,"Bousso Airport",16.716667,10.483333,TD,AF,small
AMO,"Mao Airport",15.316667,14.116667,TD,AF,small
FYT,"Faya Largeau Airport",19.116667,17.916668,TD,AF,medium
BUQ,"Joshua Mqabuko Nkomo International Airport",28.622616,-20.014933,ZW,AF,medium
CHJ,"Chipinge Airport",32.65,-20.2,ZW,AF,small
BFO,"Buffalo Range Airport",31.579166,-21.009167,ZW,AF,medium
VFA,"Victoria Falls International Airport",25.840279,-18.093056,ZW,AF,medium
HRE,"Harare International Airport",31.099249,-17.91863,ZW,AF,medium
KAB,"Kariba International Airport",28.885279,-16.518333,ZW,AF,medium
UTA,"Mutare Airport",32.666668,-18.966667,ZW,AF,small
MVZ,"Masvingo International Airport",30.860556,-20.054167,ZW,AF,medium
GWE,"Thornhill Air Base",29.86111,-19.435833,ZW,AF,medium
HWN,"Hwange National Park Airport",26.518333,-19.3625,ZW,AF,medium
WKI,"Hwange Airport",26.518333,-18.3625,ZW,AF,small
CEH,"Chelinda Malawi Airport",33.8,-10.55,MW,AF,small
BLZ,"Chileka International Airport",34.970833,-15.674722,MW,AF,medium
CMK,"Club Makokola Airport",35.05,-14.3,MW,AF,small
DWA,"Dwangwa Airport",34.13333,-13.0,MW,AF,medium
KGJ,"Karonga Airport",33.892223,-9.957778,MW,AF,medium
KBQ,"Kasungu Airport",13.016667,-33.466667,MW,AF,small
LLW,"Lilongwe International Airport",33.780197,-13.780039,MW,AF,medium
LIX,"Likoma Island Airport",34.733334,-12.083333,MW,AF,small
MAI,"Mangochi Airport",35.25,-14.5,MW,AF,medium
MYZ,"Monkey Bay Airport",34.533333,-14.1,MW,AF,small
LMB,"Salima Airport",34.583332,-13.75,MW,AF,small
ZZU,"Mzuzu Airport",34.01278,-11.442778,MW,AF,medium
LEF,"Lebakeng Airport",28.583332,-29.783333,LS,AF,small
LRB,"Leribe Airport",28.0,-28.966667,LS,AF,small
LES,"Lesobeng Airport",27.666668,-29.666668,LS,AF,small
MFC,"Mafeteng Airport",27.3,-29.75,LS,AF,small
MKH,"Mokhotlong Airport",29.166668,-29.166668,LS,AF,small
MSU,"Moshoeshoe I International Airport",27.505556,-29.30139,LS,AF,medium
NKU,"Nkaus Airport",28.0,-29.5,LS,AF,small
PEL,"Pelaneng Airport",27.916668,-30.55,LS,AF,small
UTG,"Quthing Airport",27.6,-30.5,LS,AF,small
UNE,"Qacha's Nek Airport",27.166668,-30.166668,LS,AF,small
SHK,"Sehonghong Airport",27.833332,-29.475,LS,AF,small
SKQ,"Sekakes Airport",28.166668,-29.65,LS,AF,small
SOK,"Semonkong Airport",28.5,-29.833332,LS,AF,small
SHZ,"Seshutes Airport",28.0,-29.166668,LS,AF,small
THB,"Thaba-Tseka Airport",29.5,-28.833332,LS,AF,small
TKO,"Tlokoeng Airport",28.883333,-29.233334,LS,AF,small
ADI,"Arandis Airport",15.0,-22.4,NA,AF,medium
GOG,"Gobabis Airport",18.974722,-22.504723,NA,AF,small
GFY,"Grootfontein Airport",18.133333,-19.6,NA,AF,medium
MPA,"Katima Mulilo Airport",24.266666,-17.5,NA,AF,small
KMP,"Keetmanshoop Airport",18.1,-26.533611,NA,AF,medium
LUD,"Luderitz Airport",15.243889,-26.68639,NA,AF,medium
OKU,"Mokuti Lodge Airport",17.05,-18.808332,NA,AF,small
NNI,"Namutoni Airport",16.916668,-18.816668,NA,AF,small
OND,"Ondangwa Airport",15.942233,-17.885496,NA,AF,medium
OMG,"Omega Airport",22.066668,-18.0,NA,AF,small
OMD,"Oranjemund Airport",16.45,-28.583332,NA,AF,medium
OKF,"Okaukuejo Airport",16.0,-19.166668,NA,AF,small
NDU,"Rundu Airport",19.723513,-17.955778,NA,AF,medium
SWP,"Swakopmund Airport",14.566667,-22.683332,NA,AF,small
TSB,"Tsumeb Airport",17.733334,-19.266666,NA,AF,medium
WVB,"Walvis Bay Airport",14.517222,-22.978611,NA,AF,medium
ERS,"Eros Airport",17.083332,-22.616667,NA,AF,medium
WDH,"Hosea Kutako International Airport",17.463202,-22.487345,NA,AF,medium
FIH,"Ndjili International Airport",15.447338,-4.389588,CD,AF,medium
NLO,"Ndolo Airport",15.326389,-4.325,CD,AF,medium
MNB,"Muanda Airport",12.352778,-5.926944,CD,AF,small
BOA,"Boma Airport",13.066667,-5.866667,CD,AF,small
LZI,"Luozi Airport",14.0,-4.9,CD,AF,small
MAT,"Tshimpi Airport",13.441667,-5.798333,CD,AF,small
NKL,"Nkolo Fuma Airport",16.466667,-1.983333,CD,AF,small
INO,"Inongo Airport",18.279167,-1.95,CD,AF,small
NIO,"Nioki Airport",17.7,-2.75,CD,AF,small
FDU,"Bandundu Airport",17.383333,-3.305556,CD,AF,medium
KRZ,"Basango Mboliasa Airport",19.0,-1.483333,CD,AF,small
KKW,"Kikwit Airport",18.780277,-5.036111,CD,AF,medium
IDF,"Idiofa Airport",19.6,-5.033333,CD,AF,small
LUS,"Lusanga Airport",18.718885,-4.804654,CD,AF,small
MSM,"Masi Manimba Airport",17.916668,-4.766667,CD,AF,small
MDK,"Mbandaka Airport",18.28861,0.0225,CD,AF,medium
BSU,"Basankusu Airport",19.788889,1.221667,CD,AF,small
LIE,"Libenge Airport",18.63889,3.623611,CD,AF,small
BDT,"Gbadolite Airport",22.45,4.083333,CD,AF,medium
GMA,"Gemena Airport",19.77111,3.235278,CD,AF,medium
KLI,"Kotakoli Airport",21.75,-4.166667,CD,AF,small
BMB,"Bumbar Airport",22.481667,2.182778,CD,AF,small
LIQ,"Lisala Airport",21.496668,2.170556,CD,AF,medium
BNB,"Boende Airport",20.883972,-0.286845,CD,AF,small
IKL,"Ikela Airport",23.666668,-1.666667,CD,AF,small
FKI,"Bangoka International Airport",25.338057,0.481667,CD,AF,medium
YAN,"Yangambi Airport",24.4,0.783333,CD,AF,small
IRP,"Matari Airport",27.588333,2.8275,CD,AF,medium
BUX,"Bunia Airport",30.220833,1.565833,CD,AF,medium
BZU,"Buta Zega Airport",24.733334,2.8,CD,AF,medium
BKY,"Bukavu Kavumu Airport",28.808804,-2.308978,CD,AF,medium
GOM,"Goma International Airport",29.23835,-1.669921,CD,AF,medium
BNC,"Beni Airport",29.47018,0.577121,CD,AF,small
KND,"Kindu Airport",25.915277,-2.919167,CD,AF,medium
KLY,"Kinkungwa Airport",26.533333,-2.55,CD,AF,small
PUN,"Punia Airport",26.333332,-1.366667,CD,AF,small
FBM,"Lubumbashi International Airport",27.529167,-11.590833,CD,AF,medium
PWO,"Pweto Airport",28.9,-8.466667,CD,AF,small
KEC,"Kasenga Airport",28.75,-10.333333,CD,AF,small
KWZ,"Kolwezi Airport",25.506945,-10.766667,CD,AF,medium
MNO,"Manono Airport",27.393888,-7.288056,CD,AF,small
BDV,"Moba Airport",29.8,-7.0,CD,AF,small
FMI,"Kalemie Airport",29.25,-5.875556,CD,AF,medium
KBO,"Kabalo Airport",26.916668,-6.088056,CD,AF,small
KOO,"Kongolo Airport",26.990873,-5.394122,CD,AF,small
KMN,"Kamina Base Airport",25.25,-8.641111,CD,AF,medium
KAP,"Kapanga Airport",22.666668,-8.5,CD,AF,small
KNM,"Kaniama Airport",24.183332,-7.516667,CD,AF,small
KGA,"Kananga Airport",22.469168,-5.922,CD,AF,medium
LZA,"Luiza Airport",22.5,-7.666667,CD,AF,small
TSH,"Tshikapa Airport",20.794327,-6.437853,CD,AF,small
LJA,"Lodja Airport",23.61884,-3.46296,CD,AF,small
LBO,"Lusambo Airport",23.45,-4.966667,CD,AF,small
MEW,"Mweka Airport",21.566668,-4.85,CD,AF,small
BAN,"Basongo Airport",20.428057,-4.313333,CD,AF,small
PFR,"Ilebo Airport",20.583332,-4.316667,CD,AF,small
MJM,"Mbuji Mayi Airport",23.633333,-6.15,CD,AF,medium
GDJ,"Gandajika Airport",23.966667,-6.766667,CD,AF,small
KBN,"Tunta Airport",24.533333,-6.116667,CD,AF,small
AKE,"Akieni Airport",13.916667,-1.172222,GA,AF,small
GAX,"Gamba Airport",9.983333,-2.766667,GA,AF,small
BKO,"Senou Airport",-7.947951,12.540926,ML,AF,medium
GUD,"Goundam Airport",-3.609722,16.3575,ML,AF,small
GAQ,"Gao Airport",-0.001389,16.248611,ML,AF,medium
KNZ,"Kenieba Airport",-11.2525,12.843333,ML,AF,small
KTX,"Koutiala Airport",-5.383333,12.416667,ML,AF,small
KYS,"Kayes Dag Dag Airport",-11.439444,14.431944,ML,AF,medium
MZI,"Ambodedjo Airport",-4.085,14.508333,ML,AF,medium
NRM,"Nara Airport",-7.283333,15.25,ML,AF,small
NIX,"Nioro du Sahel Airport",-9.577222,15.239167,ML,AF,small
KSS,"Sikasso Airport",-5.583333,11.3,ML,AF,small
TOM,"Timbuktu Airport",-3.005278,16.732222,ML,AF,medium
EYL,"null",-10.566667,15.133333,ML,AF,small
DOC,"Dornoch Airport",-4.033333,57.86667,GB,EU,small
FLH,"Flotta Isle Airport",-3.0,58.5,GB,EU,small
FOA,"Foula Airport",-2.083333,60.166668,GB,EU,small
OUK,"Outer Skerries Airport",-0.75,60.416668,GB,EU,medium
PSV,"Papa Stour Airport",-1.7,60.316666,GB,EU,small
ULL,"Glenforsa Airfield",-6.0,56.45,GB,EU,small
BJL,"Banjul International Airport",-16.6522,13.34406,GM,AF,medium
FUE,"Fuerteventura Airport",-13.869893,28.450605,ES,EU,medium
GMZ,"La Gomera Airport",-17.2,28.016666,ES,EU,small
VDE,"Hierro Airport",-17.884937,27.813969,ES,EU,medium
SPC,"La Palma Airport",-17.755556,28.626389,ES,EU,medium
LPA,"Gran Canaria Airport",-15.389351,27.938944,ES,EU,large
ACE,"Lanzarote Airport",-13.609059,28.950668,ES,EU,medium
TFS,"Tenerife South Airport",-16.5725,28.044443,ES,EU,large
TFN,"Tenerife Norte Airport",-16.345982,28.488056,ES,EU,large
MLN,"Melilla Airport",-2.957473,35.277077,ES,EU,medium
BTE,"Sherbro International Airport",-12.008333,7.0,SL,AF,medium
KBS,"Bo Airport",-11.761944,7.943889,SL,AF,medium
GBK,"Gbangbatok Airport",-12.366667,7.8,SL,AF,small
HGS,"Hastings Airport",-13.13,8.393056,SL,AF,small
KBA,"Kabala Airport",-12.0,9.333333,SL,AF,small
KEN,"Kenema Airport",-11.183333,7.883333,SL,AF,medium
FNA,"Lungi International Airport",-13.196944,8.6175,SL,AF,medium
WYE,"Yengema Airport",-11.058889,8.616667,SL,AF,medium
BQE,"Bubaque Airport",-15.85,11.3,GW,AF,small
OXB,"Osvaldo Vieira International Airport",-15.657222,11.888889,GW,AF,medium
UCN,"Buchanan Airport",-10.033333,5.95,LR,AF,small
CPA,"Cape Palmas Airport",-7.695556,4.376667,LR,AF,small
SNI,"Greenville Sinoe Airport",-9.063611,5.033056,LR,AF,small
UCN,"Lamco Airport",-10.033333,5.95,LR,AF,small
MLW,"Spriggs Payne Airport",-10.758333,6.289444,LR,AF,medium
NIA,"Nimba Airport",-8.591667,7.491111,LR,AF,small
ROB,"Roberts International Airport",-10.358889,6.239722,LR,AF,medium
SAZ,"Sasstown Airport",-8.433333,4.666667,LR,AF,small
THC,"Tchien Airport",-8.133333,6.066667,LR,AF,small
VOI,"Voinjama Airport",-9.75,8.416667,LR,AF,small
AGA,"Al Massira Airport",-9.4131,30.325,MA,AF,medium
TTA,"Tan Tan Airport",-11.083333,28.45,MA,AF,medium
OZG,"Zagora Airport",-5.852456,30.267143,MA,AF,small
UAR,"Bouarfa Airport",51.538563,51.15371,MA,AF,medium
FEZ,"null",-4.982138,33.93079,MA,AF,medium
ERH,"Moulay Ali Cherif Airport",-4.4,31.95,MA,AF,medium
MEK,"Bassatine Airport",-5.533333,33.88333,MA,AF,medium
OUD,"Angads Airport",-1.933333,34.783333,MA,AF,medium
SMW,"Smara Airport",-11.683333,26.733334,EH,AF,medium
GMD,"Ben Slimane Airport",,,MA,AF,small
CAS,"Anfa Airport",-7.663056,33.559723,MA,AF,small
RBA,"null",-6.748619,34.036137,MA,AF,medium
SII,"Sidi Ifni Xx Airport",-10.2,29.4,MA,AF,small
VIL,"Dakhla Airport",-15.935,23.713333,EH,AF,medium
ESU,"Mogador Airport",-9.681667,31.3975,MA,AF,small
EUN,"Hassan I Airport",-13.216667,27.133333,EH,AF,medium
CMN,"Mohammed V International Airport",-7.586667,33.36667,MA,AF,large
SFI,"Safi Airport",-9.333333,32.3,MA,AF,small
NDR,"Nador International Airport",-3.028333,34.988888,MA,AF,medium
RAK,"Menara Airport",-8.026902,31.601875,MA,AF,medium
NNA,"Kenitra Airport",-6.666667,34.266666,MA,AF,medium
OZZ,"Ouarzazate Airport",-6.916667,30.916668,MA,AF,medium
AHU,"Cherif Al Idrissi Airport",-3.836944,35.17972,MA,AF,medium
TTU,"Saniat Rmel Airport",-5.316667,35.583332,MA,AF,medium
TNG,"Ibn Batouta Airport",-5.912898,35.726288,MA,AF,medium
GNU,"Goodnews Airport",-161.58055,59.1125,US,NA,small
KDA,"Kolda North Airport",-14.966667,12.883333,SN,AF,small
ZIG,"Ziguinchor Airport",-16.275833,12.556111,SN,AF,medium
CSK,"Cap Skirring Airport",-16.744122,12.392154,SN,AF,medium
KLC,"Kaolack Airport",-16.5,14.083333,SN,AF,medium
DKR,"null",-17.490194,14.744975,SN,AF,large
MAX,"Ouro Sogui Airport",-13.323611,15.593056,SN,AF,medium
POD,"Podor Airport",-14.966667,16.666668,SN,AF,small
RDT,"Richard Toll Airport",-15.657222,16.437222,SN,AF,small
XLS,"Saint Louis Airport",-16.460278,16.050278,SN,AF,medium
BXE,"Bakel Airport",-12.467778,14.841667,SN,AF,medium
KGG,"null",-12.217222,12.570833,SN,AF,medium
SMY,"Simenti Airport",-13.166667,13.166667,SN,AF,small
TUD,"Tambacounda Airport",-13.658333,13.736111,SN,AF,medium
AEO,"Aioun el Atrouss Airport",-9.635556,16.709167,MR,AF,small
OTL,"Boutilimit Airport",-14.666667,17.75,MR,AF,small
THI,"Tichitt Airport",-9.5,18.45,MR,AF,small
TIY,"Tidjikja Airport",-11.416667,18.566668,MR,AF,small
BGH,"Abbaye Airport",-14.2,16.633333,MR,AF,small
KFA,"Kiffa Airport",-11.405278,16.588888,MR,AF,small
TMD,"Timbedra Airport",-8.154167,16.236668,MR,AF,small
EMN,"null",-7.283333,16.6,MR,AF,small
AJJ,"Akjoujt Airport",-14.374444,19.730556,MR,AF,small
KED,"null",-13.507778,16.161388,MR,AF,small
MOM,"Letfotar Airport",-12.5,17.75,MR,AF,small
NKC,"Nouakchott International Airport",-15.952041,18.098148,MR,AF,medium
SEY,"null",-12.206111,15.182222,MR,AF,small
THT,"Tamchakett Airport",-10.816667,17.233334,MR,AF,small
ATR,"Atar International Airport",-13.046389,20.499443,MR,AF,medium
FGD,"Fderik Airport",-12.731944,22.675,MR,AF,small
NDB,"Nouadhibou International Airport",-17.028334,20.934168,MR,AF,medium
OUZ,"Tazadit Airport",-12.35,22.733334,MR,AF,small
JSS,"Spetsai Airport",23.166668,37.25,GR,EU,small
CIQ,"Chiquimula Airport",-89.61667,14.85,GT,NA,small
DON,"Dos Lagunas Airport",-89.666664,17.633333,GT,NA,small
ENJ,"El Naranjo Airport",-90.166664,17.333332,GT,NA,small
PCG,"Paso Caballos Airport",-90.24722,17.26,GT,NA,small
LCF,"Las Vegas Airport",-88.94778,15.667778,GT,NA,small
TKM,"null",-89.605,17.226389,GT,NA,small
UAX,"Uaxactun Airport",-89.632774,17.393888,GT,NA,small
PKJ,"Playa Grande Airport",-90.76195,15.6425,GT,NA,small
GTZ,"Kirawira B Aerodrome",34.225555,-2.160833,TZ,AF,small
CKY,"Conakry Airport",-13.62017,9.575655,GN,AF,medium
FIG,"Fria Airport",-13.566667,10.35,GN,AF,medium
FAA,"Faranah Airport",-10.75,10.033333,GN,AF,medium
KSI,"Kissidougou Airport",-10.1,9.183333,GN,AF,small
LEK,"Labe Airport",-12.297222,11.333333,GN,AF,medium
MCA,"Macenta Airport",-9.466667,8.55,GN,AF,small
NZE,"Nzerekore Airport",-8.702778,7.808333,GN,AF,small
BKJ,"Boke Airport",-14.283333,10.966667,GN,AF,small
SBI,"Sambailo Airport",-13.3,12.483333,GN,AF,small
GII,"Siguiri Airport",-9.166667,11.516667,GN,AF,small
KNN,"Kankan Airport",-9.305556,10.3975,GN,AF,small
SID,"null",-22.943613,16.734695,CV,AF,medium
NTO,"Agostinho Neto Airport",-25.083332,17.066668,CV,AF,small
BVC,"Rabil Airport",-22.833332,16.083332,CV,AF,medium
MMO,"Maio Airport",-23.166668,15.25,CV,AF,medium
MTI,"Mosteiros Airport",-24.433332,15.0,CV,AF,small
RAI,"Praia International Airport",-23.486567,14.945321,CV,AF,medium
SFL,"null",-24.516666,14.9,CV,AF,small
SNE,"null",-24.28861,16.586945,CV,AF,medium
VXE,"null",-25.057571,16.835613,CV,AF,medium
BCG,"Bemichi Airport",-58.55,6.55,GY,SA,small
BTO,"Botopasi Airport",-55.45,4.25,SR,SA,small
DOE,"Djumu-Djomoe Airport",-55.483334,4.016667,SR,SA,small
LDO,"Ladouanie Airport",-55.233334,4.216667,SR,SA,small
WSO,"Washabo Airport",-57.183334,5.216667,SR,SA,small
ADD,"Bole International Airport",38.7959,8.983759,ET,AF,medium
AMH,"Arba Minch Airport",37.576942,6.036111,ET,AF,medium
AXU,"Axum Airport",38.716667,14.120833,ET,AF,medium
BCO,"Baco Airport",36.55,5.783333,ET,AF,small
BJR,"Bahir Dar Airport",37.32324,11.603292,ET,AF,medium
BEI,"Beica Airport",34.533333,9.391667,ET,AF,small
DSE,"Combolcha Airport",39.71528,11.075,ET,AF,small
DEM,"Dembidollo Airport",34.88333,8.571111,ET,AF,small
DBM,"Debra Marcos Airport",37.743057,10.319444,ET,AF,small
DIR,"Aba Tenna Dejazmach Yilma International Airport",41.857994,9.61338,ET,AF,medium
DBT,"Debre Tabor Airport",38.025276,11.968056,ET,AF,small
FNH,"Fincha Airport",37.433334,9.583333,ET,AF,small
GOB,"Robe Airport",39.980556,7.013889,ET,AF,small
GNN,"Ghinnir Airport",40.716667,7.15,ET,AF,small
GMB,"Gambella Airport",34.583332,8.283333,ET,AF,medium
GDQ,"Gonder Airport",37.445557,12.514444,ET,AF,medium
GDE,"Gode Airport",43.628334,5.902222,ET,AF,medium
GOR,"Gore Airport",35.538055,8.155556,ET,AF,small
QHR,"Harar Meda Airport",,,ET,AF,medium
HUE,"Humera Airport",36.583332,14.25,ET,AF,small
JIM,"Jimma Airport",36.82111,7.654444,ET,AF,medium
ABK,"Kabri Dehar Airport",44.26611,6.733889,ET,AF,small
LFO,"Kelafo East Airport",44.333332,5.666667,ET,AF,small
AWA,"Awassa Airport",38.4875,7.061111,ET,AF,small
LLI,"Lalibella Airport",39.066666,12.016667,ET,AF,small
MQX,"Mekele Airport",39.52639,13.468333,ET,AF,medium
NDM,"Mendi Airport",35.083332,9.816667,ET,AF,small
MTF,"Mizan Teferi Airport",35.533333,6.966667,ET,AF,small
NEJ,"Nejjo Airport",35.466667,9.5,ET,AF,small
NEK,"Nekemte Airport",36.5,9.066667,ET,AF,small
SXU,"Soddu Airport",37.775,6.836111,ET,AF,small
ASO,"Asosa Airport",34.536667,10.047222,ET,AF,medium
TIE,"Tippi Airport",35.41528,7.201111,ET,AF,small
WAC,"Waca Airport",37.166668,7.166667,ET,AF,small
BJM,"Bujumbura International Airport",29.366667,-3.383333,BI,AF,medium
GID,"Gitega Airport",29.916668,-3.416667,BI,AF,small
ALU,"Alula Airport",50.8,11.966667,SO,AF,small
BIB,"Baidoa Airport",43.63333,3.066667,SO,AF,small
CXN,"Candala Airport",49.916668,11.5,SO,AF,small
HCM,"Eil Airport",49.8,7.916667,SO,AF,small
BSA,"Bosaso Airport",49.15,11.283333,SO,AF,small
GSR,"Gardo Airport",49.05,9.5,SO,AF,small
HGA,"Egal International Airport",44.091667,9.515833,SO,AF,medium
BBO,"Berbera Airport",45.00639,10.419444,SO,AF,medium
KMU,"Kisimayu Airport",42.461792,-0.377185,SO,AF,medium
MGQ,"Aden Adde International Airport",45.31333,2.013333,SO,AF,medium
CMO,"Obbia Airport",48.516666,5.366667,SO,AF,small
GLK,"Galcaio Airport",47.433334,6.766667,SO,AF,small
CMS,"Scusciuban Airport",50.233334,10.3,SO,AF,small
ERA,"Erigavo Airport",47.4,10.616667,SO,AF,small
BUO,"Burao Airport",45.55417,9.5225,SO,AF,small
JIB,"Djibouti-Ambouli Airport",43.149677,11.552361,DJ,AF,medium
AII,"Ali-Sabieh Airport",42.716667,11.15,DJ,AF,small
MHI,"Moucha Airport",43.0,11.0,DJ,AF,small
OBC,"Obock Airport",43.266666,11.983333,DJ,AF,small
TDJ,"Tadjoura Airport",42.9,11.783333,DJ,AF,small
SEW,"Siwa Oasis North Airport",25.50645,29.33371,EG,AF,small
DBB,"El Alamein International Airport",28.46139,30.924444,EG,AF,medium
AAC,"El Arish International Airport",33.832287,31.076414,EG,AS,medium
ATZ,"Assiut International Airport",31.0,27.033333,EG,AF,medium
ALY,"El Nouzha Airport",29.953058,31.192545,EG,AF,medium
HBE,"Borg El Arab International Airport",29.686504,30.922234,EG,AF,medium
ABS,"Abu Simbel Airport",31.609774,22.367567,EG,AF,medium
CAI,"Cairo International Airport",31.40647,30.120106,EG,AF,large
CWE,"Cairo West Airport",,,EG,AF,medium
DAK,"Dakhla Airport",28.999166,25.414722,EG,AF,small
HRG,"Hurghada International Airport",33.8055,27.189156,EG,AF,large
EGH,"El Gora Airport",,,EG,AS,medium
UVL,"El Kharga Airport",30.590834,25.475,EG,AF,small
LXR,"Luxor International Airport",32.699684,25.67492,EG,AF,medium
RMF,"Marsa Alam International Airport",34.592777,25.555786,EG,AF,medium
HMB,"Sohag International Airport",31.737167,26.338877,EG,AF,medium
MUH,"Mersa Matruh Airport",27.25,31.35,EG,AF,medium
GSQ,"Shark El Oweinat International Airport",28.716667,22.583332,EG,AF,small
PSD,"Port Said Airport",32.3,31.266666,EG,AF,medium
SKV,"St Catherine International Airport",34.0625,28.685278,EG,AS,medium
SSH,"Sharm El Sheikh International Airport",34.385254,27.979357,EG,AS,medium
ASW,"Aswan International Airport",32.824818,23.968021,EG,AF,medium
TCP,"Taba International Airport",34.916668,29.55,EG,AS,medium
ELT,"El Tor Airport",33.63333,28.216667,EG,AS,small
HGI,"Palogue Airport",,,SS,AF,small
ASM,"Asmara International Airport",38.91028,15.291111,ER,AF,medium
MSW,"Massawa International Airport",39.441113,15.603333,ER,AF,medium
ASA,"Assab International Airport",42.638332,13.07,ER,AF,medium
TES,"Tessenei Airport",36.683334,15.116667,ER,AF,small
HIA,"Lianshui Airport",119.12778,33.7875,CN,AS,medium
HIL,"Shilavo Airport",44.766666,6.083333,ET,AF,small
ASV,"Amboseli Airport",37.25,-2.633333,KE,AF,medium
EDL,"Eldoret International Airport",35.2236,0.4054,KE,AF,medium
EYS,"Eliye Springs Airport",35.966667,3.25,KE,AF,small
KLK,"Kalokol Airport",25.783333,-6.783333,KE,AF,small
GAS,"Garissa Airport",39.65,-0.45,KE,AF,small
HOA,"Hola Airport",40.0,-1.0,KE,AF,small
NBO,"Jomo Kenyatta International Airport",36.92578,-1.319167,KE,AF,large
GGM,"Kakamega Airport",34.783333,0.266425,KE,AF,small
KIS,"Kisumu Airport",34.7375,-0.084946,KE,AF,medium
ILU,"Kilaguni Airport",38.05,-2.9,KE,AF,small
KEY,"Kericho Airport",35.283333,-0.366667,KE,AF,small
KTL,"Kitale Airport",34.959248,0.974111,KE,AF,medium
LKG,"Lokichoggio Airport",34.35,4.233333,KE,AF,medium
LOK,"Lodwar Airport",35.6,3.15,KE,AF,medium
LAU,"Manda Airstrip",40.911667,-2.25,KE,AF,medium
LOY,"Loyengalani Airport",36.716667,2.75,KE,AF,small
NDE,"Mandera Airport",41.86667,3.933333,KE,AF,small
RBT,"Segel Airport",37.983334,2.333333,KE,AF,small
MYD,"Malindi Airport",40.10048,-3.230755,KE,AF,medium
MBA,"Mombasa Moi International Airport",39.60325,-4.0327,KE,AF,large
MRE,"Mara Serena Lodge Airstrip",35.05885,-1.300368,KE,AF,medium
OYL,"Moyale Airport",39.05,3.533333,KE,AF,small
NYE,"Nyeri Airport",36.95,-0.416667,KE,AF,small
NUU,"Nakuru Airport",36.15,-0.3,KE,AF,small
WIL,"Nairobi Wilson Airport",36.813248,-1.318018,KE,AF,medium
NYK,"Nanyuki Airport",37.066666,0.016667,KE,AF,medium
UAS,"Samburu South Airport",37.55,0.466667,KE,AF,small
UKA,"Ukunda Airstrip",39.566666,-4.3,KE,AF,small
WJR,"Wajir Airport",40.6,1.766667,KE,AF,medium
SRX,"Gardabya Airport",16.612036,31.060917,LY,AF,medium
TOB,"Gamal Abdel Nasser Airport",23.917221,31.854168,LY,AF,small
GHT,"Ghat Airport",10.166667,24.966667,LY,AF,medium
AKF,"Kufra Airport",23.333332,24.2,LY,AF,medium
BEN,"Benina International Airport",20.26489,32.085423,LY,AF,medium
MJI,"Mitiga Airport",13.277778,32.89722,LY,AF,medium
LAQ,"La Abraq Airport",21.964167,32.788612,LY,AF,medium
SEB,"Sabha Airport",14.4625,27.016666,LY,AF,medium
TIP,"Tripoli International Airport",13.144279,32.66989,LY,AF,large
LMQ,"Marsa Brega Airport",19.579445,30.379444,LY,AF,medium
HUQ,"Hon Airport",15.5,29.5,LY,AF,small
LTD,"Ghadames East Airport",9.509722,30.129168,LY,AF,medium
WAX,"Zwara Airport",-55.38333,51.216667,LY,AF,small
GYI,"Gisenyi Airport",29.25,-1.683333,RW,AF,medium
BTQ,"Butare Airport",29.733334,-2.6,RW,AF,small
KGL,"Kigali International Airport",30.135014,-1.963042,RW,AF,medium
RHG,"Ruhengeri Airport",29.6,-1.5,RW,AF,small
KME,"Kamembe Airport",28.916668,-2.466667,RW,AF,medium
ATB,"Atbara Airport",34.016666,17.716667,SD,AF,small
EDB,"El Debba Airport",30.833332,18.283333,SD,AF,small
DOG,"Dongola Airport",30.45,19.183332,SD,AF,medium
ELF,"El Fasher Airport",25.316668,13.616667,SD,AF,medium
GSU,"Azaza Airport",35.466667,14.033333,SD,AF,small
DNX,"Galegu Airport",33.066666,14.1,SD,AF,small
EGN,"Geneina Airport",22.469444,13.4875,SD,AF,small
KSL,"Kassala Airport",36.34222,15.390278,SD,AF,medium
GBU,"Khashm El Girba Airport",35.88889,14.926389,SD,AF,small
KST,"Kosti Airport",32.716667,13.133333,SD,AF,small
KDX,"Kadugli Airport",,,SD,AF,small
MWE,"Merowe Airport",31.833332,18.45,SD,AF,small
NUD,"En Nahud Airport",28.416668,12.75,SD,AF,small
UYL,"Nyala Airport",24.894722,12.071667,SD,AF,small
NHF,"New Halfa Airport",35.733334,15.35,SD,AF,small
EBD,"El Obeid Airport",30.234167,13.159722,SD,AF,medium
PZU,"Port Sudan New International Airport",37.21389,19.577778,SD,AF,medium
JUB,"Juba Airport",31.601692,4.866198,SS,AF,medium
MAK,"Malakal Airport",31.644444,9.555556,SS,AF,medium
KRT,"Khartoum International Airport",32.549698,15.592217,SD,AF,large
WHF,"Wadi Halfa Airport",31.5,21.75,SD,AF,small
WUU,"Wau Airport",27.985277,7.746389,SS,AF,medium
ARK,"Arusha Airport",36.683334,-3.366667,TZ,AF,medium
BKZ,"Bukoba Airport",31.82253,-1.331923,TZ,AF,small
DAR,"Mwalimu Julius K. Nyerere International Airport",39.20211,-6.873533,TZ,AF,medium
DOD,"Dodoma Airport",35.75028,-6.166667,TZ,AF,medium
IRI,"Iringa Airport",35.75028,-7.670556,TZ,AF,medium
TKQ,"Kigoma Airport",29.67,-4.885,TZ,AF,small
KIY,"Kilwa Masoko Airport",39.511665,-8.911944,TZ,AF,small
JRO,"Kilimanjaro International Airport",37.065342,-3.424123,TZ,AF,medium
LDI,"Kikwetu Airport",39.759445,-9.845833,TZ,AF,small
LKY,"Lake Manyara Airport",35.82021,-3.375889,TZ,AF,medium
MFA,"Mafia Island Airport",39.665,-7.913889,TZ,AF,small
MBI,"Mbeya Airport",33.45886,-8.916634,TZ,AF,small
MWN,"Mwadui Airport",33.6,-3.55,TZ,AF,small
XMI,"Masasi Airport",38.8,-10.716667,TZ,AF,small
QSI,"Moshi Airport",,,TZ,AF,small
MYW,"Mtwara Airport",40.19361,-10.338889,TZ,AF,medium
MUZ,"Musoma Airport",33.8,-1.497222,TZ,AF,small
MWZ,"Mwanza Airport",32.923225,-2.441221,TZ,AF,medium
NCH,"Nachingwea Airport",38.775,-10.363889,TZ,AF,small
JOM,"Njombe Airport",34.77139,-9.354444,TZ,AF,small
PMA,"Pemba Airport",39.81262,-5.258731,TZ,AF,medium
SEU,"Seronera Airport",34.821545,-2.4567,TZ,AF,small
SGX,"Songea Airport",35.5775,-10.686667,TZ,AF,small
SUT,"Sumbawanga Airport",31.616667,-7.966667,TZ,AF,small
SHY,"Shinyanga Airport",33.504486,-3.608185,TZ,AF,small
TBO,"Tabora Airport",32.8375,-5.0725,TZ,AF,small
TGT,"Tanga Airport",39.07028,-5.089444,TZ,AF,medium
ZNZ,"Zanzibar Airport",39.221184,-6.218466,TZ,AF,medium
RUA,"Arua Airport",30.933332,3.033333,UG,AF,medium
EBB,"Entebbe International Airport",32.443184,0.045111,UG,AF,medium
ULU,"Gulu Airport",32.3,2.783333,UG,AF,medium
JIN,"Jinja Airport",33.192223,0.456389,UG,AF,small
KBG,"Kabalega Falls Airport",31.500895,2.329142,UG,AF,small
KSE,"Kasese Airport",30.100834,0.185556,UG,AF,small
MBQ,"Mbarara Airport",30.65,-0.616667,UG,AF,small
KCU,"Masindi Airport",31.716667,1.683333,UG,AF,small
SRT,"Soroti Airport",33.61667,1.7,UG,AF,medium
TRY,"Tororo Airport",34.183334,0.7,UG,AF,small
IBL,"Indigo Bay Lodge Airport",,,MZ,AF,medium
PPJ,"Pulau Panjang Airport",103.3,-0.633333,ID,AS,small
AAS,"Apalapsili Airport",139.25,-3.916667,ID,AS,small
AGD,"Anggi Airport",133.86667,-1.383333,ID,AS,small
AKQ,"Gunung Batin Airport",105.23333,-4.616667,ID,AS,small
AYW,"Ayawasi Airport",132.5,-1.2,ID,AS,small
BJG,"Boalang Airport",122.1,-0.95,ID,AS,small
BXM,"Batom Airport",140.85,-4.116667,ID,AS,small
DRH,"Dabra Airport",138.56667,-3.25,ID,AS,small
ELR,"Elelim Airport",140.06667,-3.816667,ID,AS,small
EWE,"Ewer Airport",138.08333,-5.483333,ID,AS,small
FOO,"Kornasoren Airfield",134.9,-1.05,ID,AS,small
GAV,"Gag Island Airport",130.88333,-26.0,ID,AS,small
IUL,"Ilu Airport",138.16667,-3.733333,ID,AS,small
KBF,"Karubaga Airport",138.45,-3.716667,ID,AS,small
KBX,"Kambuaya Airport",132.25,-1.0,ID,AS,small
KCD,"Kamur Airport",138.71666,-6.2,ID,AS,small
KCI,"Kon Airport",127.05,-8.35,TL,AS,small
KEA,"Keisah Airport",140.03334,-7.033333,ID,AS,small
KMM,"Kiman Airport",136.16667,-3.666667,ID,AS,small
KOD,"Kotabangun Airport",116.583336,-0.266667,ID,AS,small
KRC,"Kerinici airport",101.25,-1.716667,ID,AS,small
KWB,"Karimunjawa Airport",110.5,-5.833333,ID,AS,small
LLN,"Kelila Airport",138.66667,-3.75,ID,AS,small
LWE,"Lewoleba Airport",124.4387,-8.361607,ID,AS,small
LYK,"Lunyuk Airport",117.26667,-9.0,ID,AS,small
MJY,"Mangunjaya Airport",103.566666,-2.733333,ID,AS,small
MPT,"Maliana airport",125.25,-8.066667,ID,AS,small
MSI,"Masalembo Airport",114.433334,-5.583333,ID,AS,small
MUF,"Muting Airport",140.33333,-7.5,ID,AS,small
NAF,"Banaina Airport",117.05,2.75,ID,AS,small
NDA,"Bandanaira Airport",129.9,-4.533333,ID,AS,small
OBD,"Obano Airport",136.2,-3.9,ID,AS,small
PPJ,"Pulau Panjang Airport",103.3,-0.633333,ID,AS,small
PUM,"Pomala Airport",121.61667,-4.183333,ID,AS,small
PWL,"Purwokerto Airport",109.15,-7.466667,ID,AS,small
RAQ,"Sugimanuru Airport",122.583336,-4.916667,ID,AS,small
RKI,"Rokot Airport",100.75,-0.95,ID,AS,small
RTI,"Roti Airport",122.96667,-10.883333,ID,AS,small
RUF,"Yuruf Airport",140.93333,-3.633333,ID,AS,small
RZS,"Sawan Airport",68.86667,26.966667,ID,AS,small
SAE,"Sangir Airport",-51.632145,70.811455,ID,AS,small
TBM,"Tumbang Samba Airport",112.583336,-3.25,ID,AS,small
TMY,"Tiom Airport",138.41667,-3.95,ID,AS,small
ZEG,"Senggo Airport",139.36667,-5.983333,ID,AS,small
ZGP,"Zugapa Airport",,,ID,AS,medium
IOR,"Kilronan Airport",-9.75,53.11667,IE,EU,small
CHE,"Reeroe Airport",-10.233333,51.933334,IE,EU,small
VDY,"Vijayanagar Aerodrome (JSW)",,,IN,AS,small
JGB,"Jagdalpur Airport",82.03333,19.066668,IN,AS,small
NVY,"Neyveli Airport",79.433334,11.6,IN,AS,small
RJI,"Rajouri Airport",74.3025,33.36861,IN,AS,small
TEI,"Tezu Airport",96.13333,27.95,IN,AS,small
KHA,"Khaneh Airport",45.15,36.733334,IR,AS,small
GSM,"Gheshm Airport",55.905277,26.757778,IR,AS,small
JGD,"Jiagedaqi Airport",124.11667,50.370556,CN,AS,medium
JIC,"Jinchuan Airport",102.34861,38.541943,CN,AS,small
JIQ,"Qianjiang Wulingshan Airport",108.829185,29.517557,CN,AS,medium
AMK,"Animas Air Park",-107.75,37.15,US,NA,small
RLA,"Rolla Downtown Airport",-91.77805,38.127777,US,NA,small
FID,"Elizabeth Field",-72.0,41.0,US,NA,small
AHD,"Ardmore Downtown Executive Airport",-97.13333,34.166668,US,NA,small
GCW,"Grand Canyon West Airport",-113.815674,35.988804,US,NA,small
RKC,"Montague-Yreka Rohrer Field",-122.63333,41.733334,US,NA,small
GNF,"Gansner Field",-89.93228,33.975307,US,NA,small
AHF,"Arapahoe Municipal Airport",-99.9,40.3,US,NA,small
GTP,"Grants Pass Airport",-123.388695,42.50926,US,NA,small
GCD,"Grand Coulee Dam Airport",,,US,NA,small
FPY,"Perry Foley Airport",-83.583336,30.116667,US,NA,small
FHB,"Fernandina Beach Municipal Airport",,,US,NA,small
BLD,"Boulder City Municipal Airport",-114.85936,35.947018,US,NA,small
AAF,"Apalachicola Regional Airport",-84.98333,29.733334,US,NA,small
ABE,"Lehigh Valley International Airport",-75.434364,40.651573,US,NA,medium
ABI,"Abilene Regional Airport",-99.679726,32.409443,US,NA,medium
ABQ,"Albuquerque International Sunport Airport",-106.617195,35.049625,US,NA,large
ABR,"Aberdeen Regional Airport",-98.42611,45.4525,US,NA,medium
ABY,"Southwest Georgia Regional Airport",-84.19611,31.532223,US,NA,medium
ACB,"Antrim County Airport",-85.21667,44.983334,US,NA,small
ACK,"Nantucket Memorial Airport",-70.05972,41.256668,US,NA,medium
ACT,"Waco Regional Airport",-97.22321,31.609133,US,NA,medium
ACV,"Arcata Airport",-124.106926,40.970913,US,NA,medium
ACY,"Atlantic City International Airport",-74.572235,39.450703,US,NA,medium
ADG,"Lenawee County Airport",-84.03333,41.9,US,NA,small
ADT,"Ada Municipal Airport",-96.666664,34.8,US,NA,small
ADM,"Ardmore Municipal Airport",-97.01945,34.303055,US,NA,small
ADS,"Addison Airport",-97.83639,32.968613,US,NA,small
ADW,"Andrews Air Force Base",-76.86667,38.816666,US,NA,large
AEL,"Albert Lea Municipal Airport",-93.36667,43.65,US,NA,small
AEX,"Alexandria International Airport",-92.53958,31.321268,US,NA,medium
AFF,"USAF Academy Airfield",-104.7,38.833332,US,NA,small
WSG,"Washington County Airport",-80.25,40.166668,US,NA,small
AFN,"Jaffrey Airport Silver Ranch Airport",-72.066666,42.833332,US,NA,small
AFO,"Afton Municipal Airport",-110.933334,42.733334,US,NA,small
AFW,"Fort Worth Alliance Airport",-97.316666,32.986668,US,NA,large
AGC,"Allegheny County Airport",-79.93,40.35472,US,NA,medium
AGO,"Magnolia Municipal Airport",-93.23333,33.266666,US,NA,small
AGS,"Augusta Regional At Bush Field",-81.973434,33.373665,US,NA,large
AHC,"Amedee Army Air Field",-120.13333,40.15,US,NA,small
AHH,"Amery Municipal Airport",-92.35,45.3,US,NA,small
AHN,"Athens Ben Epps Airport",-83.32472,33.95195,US,NA,medium
AIA,"Alliance Municipal Airport",-102.80666,42.051666,US,NA,small
AID,"Anderson Municipal Darlington Field",-85.683334,40.166668,US,NA,small
AIK,"Aiken Municipal Airport",-81.68407,33.649014,US,NA,small
AIO,"Atlantic Municipal Airport",-95.01667,41.4,US,NA,small
AIV,"George Downer Airport",-88.15,33.13333,US,NA,small
AIZ,"Lee C Fine Memorial Airport",-92.54722,38.09833,US,NA,small
AKO,"Colorado Plains Regional Airport",-103.21667,40.166668,US,NA,small
AKC,"Akron Fulton International Airport",-81.46778,41.04,US,NA,medium
ALB,"Albany International Airport",-73.809555,42.745277,US,NA,medium
ALI,"Alice International Airport",-98.066666,27.75,US,NA,medium
ALM,"Alamogordo White Sands Regional Airport",-105.985275,32.845833,US,NA,medium
ALN,"St Louis Regional Airport",-90.04833,38.891666,US,NA,medium
ALO,"Waterloo Regional Airport",-92.39972,42.55611,US,NA,medium
ALS,"San Luis Valley Regional Bergman Field",-105.86667,37.43667,US,NA,medium
ALW,"Walla Walla Regional Airport",-118.291115,46.094723,US,NA,medium
ALX,"Thomas C Russell Field",-85.95,32.933334,US,NA,small
AMA,"Rick Husband Amarillo International Airport",-101.70513,35.218273,US,NA,large
AMN,"RPD Airport",-84.65,43.38333,US,NA,small
AMW,"Ames Municipal Airport",-93.61833,41.994167,US,NA,small
ANB,"Anniston Metropolitan Airport",-85.855835,33.59028,US,NA,medium
AND,"Anderson Regional Airport",-82.71,34.49361,US,NA,medium
ANP,"Lee Airport",-76.5,38.983334,US,NA,small
ANQ,"Tri State Steuben County Airport",-85.0,41.63333,US,NA,small
ANW,"Ainsworth Municipal Airport",-99.86667,42.55,US,NA,small
ANY,"Anthony Municipal Airport",-98.03333,37.15,US,NA,small
AOH,"Lima Allen County Airport",-84.1,40.766666,US,NA,small
AOO,"Altoona Blair County Airport",-78.32,40.297222,US,NA,medium
APA,"Centennial Airport",-104.84872,39.572124,US,NA,medium
APC,"Napa County Airport",-122.28,38.212223,US,NA,small
APF,"Naples Municipal Airport",-81.775276,26.152779,US,NA,medium
APG,"Phillips Army Air Field",-76.166664,39.5,US,NA,medium
APH,"A P Hill Aaf (Fort A P Hill) Airport",-77.35,38.05,US,NA,small
APN,"Alpena County Regional Airport",-83.55583,45.08167,US,NA,medium
APT,"Marion County Brown Field",-85.5,35.066666,US,NA,small
APV,"Apple Valley Airport",-117.212776,34.52639,US,NA,small
ARA,"Acadiana Regional Airport",-91.88389,30.037779,US,NA,medium
ARB,"Ann Arbor Municipal Airport",-83.75,42.3,US,NA,small
ARG,"Walnut Ridge Regional Airport",-90.95,36.066666,US,NA,small
ART,"Watertown International Airport",-76.021385,43.990833,US,NA,medium
ATL,"Hartsfield Jackson Atlanta International Airport",-84.44403,33.640068,US,NA,large
ATW,"Outagamie County Regional Airport",-88.50994,44.26011,US,NA,small
ATY,"Watertown Regional Airport",-97.15417,44.90889,US,NA,medium
AUG,"Augusta State Airport",-69.79667,44.318054,US,NA,medium
AUS,"Austin Bergstrom International Airport",-97.66706,30.202545,US,NA,large
AVL,"Asheville Regional Airport",-82.537315,35.43508,US,NA,large
AVO,"Avon Park Executive Airport",-81.51667,27.6,US,NA,small
AVP,"Wilkes Barre Scranton International Airport",-75.730644,41.336697,US,NA,medium
AWM,"West Memphis Municipal Airport",-90.183334,35.13333,US,NA,small
AXN,"Chandler Field",-95.394165,45.86722,US,NA,medium
AXS,"Altus Quartz Mountain Regional Airport",-99.33806,34.696667,US,NA,small
AXV,"Neil Armstrong Airport",-84.2,40.566666,US,NA,small
AXX,"Angel Fire Airport",-105.28333,36.416668,US,NA,small
AYS,"Waycross Ware County Airport",-82.39667,31.248611,US,NA,small
AZO,"Kalamazoo Battle Creek International Airport",-85.55656,42.239964,US,NA,medium
BAB,"Beale Air Force Base",-121.583336,39.15,US,NA,large
BAD,"Barksdale Air Force Base",-93.666664,32.5,US,NA,large
BAF,"Barnes Municipal Airport",-72.71562,42.157955,US,NA,medium
BDL,"Bradley International Airport",-72.6847,41.92953,US,NA,large
BDR,"Igor I Sikorsky Memorial Airport",-73.12444,41.164165,US,NA,medium
BED,"Laurence G Hanscom Field",-71.29,42.470833,US,NA,medium
BFD,"Bradford Regional Airport",-78.63944,41.802223,US,NA,medium
BFF,"Western Neb. Rgnl/William B. Heilig Airport",-103.60111,41.87528,US,NA,medium
BFI,"Boeing Field King County International Airport",-122.3037,47.5371,US,NA,large
BFL,"Meadows Field",-119.04533,35.429626,US,NA,medium
BGM,"Greater Binghamton/Edwin A Link field",-75.98294,42.208534,US,NA,medium
BGR,"Bangor International Airport",-68.82102,44.812298,US,NA,large
BHB,"Hancock County-Bar Harbor Airport",-68.361664,44.44889,US,NA,medium
BHM,"Birmingham-Shuttlesworth International Airport",-86.75219,33.560833,US,NA,large
BIL,"Billings Logan International Airport",-108.53723,45.803417,US,NA,large
BIS,"Bismarck Municipal Airport",-100.75821,46.77448,US,NA,medium
BKL,"Burke Lakefront Airport",-81.683334,41.516945,US,NA,medium
BKW,"Raleigh County Memorial Airport",-81.12417,37.781944,US,NA,medium
BKX,"Brookings Regional Airport",-96.81111,44.303333,US,NA,small
BLF,"Mercer County Airport",-81.20805,37.295834,US,NA,medium
BLI,"Bellingham International Airport",-122.53267,48.795734,US,NA,medium
BMG,"Monroe County Airport",-86.61472,39.14,US,NA,medium
BMI,"Central Illinois Regional Airport at Bloomington-Normal",-88.91483,40.48401,US,NA,large
BMT,"Beaumont Municipal Airport",-94.1,30.083332,US,NA,small
BNA,"Nashville International Airport",-86.668945,36.13174,US,NA,large
BOI,"Boise Air Terminal/Gowen field",-116.22193,43.569263,US,NA,large
BOS,"General Edward Lawrence Logan International Airport",-71.02018,42.36646,US,NA,large
BPT,"Southeast Texas Regional Airport",-94.02,29.950832,US,NA,medium
BQK,"Brunswick Golden Isles Airport",-81.48333,31.166668,US,NA,medium
BRL,"Southeast Iowa Regional Airport",-91.12334,40.78611,US,NA,medium
BRO,"Brownsville South Padre Island International Airport",-97.42333,25.90889,US,NA,medium
BTM,"Bert Mooney Airport",-112.49389,45.95111,US,NA,medium
BTR,"Baton Rouge Metropolitan, Ryan Field",-91.156906,30.532537,US,NA,large
BTV,"Burlington International Airport",-73.15527,44.469013,US,NA,medium
BTY,"Beatty Airport",-116.76667,36.9,US,NA,small
BUB,"Cram Field",-99.13333,41.783333,US,NA,small
BUF,"Buffalo Niagara International Airport",-78.731804,42.933826,US,NA,large
BUM,"Butler Memorial Airport",-94.333336,38.266666,US,NA,small
BUR,"Bob Hope Airport",-118.35411,34.19619,US,NA,medium
BVO,"Bartlesville Municipal Airport",-96.01083,36.7625,US,NA,small
BVX,"Batesville Regional Airport",-91.65,35.766666,US,NA,small
BVY,"Beverly Municipal Airport",-70.88333,42.55,US,NA,medium
BWC,"Brawley Municipal Airport",-115.51688,32.992867,US,NA,small
BWD,"Brownwood Regional Airport",-98.956665,31.794722,US,NA,small
BWG,"Bowling Green Warren County Regional Airport",-86.42222,36.962223,US,NA,medium
BWI,"Baltimore/Washington International Thurgood Marshal Airport",-76.66894,39.179527,US,NA,large
BXA,"George R Carr Memorial Air Field",-89.88333,30.933332,US,NA,small
BXK,"Buckeye Municipal Airport",-112.583336,33.36667,US,NA,small
BYS,"Bicycle Lake Army Air Field",-116.566666,35.266666,US,NA,medium
BZN,"Gallatin Field",-111.16033,45.777687,US,NA,medium
CLG,"New Coalinga Municipal Airport",-120.35,36.15,US,NA,small
CAE,"Columbia Metropolitan Airport",-81.12501,33.946907,US,NA,large
CAK,"Akron Canton Regional Airport",-81.43583,40.914963,US,NA,medium
CDC,"Cedar City Regional Airport",-113.09611,37.7025,US,NA,medium
CEC,"Jack Mc Namara Field Airport",-124.23583,41.78,US,NA,medium
CEF,"Westover ARB/Metropolitan Airport",-72.55383,42.183376,US,NA,medium
CGI,"Cape Girardeau Regional Airport",-89.57167,37.22361,US,NA,medium
CHA,"Lovell Field",-85.197784,35.036926,US,NA,large
CHO,"Charlottesville Albemarle Airport",-78.44928,38.139416,US,NA,medium
CHS,"Charleston Air Force Base-International Airport",-80.037155,32.884354,US,NA,large
CID,"The Eastern Iowa Airport",-91.7003,41.889423,US,NA,large
CIU,"Chippewa County International Airport",-84.35,46.5,US,NA,medium
CKB,"North Central West Virginia Airport",-80.22945,39.295555,US,NA,medium
KCL,"Chignik Lagoon Airport",-158.53194,56.308334,US,NA,small
CLE,"Cleveland Hopkins International Airport",-81.83821,41.410854,US,NA,large
CLL,"Easterwood Field",-96.36682,30.593842,US,NA,medium
CLM,"William R Fairchild International Airport",-123.49511,48.121883,US,NA,medium
CLT,"Charlotte Douglas International Airport",-80.93584,35.219166,US,NA,large
CMH,"Port Columbus International Airport",-82.884964,39.99818,US,NA,large
CMI,"University of Illinois Willard Airport",-88.26905,40.039665,US,NA,medium
CMX,"Houghton County Memorial Airport",-88.48639,47.167778,US,NA,medium
CNM,"Cavern City Air Terminal",-104.26278,32.337223,US,NA,medium
COS,"City of Colorado Springs Municipal Airport",-104.70056,38.79713,US,NA,large
COU,"Columbia Regional Airport",-92.21917,38.81361,US,NA,medium
CPR,"Casper-Natrona County International Airport",-106.4625,42.90861,US,NA,large
CRO,"Corcoran Airport",-119.55,36.1,US,NA,small
CRP,"Corpus Christi International Airport",-97.50249,27.774813,US,NA,large
CRW,"Yeager Airport",-81.596504,38.370342,US,NA,large
CSG,"Columbus Metropolitan Airport",-84.94111,32.513332,US,NA,medium
CVG,"Cincinnati Northern Kentucky International Airport",-84.66145,39.0555,US,NA,large
KIP,"Kickapoo Downtown Airport",-98.5,33.9,US,NA,small
CWF,"Chennault International Airport",-93.23189,30.305918,US,NA,small
CYS,"Cheyenne Regional Jerry Olson Field",-104.816666,41.155834,US,NA,medium
DAB,"Daytona Beach International Airport",-81.06083,29.185192,US,NA,medium
DAL,"Dallas Love Field",-96.85,32.84391,US,NA,large
DAN,"Danville Regional Airport",-79.335,36.573055,US,NA,medium
DAY,"James M Cox Dayton International Airport",-84.220764,39.898006,US,NA,large
DBQ,"Dubuque Regional Airport",-90.71083,42.41,US,NA,large
DCA,"Ronald Reagan Washington National Airport",-77.04346,38.853436,US,NA,large
DDC,"Dodge City Regional Airport",-99.965,37.761665,US,NA,medium
DEC,"Decatur Airport",-88.868614,39.834167,US,NA,medium
DEN,"Denver International Airport",-104.672844,39.84939,US,NA,large
DET,"Coleman A. Young Municipal Airport",-83.005104,42.40932,US,NA,medium
DFW,"Dallas Fort Worth International Airport",-97.036125,32.89746,US,NA,large
DHN,"Dothan Regional Airport",-85.44833,31.32,US,NA,medium
DLH,"Duluth International Airport",-92.18019,46.838974,US,NA,large
DNL,"Daniel Field",-82.0392,33.468098,US,NA,medium
DSM,"Des Moines International Airport",-93.64809,41.532433,US,NA,large
DTW,"Detroit Metropolitan Wayne County Airport",-83.35605,42.20781,US,NA,large
DUJ,"DuBois Regional Airport",-78.89889,41.178333,US,NA,medium
JJM,"Mulika Lodge Airport",38.183334,0.233194,KE,AF,small
VPG,"Vipingo Estate Airport",39.805,-3.842778,KE,AF,small
KRV,"Kerio Valley Airport",36.11667,2.983333,KE,AF,small
KIU,"Kiunga Airport",41.516666,-1.733333,KE,AF,small
LBK,"Liboi Airport",40.966667,0.383333,KE,AF,small
LBN,"Lake Baringo Airport",36.083332,0.666667,KE,AF,small
LKU,"Lake Rudolf Airport",35.88333,3.416667,KE,AF,small
MRE,"Mara Lodges Airport",35.05885,-1.300368,KE,AF,small
MUM,"Mumias Airport",34.483334,0.333333,KE,AF,small
ALE,"Alpine Casparis Municipal Airport",-103.75,30.416668,US,NA,small
BGT,"Bagdad Airport",-113.1687,34.59398,US,NA,small
EAR,"Kearney Regional Airport",-98.998886,40.728333,US,NA,small
EAU,"Chippewa Valley Regional Airport",-91.48722,44.864445,US,NA,medium
ECP,"Northwest Florida Beaches International Airport",-85.79892,30.357803,US,NA,small
EEN,"Dillant Hopkins Airport",-72.270836,42.900833,US,NA,medium
EGE,"Eagle County Regional Airport",-106.91347,39.63988,US,NA,medium
KEK,"Ekwok Airport",-157.4775,59.355278,US,NA,small
EKO,"Elko Regional Airport",-115.78972,40.82389,US,NA,medium
ELD,"South Arkansas Regional At Goodwin Field",-92.81472,33.220554,US,NA,medium
ELM,"Elmira Corning Regional Airport",-76.89586,42.16304,US,NA,medium
ELP,"El Paso International Airport",-106.396,31.798948,US,NA,medium
ERI,"Erie International Tom Ridge Field",-80.18203,42.08314,US,NA,large
EUG,"Mahlon Sweet Field",-123.21197,44.119198,US,NA,medium
EVV,"Evansville Regional Airport",-87.52796,38.046165,US,NA,medium
EWB,"New Bedford Regional Airport",-70.95917,41.676945,US,NA,medium
EWN,"Coastal Carolina Regional Airport",-77.03462,35.078342,US,NA,medium
EWR,"Newark Liberty International Airport",-74.17876,40.68907,US,NA,large
EYW,"Key West International Airport",-81.75501,24.553574,US,NA,medium
FAR,"Hector International Airport",-96.82551,46.91953,US,NA,medium
FAT,"Fresno Yosemite International Airport",-119.72024,36.769623,US,NA,medium
FAY,"Fayetteville Regional Grannis Field",-78.88722,34.99132,US,NA,medium
FBG,"Simmons Army Air Field",-78.936386,35.131943,US,NA,medium
FCS,"Butts AAF (Fort Carson) Air Field",-104.816666,38.833332,US,NA,medium
KFE,"Fortescue - Dave Forrest Aerodrome",119.437225,-22.291945,AU,OC,small
FRD,"Friday Harbor Airport",-123.0265,48.524807,US,NA,small
FHU,"Sierra Vista Municipal Libby Army Air Field",-110.343056,31.588888,US,NA,medium
FLG,"Flagstaff Pulliam Airport",-111.67167,35.13778,US,NA,medium
FLL,"Fort Lauderdale Hollywood International Airport",-80.144905,26.071491,US,NA,large
FLO,"Florence Regional Airport",-79.72444,34.18889,US,NA,medium
FNT,"Bishop International Airport",-83.73891,42.973812,US,NA,medium
FOD,"Fort Dodge Regional Airport",-94.18972,42.5525,US,NA,medium
FOE,"Forbes Field",-95.6625,38.9525,US,NA,medium
FIL,"Fillmore Municipal Airport",-112.3625,38.958332,US,NA,small
FPR,"St Lucie County International Airport",-80.333336,27.45,US,NA,medium
FRH,"French Lick Municipal Airport",-86.61667,38.55,US,NA,small
FRI,"Marshall Army Air Field",-96.78333,39.083332,US,NA,medium
FRM,"Fairmont Municipal Airport",-94.423615,43.64722,US,NA,small
FSD,"Joe Foss Field Airport",-96.73115,43.580296,US,NA,medium
FSM,"Fort Smith Regional Airport",-94.3589,35.34124,US,NA,large
FMS,"Fort Madison Municipal Airport",-91.3275,40.65889,US,NA,small
FTW,"Fort Worth Meacham International Airport",-97.333336,32.75,US,NA,large
FWA,"Fort Wayne International Airport",-85.18771,40.98666,US,NA,large
FYV,"Drake Field",-94.17,36.003613,US,NA,medium
GCK,"Garden City Regional Airport",-100.72972,37.92861,US,NA,medium
GCN,"Grand Canyon National Park Airport",-112.1475,35.951942,US,NA,medium
GEG,"Spokane International Airport",-117.537636,47.62515,US,NA,large
GFK,"Grand Forks International Airport",-97.17587,47.9488,US,NA,medium
GGG,"East Texas Regional Airport",-94.71528,32.386665,US,NA,medium
GGW,"Wokal Field Glasgow International Airport",-106.615555,48.212776,US,NA,medium
GJT,"Grand Junction Regional Airport",-108.528336,39.122665,US,NA,medium
GLH,"Mid Delta Regional Airport",-90.985,33.484444,US,NA,medium
GLS,"Scholes International At Galveston Airport",-94.860275,29.2675,US,NA,medium
GNV,"Gainesville Regional Airport",-82.276794,29.686142,US,NA,medium
GON,"Groton New London Airport",-72.04639,41.328888,US,NA,medium
FCA,"Glacier Park International Airport",-114.25315,48.307304,US,NA,medium
GPT,"Gulfport Biloxi International Airport",-89.07203,30.413284,US,NA,large
GRB,"Austin Straubel International Airport",-88.121895,44.492847,US,NA,large
GRI,"Central Nebraska Regional Airport",-98.30666,40.96722,US,NA,medium
GRK,"Robert Gray  Army Air Field Airport",-97.820915,31.061821,US,NA,medium
GRR,"Gerald R. Ford International Airport",-85.52974,42.88501,US,NA,medium
GSO,"Piedmont Triad International Airport",-79.9373,36.105324,US,NA,large
GSP,"Greenville Spartanburg International Airport",-82.21706,34.890568,US,NA,large
GTF,"Great Falls International Airport",-111.35636,47.481888,US,NA,medium
GUP,"Gallup Municipal Airport",-108.78667,35.511112,US,NA,medium
GVT,"Majors Airport",-96.06167,33.066666,US,NA,small
GYY,"Gary Chicago International Airport",-87.416664,41.61667,US,NA,medium
HGR,"Hagerstown Regional Richard A Henson Field",-77.73,39.70778,US,NA,medium
HIB,"Chisholm Hibbing Airport",-92.83861,47.38861,US,NA,large
HKY,"Hickory Regional Airport",-81.39167,35.73861,US,NA,medium
HLN,"Helena Regional Airport",-111.99018,46.61052,US,NA,medium
HON,"Huron Regional Airport",-98.22639,44.38361,US,NA,medium
HOT,"Memorial Field",-93.09611,34.47889,US,NA,medium
HOU,"William P Hobby Airport",-95.277016,29.654512,US,NA,large
HPN,"Westchester County Airport",-73.70389,41.068672,US,NA,medium
HRL,"Valley International Airport",-97.662254,26.223482,US,NA,medium
HRO,"Boone County Airport",-93.155556,36.261665,US,NA,medium
HNC,"Billy Mitchell Airport",-75.7,35.216667,US,NA,small
HSV,"Huntsville International Carl T Jones Field",-86.77484,34.64857,US,NA,large
HTS,"Tri-State/Milton J. Ferguson Field",-82.556114,38.366943,US,NA,large
HUF,"Terre Haute International Hulman Field",-87.3075,39.454445,US,NA,medium
HVN,"Tweed New Haven Airport",-72.888336,41.265278,US,NA,medium
HYA,"Barnstable Municipal Boardman Polando Field",-70.280556,41.665833,US,NA,medium
IAB,"Mc Connell Air Force Base",-97.27617,37.68114,US,NA,medium
IAD,"Washington Dulles International Airport",-77.44774,38.95315,US,NA,large
IAG,"Niagara Falls International Airport",-78.95,43.1,US,NA,medium
IAH,"George Bush Intercontinental Houston Airport",-95.34,29.983334,US,NA,large
ICT,"Wichita Mid Continent Airport",-97.428955,37.653046,US,NA,large
IDA,"Idaho Falls Regional Airport",-112.06751,43.514854,US,NA,medium
IFP,"Laughlin Bullhead International Airport",-114.55695,35.165634,US,NA,small
IGM,"Kingman Airport",-113.94,35.256668,US,NA,small
ILG,"New Castle Airport",-75.6075,39.678333,US,NA,medium
ILM,"Wilmington International Airport",-77.91063,34.26705,US,NA,medium
IND,"Indianapolis International Airport",-86.29805,39.714516,US,NA,large
INL,"Falls International Airport",-93.40417,48.563057,US,NA,medium
INT,"Smith Reynolds Airport",-80.225555,36.135277,US,NA,medium
IPT,"Williamsport Regional Airport",-76.920555,41.24222,US,NA,medium
IRK,"Kirksville Regional Airport",-92.54389,40.0925,US,NA,medium
ISP,"Long Island Mac Arthur Airport",-73.09755,40.789314,US,NA,medium
ITH,"Ithaca Tompkins Regional Airport",-76.46359,42.49034,US,NA,medium
AZA,"Phoenix-Mesa-Gateway Airport",-111.655556,33.307777,US,NA,medium
JAC,"Jackson Hole Airport",-110.73613,43.602806,US,NA,medium
JAN,"Jackson Evers International Airport",-90.07496,32.309895,US,NA,large
JAX,"Jacksonville International Airport",-81.68306,30.491657,US,NA,large
JBR,"Jonesboro Municipal Airport",-90.64833,35.83,US,NA,medium
JFK,"John F Kennedy International Airport",-73.78817,40.642334,US,NA,large
JLN,"Joplin Regional Airport",-94.49778,37.149723,US,NA,large
JMS,"Jamestown Regional Airport",-98.67833,46.93,US,NA,medium
JST,"John Murtha Johnstown Cambria County Airport",-78.83444,40.316666,US,NA,medium
LAF,"Purdue University Airport",-86.93361,40.411945,US,NA,medium
LAN,"Capital City Airport",-84.58958,42.774185,US,NA,medium
LAR,"Laramie Regional Airport",-105.67306,41.31361,US,NA,medium
LAS,"McCarran International Airport",-115.1486,36.086945,US,NA,large
LAX,"Los Angeles International Airport",-118.40828,33.943398,US,NA,large
LBB,"Lubbock Preston Smith International Airport",-101.8223,33.65622,US,NA,large
LBE,"Arnold Palmer Regional Airport",-79.40855,40.272926,US,NA,medium
LBF,"North Platte Regional Airport Lee Bird Field",-100.69667,41.128334,US,NA,medium
LBL,"Liberal Mid-America Regional Airport",-100.960556,37.044445,US,NA,medium
LCH,"Lake Charles Regional Airport",-93.225555,30.131111,US,NA,medium
LEB,"Lebanon Municipal Airport",-72.310005,43.62936,US,NA,medium
LEX,"Blue Grass Airport",-84.59792,38.03762,US,NA,large
LFT,"Lafayette Regional Airport",-91.99327,30.20851,US,NA,large
LGA,"La Guardia Airport",-73.87162,40.774254,US,NA,large
LGB,"Long Beach /Daugherty Field/ Airport",-118.14449,33.818195,US,NA,medium
LIT,"Adams Field",-92.221375,34.727432,US,NA,large
LMT,"Klamath Falls Airport",-121.73583,42.163055,US,NA,medium
LNK,"Lincoln Airport",-96.75471,40.846176,US,NA,medium
LNS,"Lancaster Airport",-76.29972,40.121113,US,NA,medium
LRD,"Laredo International Airport",-99.455124,27.543667,US,NA,medium
LRU,"Las Cruces International Airport",-106.92167,32.290833,US,NA,medium
LSE,"La Crosse Municipal Airport",-91.264336,43.875244,US,NA,medium
LUK,"Cincinnati Municipal Airport Lunken Field",-84.666664,39.033333,US,NA,medium
LWS,"Lewiston Nez Perce County Airport",-117.01444,46.37472,US,NA,medium
LWT,"Lewistown Municipal Airport",-109.47111,47.05111,US,NA,medium
LYH,"Lynchburg Regional Preston Glenn Field",-79.20111,37.326942,US,NA,medium
MAF,"Midland International Airport",-102.20817,31.937145,US,NA,medium
MBS,"MBS International Airport",-84.090744,43.53339,US,NA,large
MCE,"Merced Regional Macready Field",-120.51278,37.28472,US,NA,medium
MCI,"Kansas City International Airport",-94.719925,39.293808,US,NA,large
MCN,"Middle Georgia Regional Airport",-83.64865,32.70199,US,NA,medium
MCO,"Orlando International Airport",-81.308304,28.432177,US,NA,large
MDH,"Southern Illinois Airport",-89.24694,37.781387,US,NA,medium
MDT,"Harrisburg International Airport",-76.75606,40.196007,US,NA,medium
MDW,"Chicago Midway International Airport",-87.74087,41.788136,US,NA,large
MEI,"Key Field",-88.74917,32.337223,US,NA,medium
MEM,"Memphis International Airport",-89.98226,35.04458,US,NA,large
MFE,"Mc Allen Miller International Airport",-98.23978,26.181295,US,NA,medium
MFR,"Rogue Valley International Medford Airport",-122.87312,42.369026,US,NA,medium
MGM,"Montgomery Regional (Dannelly Field) Airport",-86.39029,32.305042,US,NA,large
MGW,"Morgantown Municipal Walter L. Bill Hart Field",-79.91583,39.642776,US,NA,medium
MHK,"Manhattan Regional Airport",-96.66889,39.142223,US,NA,medium
MHT,"Manchester Airport",-71.43844,42.92786,US,NA,large
MIA,"Miami International Airport",-80.27824,25.796,US,NA,large
MIE,"Delaware County Johnson Field",-85.39445,40.239723,US,NA,medium
MKC,"Charles B. Wheeler Downtown Airport",-94.59194,39.12417,US,NA,medium
MKE,"General Mitchell International Airport",-87.90267,42.948093,US,NA,large
MKG,"Muskegon County Airport",-86.2375,43.170555,US,NA,small
MKL,"Mc Kellar Sipes Regional Airport",-88.915276,35.60139,US,NA,medium
MLB,"Melbourne International Airport",-80.63028,28.1025,US,NA,medium
MLI,"Quad City International Airport",-90.50611,41.453896,US,NA,large
MLS,"Frank Wiley Field",-105.880554,46.430557,US,NA,medium
MLU,"Monroe Regional Airport",-92.043655,32.51184,US,NA,large
KMM,"Kimaam Airport",136.16667,-3.666667,ID,AS,small
MMU,"Morristown Municipal Airport",-74.41583,40.799168,US,NA,medium
MOB,"Mobile Regional Airport",-88.24475,30.681086,US,NA,large
MOD,"Modesto City Co-Harry Sham Field",-120.95528,37.626945,US,NA,medium
MOT,"Minot International Airport",-101.28083,48.259724,US,NA,medium
MRY,"Monterey Peninsula Airport",-121.850815,36.587296,US,NA,medium
MSL,"Northwest Alabama Regional Airport",-87.61611,34.74861,US,NA,medium
MSN,"Dane County Regional Truax Field",-89.3465,43.136375,US,NA,large
MSO,"Missoula International Airport",-114.08321,46.918964,US,NA,medium
MSP,"Minneapolis-St Paul International/Wold-Chamberlain Airport",-93.21092,44.883015,US,NA,large
MSS,"Massena International Richards Field",-74.846664,44.93778,US,NA,medium
MSY,"Louis Armstrong New Orleans International Airport",-90.25639,29.984564,US,NA,large
MVY,"Martha's Vineyard Airport",-70.61182,41.389336,US,NA,small
MYR,"Myrtle Beach International Airport",-78.92294,33.682674,US,NA,large
NEL,"Lakehurst NAES /Maxfield Field",-74.316666,40.016666,US,NA,medium
YUM,"Yuma MCAS/Yuma International Airport",-114.599266,32.668606,US,NA,medium
NVN,"Nervino Airport",,,US,NA,small
ODC,"Oakdale Airport",,,US,NA,small
OAK,"Metropolitan Oakland International Airport",-122.21201,37.71188,US,NA,large
OAR,"Marina Municipal Airport",-121.916664,36.61667,US,NA,small
OKC,"Will Rogers World Airport",-97.59609,35.39563,US,NA,large
OLD,"Dewitt Field,Old Town Municipal Airport",-68.65,44.933334,US,NA,small
OLM,"Olympia Regional Airport",-122.903336,46.97361,US,NA,medium
OMA,"Eppley Airfield",-95.89972,41.29957,US,NA,medium
ONT,"Ontario International Airport",-117.59765,34.06068,US,NA,large
ORD,"Chicago O'Hare International Airport",-87.90488,41.976913,US,NA,large
ORF,"Norfolk International Airport",-76.20629,36.898582,US,NA,large
ORH,"Worcester Regional Airport",-71.87444,42.26917,US,NA,medium
OSH,"Wittman Regional Airport",-88.556946,43.98389,US,NA,medium
OTH,"Southwest Oregon Regional Airport",-124.24,43.418888,US,NA,medium
OTM,"Ottumwa Regional Airport",-92.449165,41.106388,US,NA,medium
OWB,"Owensboro Daviess County Airport",-87.16583,37.740833,US,NA,medium
DSO,"Sondok Airport",,,KP,AS,small
HBK,"Holbrook Municipal Airport",,,US,NA,small
CWX,"Cochise County Airport",,,US,NA,small
PAE,"Snohomish County (Paine Field) Airport",-122.28445,47.90972,US,NA,medium
PAH,"Barkley Regional Airport",-88.7725,37.06111,US,NA,medium
PBG,"Plattsburgh International Airport",-73.48333,44.7,US,NA,medium
PBI,"Palm Beach International Airport",-80.09044,26.688885,US,NA,large
PDK,"DeKalb Peachtree Airport",-84.30194,33.875557,US,NA,medium
PDX,"Portland International Airport",-122.5929,45.588997,US,NA,large
PFN,"Panama City-Bay Co International Airport",-85.68309,30.207085,US,NA,medium
PHF,"Newport News Williamsburg International Airport",-76.50282,37.13033,US,NA,large
ADR,"Robert F Swinnie Airport",-79.566666,33.45,US,NA,small
PHL,"Philadelphia International Airport",-75.2433,39.87641,US,NA,large
PHX,"Phoenix Sky Harbor International Airport",-112.00016,33.435036,US,NA,large
PIA,"Greater Peoria Regional Airport",-89.69012,40.66643,US,NA,large
PIB,"Hattiesburg Laurel Regional Airport",-89.33667,31.4675,US,NA,medium
PIE,"St Petersburg Clearwater International Airport",-82.69511,27.912004,US,NA,medium
PIH,"Pocatello Regional Airport",-112.594444,42.913334,US,NA,medium
PIR,"Pierre Regional Airport",-100.29319,44.380363,US,NA,medium
PIT,"Pittsburgh International Airport",-80.25657,40.49585,US,NA,large
PKB,"Mid Ohio Valley Regional Airport",-81.43889,39.345554,US,NA,medium
PLN,"Pellston Regional Airport of Emmet County Airport",-84.79278,45.57083,US,NA,medium
PMD,"Palmdale Regional/USAF Plant 42 Airport",-118.083336,34.6275,US,NA,medium
PNS,"Pensacola Regional Airport",-87.19416,30.475943,US,NA,medium
POU,"Dutchess County Airport",-73.882774,41.628056,US,NA,medium
PQI,"Northern Maine Regional Airport at Presque Isle",-68.0475,46.685,US,NA,medium
PRC,"Ernest A. Love Field",-112.424164,34.65,US,NA,medium
PSC,"Tri Cities Airport",-119.1152,46.259094,US,NA,medium
PSM,"Portsmouth International at Pease Airport",-70.88272,43.179585,US,NA,medium
PSP,"Palm Springs International Airport",-116.508446,33.822975,US,NA,medium
PUB,"Pueblo Memorial Airport",-104.49611,38.292778,US,NA,small
PUW,"Pullman Moscow Regional Airport",-117.105,46.74472,US,NA,medium
PVD,"Theodore Francis Green State Airport",-71.43632,41.72631,US,NA,medium
PWM,"Portland International Jetport Airport",-70.31031,43.64749,US,NA,large
PWT,"Bremerton National Airport",-122.763336,47.485,US,NA,medium
RAP,"Rapid City Regional Airport",-103.06118,44.037582,US,NA,medium
RDD,"Redding Municipal Airport",-122.29991,40.505768,US,NA,medium
RDG,"Reading Regional Carl A Spaatz Field",-75.96389,40.378613,US,NA,medium
RDM,"Roberts Field",-121.162895,44.254272,US,NA,medium
RDU,"Raleigh Durham International Airport",-78.79086,35.873592,US,NA,large
RFD,"Chicago Rockford International Airport",-89.222115,42.30364,US,NA,large
RHI,"Rhinelander Oneida County Airport",-89.46253,45.625706,US,NA,medium
RIC,"Richmond International Airport",-77.3225,37.50611,US,NA,large
KRJ,"Karawari Airstrip",143.51666,-4.616667,PG,OC,small
RKS,"Rock Springs Sweetwater County Airport",-109.065834,41.59639,US,NA,medium
RNO,"Reno Tahoe International Airport",-119.775696,39.505783,US,NA,large
ROA,"Roanoke Regional Woodrum Field",-79.97038,37.32051,US,NA,large
ROC,"Greater Rochester International Airport",-77.66543,43.127975,US,NA,large
ROW,"Roswell International Air Center Airport",-104.53,33.29972,US,NA,medium
RQO,"El Reno Regional Airport",,,US,NA,small
RST,"Rochester International Airport",-92.48977,43.910793,US,NA,large
RSW,"Southwest Florida International Airport",-81.75433,26.542835,US,NA,large
RUT,"Rutland - Southern Vermont Regional Airport",-72.94833,43.529446,US,NA,medium
RWI,"Rocky Mount Wilson Regional Airport",-77.89056,35.854443,US,NA,medium
AHM,"Ashland Municipal Sumner Parker Field",,,US,NA,small
SUO,"Sunriver Airport",-121.5,43.916668,US,NA,small
IDH,"Idaho County Airport",,,US,NA,small
VSK,"Vista Field",,,US,NA,small
SAN,"San Diego International Airport",-117.19731,32.731937,US,NA,large
SAT,"San Antonio International Airport",-98.47264,29.524937,US,NA,large
SAV,"Savannah Hilton Head International Airport",-81.21059,32.1358,US,NA,large
SBA,"Santa Barbara Municipal Airport",-119.83648,34.432835,US,NA,medium
SBN,"South Bend Regional Airport",-86.31335,41.700554,US,NA,large
SBP,"San Luis County Regional Airport",-120.640625,35.239113,US,NA,medium
SBY,"Salisbury Ocean City Wicomico Regional Airport",-75.517265,38.34312,US,NA,medium
SDF,"Louisville International Standiford Field",-85.74179,38.186375,US,NA,large
SEA,"Seattle Tacoma International Airport",-122.301735,47.44384,US,NA,large
SFB,"Orlando Sanford International Airport",-81.2432,28.775118,US,NA,large
SFO,"San Francisco International Airport",-122.38988,37.615215,US,NA,large
SGF,"Springfield Branson National Airport",-93.38226,37.24237,US,NA,large
SHD,"Shenandoah Valley Regional Airport",-78.89667,38.26389,US,NA,small
SHR,"Sheridan County Airport",-106.97722,44.774166,US,NA,medium
SHV,"Shreveport Regional Airport",-93.828384,32.45471,US,NA,large
SJC,"Norman Y. Mineta San Jose International Airport",-121.92638,37.366737,US,NA,large
SJT,"San Angelo Regional Mathis Field",-100.494446,31.359722,US,NA,medium
SLC,"Salt Lake City International Airport",-111.980675,40.785645,US,NA,large
SLK,"Adirondack Regional Airport",-74.206665,44.38278,US,NA,medium
SLN,"Salina Municipal Airport",-97.6525,38.790833,US,NA,medium
SMF,"Sacramento International Airport",-121.5937,38.692284,US,NA,large
SMX,"Santa Maria Pub/Capt G Allan Hancock Field",-120.45778,34.905,US,NA,medium
SNA,"John Wayne Airport-Orange County Airport",-117.860535,33.680202,US,NA,large
SPI,"Abraham Lincoln Capital Airport",-89.67889,39.844166,US,NA,large
SPS,"Sheppard Air Force Base-Wichita Falls Municipal Airport",-98.49194,33.988335,US,NA,large
SRQ,"Sarasota Bradenton International Airport",-82.55328,27.38748,US,NA,large
STC,"St Cloud Regional Airport",-94.166664,45.55,US,NA,medium
STL,"Lambert St Louis International Airport",-90.36587,38.74228,US,NA,large
STP,"St Paul Downtown Holman Field",-93.066666,44.933334,US,NA,medium
SUN,"Friedman Memorial Airport",-114.30082,43.50647,US,NA,medium
SUX,"Sioux Gateway Col. Bud Day Field",-96.38417,42.401943,US,NA,large
SVC,"Grant County Airport",-108.15389,32.631943,US,NA,small
SWF,"Stewart International Airport",-74.10104,41.49843,US,NA,medium
SYR,"Syracuse Hancock International Airport",-76.11223,43.113983,US,NA,large
TBN,"Waynesville-St. Robert Regional Forney field",-92.14056,37.74139,US,NA,medium
TCL,"Tuscaloosa Regional Airport",-87.61083,33.22111,US,NA,medium
TLH,"Tallahassee Regional Airport",-84.34444,30.395782,US,NA,large
OTK,"Tillamook Airport",,,US,NA,small
TOL,"Toledo Express Airport",-83.8069,41.5925,US,NA,large
TPA,"Tampa International Airport",-82.535416,27.97987,US,NA,large
TPL,"Draughon Miller Central Texas Regional Airport",-97.409164,31.150278,US,NA,medium
TRI,"Tri Cities Regional Tn Va Airport",-82.40785,36.48111,US,NA,large
TTN,"Trenton Mercer Airport",-74.8125,40.278057,US,NA,medium
TUL,"Tulsa International Airport",-95.8901,36.189808,US,NA,large
TUP,"Tupelo Regional Airport",-88.76722,34.25889,US,NA,medium
TUS,"Tucson International Airport",-110.93737,32.12069,US,NA,large
TVC,"Cherry Capital Airport",-85.58035,44.744083,US,NA,medium
TVL,"Lake Tahoe Airport",-119.994446,38.89417,US,NA,medium
TWF,"Joslin Field Magic Valley Regional Airport",-114.486664,42.481945,US,NA,medium
TXK,"Texarkana Regional Webb Field",-93.98917,33.45639,US,NA,medium
TYR,"Tyler Pounds Regional Airport",-95.41012,32.351597,US,NA,medium
TYS,"McGhee Tyson Airport",-83.98973,35.80565,US,NA,large
ICS,"Cascade Airport",,,US,NA,small
UIN,"Quincy Regional Baldwin Field",-91.19722,39.944168,US,NA,medium
SCE,"University Park Airport",-77.84823,40.85372,US,NA,medium
VCT,"Victoria Regional Airport",-96.914444,28.85111,US,NA,medium
VLD,"Valdosta Regional Airport",-83.27722,30.78389,US,NA,medium
VPS,"Eglin Air Force Base",-86.54946,30.495913,US,NA,large
VRB,"Vero Beach Municipal Airport",-80.41361,27.6525,US,NA,medium
WRI,"Mc Guire Air Force Base",-74.65017,40.155308,US,NA,medium
WRL,"Worland Municipal Airport",-107.95306,43.9675,US,NA,medium
KWY,"Kiwayu Airport",41.266666,-2.016667,KE,AF,medium
YIP,"Willow Run Airport",-83.53333,42.233334,US,NA,medium
YKM,"Yakima Air Terminal McAllister Field",-120.53778,46.566944,US,NA,medium
YNG,"Youngstown Warren Regional Airport",-80.66972,41.25611,US,NA,medium
DZN,"Dzhezkazgan Airport",67.73333,47.7,KZ,AS,medium
TDK,"Taldykorgan Airport",78.433334,45.15,KZ,AS,medium
ATX,"Atbasar Airport",68.4,51.88333,KZ,AS,small
LAC,"Swallow Reef Airstrip",113.85,7.4,CN,AS,small
TIA,"Tirana International Airport Mother Teresa",19.71328,41.419132,AL,EU,large
BOJ,"Burgas Airport",27.515545,42.56745,BG,EU,large
GOZ,"Gorna Oryahovitsa Airport",25.666668,43.11667,BG,EU,medium
PDV,"Plovdiv International Airport",24.716667,42.3,BG,EU,large
PVN,"Dolna Mitropoliya Air Base",24.616667,43.416668,BG,EU,medium
SOF,"Sofia Airport",23.41443,42.688343,BG,EU,large
SLS,"Silistra Polkovnik Lambrinovo Airfield",27.180555,44.05639,BG,EU,small
SZR,"Stara Zagora Airport",25.616667,42.433334,BG,EU,small
VID,"Vidin Smurdan Airfield",22.816668,43.983334,BG,EU,small
VAR,"Varna Airport",27.829096,43.23726,BG,EU,large
ECN,"Ercan International Airport",33.50307,35.15812,CY,AS,medium
LCA,"Larnaca International Airport",33.62599,34.880867,CY,AS,large
LCP,"Loncopue Airport",-70.666664,-38.083332,AR,SA,small
PFO,"Paphos International Airport",32.489105,34.71155,CY,AS,large
AKT,"RAF Akrotiri",32.983334,34.583332,CY,AS,medium
DBV,"Dubrovnik Airport",18.260616,42.56072,HR,EU,medium
LSZ,"null",14.385833,44.566944,HR,EU,small
OSI,"Osijek Airport",18.683332,45.55,HR,EU,medium
PUY,"Pula Airport",13.923611,44.891666,HR,EU,medium
RJK,"Rijeka Airport",14.568333,45.21583,HR,EU,medium
BWK,"Bol Airport",16.683332,43.283333,HR,EU,medium
SPU,"Split Airport",16.29946,43.536526,HR,EU,medium
ZAG,"Zagreb Airport",16.06152,45.733242,HR,EU,large
ZAD,"Zemunik Airport",15.356667,44.09778,HR,EU,medium
ABC,"Albacete-Los Llanos Airport",-1.863333,38.948334,ES,EU,medium
ALC,"Alicante International Airport",-0.557381,38.287098,ES,EU,large
LEI,"null",-2.371873,36.847984,ES,EU,medium
OVD,"Asturias Airport",-6.032094,43.55891,ES,EU,medium
ODB,"null",-4.847222,37.84111,ES,EU,medium
BIO,"Bilbao Airport",-2.905808,43.305534,ES,EU,medium
RGS,"Burgos Airport",-3.62295,42.35494,ES,EU,medium
BCN,"Barcelona International Airport",2.07593,41.30303,ES,EU,large
BJZ,"Badajoz Airport",-6.82,38.891666,ES,EU,medium
CDT,"Castellon De La Plana Airport",,,ES,EU,small
LCG,"null",-8.381923,43.30236,ES,EU,medium
GRO,"Girona Airport",2.766383,41.89804,ES,EU,medium
GRX,"Federico Garcia Lorca Airport",-3.776954,37.184727,ES,EU,medium
CCX,"Guadalupe Airport",-57.7,-16.066668,ES,EU,small
IBZ,"Ibiza Airport",1.367803,38.876595,ES,EU,medium
XRY,"Jerez Airport",-6.064535,36.750614,ES,EU,medium
MJV,"San Javier Airport",-0.81904,37.77521,ES,EU,medium
QSA,"Sabadell Airport",,,ES,EU,small
LEN,"Leon Airport",-5.64629,42.59057,ES,EU,medium
RJL,"null",-2.323611,42.456944,ES,EU,small
MAD,"Madrid Barajas International Airport",-3.570209,40.46515,ES,EU,large
HEV,"null",-6.95,37.266666,ES,EU,small
AGP,"null",-4.489616,36.675182,ES,EU,large
MAH,"Menorca Airport",4.226256,39.864746,ES,EU,medium
OZP,"Moron Air Base",-5.759444,37.24917,ES,EU,medium
PMI,"Palma De Mallorca Airport",2.730388,39.547653,ES,EU,large
PNA,"Pamplona Airport",-1.639347,42.767498,ES,EU,medium
CQM,"Ciudad Real Central Airport",-3.974536,38.858685,ES,EU,small
REU,"Reus Air Base",1.153319,41.146103,ES,EU,medium
SLM,"Salamanca Airport",-5.501944,40.951942,ES,EU,medium
EAS,"San Sebastian Airport",-1.793538,43.3564,ES,EU,medium
SCQ,"Santiago de Compostela Airport",-8.420327,42.897316,ES,EU,large
LEU,"null",1.466667,42.416668,ES,EU,small
TOJ,"null",-3.546667,40.455555,ES,EU,medium
VLC,"Valencia Airport",-0.473475,39.49179,ES,EU,medium
VLL,"Valladolid Airport",-4.844626,41.70581,ES,EU,medium
VIT,"Vitoria/Foronda Airport",-2.5,42.833332,ES,EU,medium
VGO,"Vigo Airport",-8.634025,42.224552,ES,EU,medium
SDR,"Santander Airport",-3.824453,43.423084,ES,EU,medium
ZAZ,"Zaragoza Air Base",-1.007466,41.66386,ES,EU,medium
SVQ,"Sevilla Airport",-5.900136,37.423477,ES,EU,medium
DPE,"St Aubin Airport",1.241111,49.961388,FR,EU,small
CQF,"Calais-Dunkerque Airport",1.933333,50.95,FR,EU,medium
XCP,"null",,,FR,EU,small
XLN,"Laon - Chambry Airport",,,FR,EU,small
XSJ,"null",,,FR,EU,medium
XDK,"Dunkerque les Moeres Airport",,,FR,EU,small
BYF,"Albert-Bray Airport",2.699448,49.97039,FR,EU,small
LTQ,"null",1.627071,50.514774,FR,EU,medium
XVS,"Valenciennes-Denain Airport",,,FR,EU,medium
QAM,"Amiens-Glisy Airport",,,FR,EU,medium
AGF,"Agen-La Garenne Airport",0.598611,44.17361,FR,EU,medium
BOD,"null",-0.70217,44.83102,FR,EU,large
EGC,"null",0.483333,44.85,FR,EU,medium
CNG,"null",-0.333333,45.683334,FR,EU,medium
LRH,"null",-1.185833,46.180557,FR,EU,medium
PIS,"Poitiers-Biard Airport",0.306389,46.58611,FR,EU,medium
MCU,"null",2.6,46.35,FR,EU,medium
LIG,"Limoges Airport",1.176245,45.86218,FR,EU,medium
XMJ,"Mont-de-Marsan (BA 118) Air Base",,,FR,EU,medium
NIT,"null",-0.45,46.316666,FR,EU,medium
TLS,"Toulouse-Blagnac Airport",1.374321,43.63007,FR,EU,large
PUF,"null",-0.413573,43.382347,FR,EU,medium
LDE,"null",0.003368,43.18651,FR,EU,medium
ANG,"null",0.216667,45.733334,FR,EU,medium
BVE,"Brive-La Roche Airport",1.533333,45.166668,FR,EU,large
PGX,"null",0.716667,45.183334,FR,EU,medium
XDA,"Dax Seyresse Airport",,,FR,EU,small
BIQ,"Biarritz-Anglet-Bayonne Airport",-1.531242,43.472416,FR,EU,medium
XCX,"null",,,FR,EU,small
ZAO,"Cahors-Lalbenque Airport",1.45,44.45,FR,EU,medium
XGT,"null",,,FR,EU,small
XAC,"Arcachon-La Teste-de-Buch Airport",,,FR,EU,medium
LBI,"null",2.15,43.933334,FR,EU,medium
DCM,"Castres-Mazamet Airport",2.284167,43.555832,FR,EU,medium
RDZ,"Rodez-Marcillac Airport",2.483866,44.410595,FR,EU,medium
RYN,"null",-1.016667,45.61667,FR,EU,medium
XMW,"Montauban Airport",,,FR,EU,medium
XLR,"Libourne-Artigues-de-Lussac Airport",,,FR,EU,medium
RCO,"Rochefort-Saint-Agnant (BA 721) Airport",-0.980556,45.890556,FR,EU,medium
XSL,"Sarlat Domme Airport",,,FR,EU,small
XTB,"null",,,FR,EU,small
IDY,"null",-2.388694,46.71787,FR,EU,medium
CMR,"Colmar-Houssen Airport",7.366667,48.083332,FR,EU,medium
XBV,"Beaune-Challanges Airport",,,FR,EU,medium
DLE,"Dole-Tavaux Airport",5.428719,47.038254,FR,EU,medium
XVN,"Verdun-Le Rozelier Airport",,,FR,EU,medium
MVV,"null",6.65,45.816666,FR,EU,small
OBS,"null",4.7,44.666668,FR,EU,medium
LPY,"Le Puy-Loudes Airport",3.766667,45.083332,FR,EU,medium
AHZ,"L'alpe D'huez Airport",6.083333,45.083332,FR,EU,small
ETZ,"Metz-Nancy-Lorraine Airport",6.243003,48.98165,FR,EU,medium
ANE,"Angers-Loire Airport",-0.55,47.466667,FR,EU,medium
BIA,"Bastia-Poretta Airport",9.480124,42.547615,FR,EU,medium
CLY,"Calvi-Sainte-Catherine Airport",8.791667,42.52778,FR,EU,medium
FSC,"Figari Sud-Corse Airport",9.098223,41.498634,FR,EU,medium
AJA,"null",8.794013,41.91987,FR,EU,medium
PRP,"Propriano Airport",8.9,41.666668,FR,EU,small
SOZ,"Solenzara (BA 126) Air Base",9.383333,41.88333,FR,EU,medium
MFX,"null",6.566667,45.416668,FR,EU,small
AUF,"Auxerre-Branches Airport",3.5,47.85,FR,EU,medium
CMF,"null",5.88437,45.637993,FR,EU,medium
CFE,"Clermont-Ferrand Auvergne Airport",3.163893,45.78032,FR,EU,medium
BOU,"Bourges Airport",2.416667,47.15,FR,EU,medium
QNJ,"Annemasse Airport",,,FR,EU,medium
CVF,"Courchevel Airport",6.634722,45.396667,FR,EU,small
LYS,"null",5.080334,45.721424,FR,EU,medium
QNX,"null",,,FR,EU,medium
SYT,"Saint-Yan Airport",4.033333,46.4,FR,EU,medium
RNE,"Roanne-Renaison Airport",4.000833,46.053333,FR,EU,medium
NCY,"Annecy-Haute-Savoie-Mont Blanc Airport",6.100833,45.930557,FR,EU,medium
XMK,"null",,,FR,EU,small
GNB,"null",5.332019,45.359833,FR,EU,medium
MCU,"null",2.6,46.35,FR,EU,small
VAF,"Valence-Chabeuil Airport",4.970278,44.920277,FR,EU,medium
VHY,"Vichy-Charmeil Airport",3.409722,46.165558,FR,EU,medium
AUR,"Aurillac Airport",2.418056,44.8975,FR,EU,medium
CHR,"null",1.728128,46.861954,FR,EU,medium
LYN,"Lyon-Bron Airport",4.943333,45.73083,FR,EU,medium
CEQ,"Cannes-Mandelieu Airport",6.954167,43.54639,FR,EU,medium
EBU,"null",4.296944,45.54139,FR,EU,medium
QIE,"null",85.53333,38.13333,FR,EU,medium
CCF,"Carcassonne Airport",2.316667,43.216667,FR,EU,medium
MRS,"Marseille Provence Airport",5.222137,43.44178,FR,EU,large
NCE,"null",7.205232,43.66049,FR,EU,large
XOG,"Orange-Caritat (BA 115) Air Base",,,FR,EU,medium
PGF,"null",2.868183,42.741016,FR,EU,medium
CTT,"Le Castellet Airport",5.783333,43.25,FR,EU,medium
BAE,"Barcelonnette - Saint-Pons Airport",6.666667,44.38333,FR,EU,small
XAS,"null",,,FR,EU,medium
MPL,"null",3.959174,43.57843,FR,EU,medium
BZR,"null",3.354444,43.324165,FR,EU,medium
AVN,"Avignon-Caumont Airport",4.9,43.9,FR,EU,medium
GAT,"Gap - Tallard Airport",6.083333,44.55,FR,EU,small
MEN,"Mende-Brenoux Airport",3.533333,44.5,FR,EU,medium
SCP,"null",0.616667,45.416668,FR,EU,small
BVA,"null",2.110815,49.459488,FR,EU,medium
XSU,"Saumur-Saint-Florent Airport",,,FR,EU,medium
EVX,"null",1.15,49.016666,FR,EU,medium
XAN,"null",,,FR,EU,small
LEH,"Le Havre Octeville Airport",0.088611,49.53889,FR,EU,medium
XAB,"Abbeville-Buigny-Saint-Maclou Airport",,,FR,EU,medium
ORE,"null",1.9,47.916668,FR,EU,medium
XCR,"null",4.201111,48.767776,FR,EU,medium
LSO,"Les Sables-d'Olonne Talmont Airport",-1.783333,46.5,FR,EU,small
URO,"Rouen Airport",1.1875,49.38861,FR,EU,medium
XBQ,"Blois-Le Breuil Airport",,,FR,EU,medium
QTJ,"Chartres Champhol Airport",,,FR,EU,small
TUF,"Tours-Val-de-Loire Airport",0.726584,47.432236,FR,EU,large
CET,"Cholet Le Pontreau Airport",-0.866667,47.066666,FR,EU,medium
LVA,"Laval-Entrammes Airport",-0.766667,48.066666,FR,EU,medium
LBG,"Paris-Le Bourget Airport",2.4425,48.971943,FR,EU,medium
CSF,"Creil Air Base",2.483333,49.25,FR,EU,medium
CDG,"Charles de Gaulle International Airport",2.567023,49.003197,FR,EU,large
TNF,"Toussus-le-Noble Airport",2.113056,48.75083,FR,EU,medium
ORY,"Paris-Orly Airport",2.3597,48.728283,FR,EU,large
POX,"Pontoise - Cormeilles-en-Vexin Airport",2.1,49.05,FR,EU,medium
VIY,"null",2.191667,48.774166,FR,EU,medium
QYR,"Troyes-Barberey Airport",,,FR,EU,medium
NVS,"Nevers-Fourchambault Airport",3.15,47.0,FR,EU,medium
XCB,"null",,,FR,EU,medium
XME,"null",,,FR,EU,medium
LIL,"Lille-Lesquin Airport",3.106067,50.57205,FR,EU,medium
HZB,"Merville-Calonne Airport",2.65,50.61667,FR,EU,medium
XCZ,"null",,,FR,EU,medium
XVO,"Vesoul-Frotey Airport",,,FR,EU,medium
BES,"Brest Bretagne Airport",-4.415827,48.445374,FR,EU,medium
CER,"Cherbourg-Maupertus Airport",-1.465278,49.65111,FR,EU,medium
DNR,"Dinard-Pleurtuit-Saint-Malo Airport",-2.083611,48.587776,FR,EU,medium
LBY,"La Baule-Escoublac Airport",-2.345833,47.28889,FR,EU,medium
GFR,"Granville Airport",-1.566667,48.88333,FR,EU,medium
DOL,"Deauville-Saint-Gatien Airport",0.164167,49.362778,FR,EU,medium
LRT,"Lorient South Brittany (Bretagne Sud) Airport",-3.436394,47.75374,FR,EU,medium
EDM,"La Roche-sur-Yon Airport",-1.383333,46.7,FR,EU,medium
LDV,"Landivisiau Air Base",-4.1,48.5,FR,EU,medium
CFR,"Caen-Carpiquet Airport",-0.459276,49.183437,FR,EU,medium
LME,"Le Mans-Arnage Airport",1.25,48.0,FR,EU,medium
RNS,"Rennes-Saint-Jacques Airport",-1.726249,48.068066,FR,EU,medium
LAI,"null",-3.481944,48.754166,FR,EU,medium
UIP,"Quimper-Cornouaille Airport",-4.170833,47.974445,FR,EU,medium
NTE,"Nantes Atlantique Airport",-1.601402,47.157623,FR,EU,medium
SBK,"Saint-Brieuc-Armor Airport",-2.808889,48.513058,FR,EU,medium
MXN,"Morlaix-Ploujean Airport",-3.816667,48.6,FR,EU,medium
VNE,"Vannes-Meucon Airport",-2.766667,47.65,FR,EU,medium
SNR,"Saint-Nazaire-Montoir Airport",-2.153864,47.312046,FR,EU,medium
QBQ,"null",,,FR,EU,small
BSL,"EuroAirport Basel-Mulhouse-Freiburg Airport",7.532604,47.59961,FR,EU,medium
DIJ,"Dijon-Bourgogne Airport",5.088889,47.270832,FR,EU,medium
MZM,"Metz-Frescaty (BA 128) Air Base",6.134444,49.0725,FR,EU,medium
EPL,"null",6.069444,48.325832,FR,EU,medium
XMF,"null",,,FR,EU,medium
ENC,"Nancy-Essey Airport",6.231667,48.691666,FR,EU,medium
BOR,"Fontaine Airport",7.011667,47.655556,FR,EU,small
RHE,"Reims-Champagne (BA 112) Airport",4.050556,49.310833,FR,EU,medium
SXB,"Strasbourg Airport",7.627674,48.544876,FR,EU,medium
VTL,"Vittel Champ De Course Airport",5.95,48.2,FR,EU,small
XHE,"null",,,FR,EU,medium
FNI,"null",4.416667,43.75,FR,EU,medium
LTT,"null",6.633333,43.283333,FR,EU,small
MQC,"Miquelon Airport",-56.333332,47.05,PM,NA,medium
FSP,"St Pierre Airport",-56.166668,46.916668,PM,NA,medium
PYR,"Andravida Airport",21.466667,37.683334,GR,EU,medium
AGQ,"Agrinion Airport",21.351944,38.604168,GR,EU,small
AXD,"Dimokritos Airport",25.944893,40.856785,GR,EU,medium
HEW,"Athen Helenikon Airport",23.814444,37.947224,GR,EU,small
ATH,"Eleftherios Venizelos International Airport",23.946486,37.93635,GR,EU,large
VOL,"Nea Anchialos Airport",22.93111,39.38333,GR,EU,medium
JKH,"Chios Island National Airport",26.142336,38.345795,GR,EU,medium
PKH,"Porto Cheli Airport",23.147223,37.301388,GR,EU,small
JIK,"Ikaria Airport",26.333332,37.666668,GR,EU,medium
IOA,"Ioannina Airport",20.825832,39.696667,GR,EU,medium
HER,"Heraklion International Nikos Kazantzakis Airport",25.174192,35.33663,GR,EU,large
KSO,"Kastoria National Airport",21.273333,40.450832,GR,EU,medium
KIT,"Kithira Airport",23.025,36.291668,GR,EU,medium
EFL,"Kefallinia Airport",20.505556,38.118057,GR,EU,medium
KZS,"Kastelorizo Airport",29.576376,36.14167,GR,EU,small
KLX,"Kalamata Airport",22.027779,37.069443,GR,EU,medium
KGS,"Kos Airport",27.095278,36.793056,GR,EU,medium
AOK,"Karpathos Airport",27.146729,35.420685,GR,EU,medium
CFU,"Ioannis Kapodistrias International Airport",19.914644,39.60784,GR,EU,medium
KSJ,"Kasos Airport",26.916668,35.42139,GR,EU,small
KVA,"Alexander the Great International Airport",24.619675,40.912994,GR,EU,medium
KZI,"Filippos Airport",21.841944,40.288612,GR,EU,medium
LRS,"Leros Airport",26.783333,37.516666,GR,EU,small
LXS,"Limnos Airport",25.233446,39.923904,GR,EU,medium
LRA,"Larisa Airport",22.463888,39.65111,GR,EU,medium
JMK,"Mikonos Airport",25.344444,37.43611,GR,EU,medium
MLO,"Milos Airport",24.475,36.69611,GR,EU,small
MJT,"Mytilene International Airport",26.599443,39.05611,GR,EU,medium
JNX,"Naxos Airport",25.383333,37.1,GR,EU,small
PAS,"Paros Airport",25.1,37.066666,GR,EU,small
JTY,"Astypalaia Airport",26.366667,36.566666,GR,EU,medium
PVK,"Aktion National Airport",20.765833,38.926388,GR,EU,medium
RHO,"Diagoras Airport",28.090677,36.401867,GR,EU,medium
GPA,"Araxos Airport",21.733334,38.25,GR,EU,medium
CHQ,"Chania International Airport",24.140373,35.5402,GR,EU,medium
JSI,"Skiathos Island National Airport",23.505556,39.180557,GR,EU,medium
SMI,"Samos Airport",26.914417,37.69145,GR,EU,medium
JSY,"Syros Airport",24.95,37.42361,GR,EU,medium
SPJ,"Sparti Airport",22.533333,36.983334,GR,EU,small
JTR,"Santorini Airport",25.475983,36.404263,GR,EU,medium
JSH,"Sitia Airport",26.116667,35.216667,GR,EU,medium
SKU,"Skiros Airport",24.566668,38.916668,GR,EU,medium
SKG,"Thessaloniki Macedonia International Airport",22.972221,40.520832,GR,EU,large
ZTH,"Dionysios Solomos Airport",20.88471,37.753506,GR,EU,medium
BUD,"Budapest Listz Ferenc international Airport",19.261621,47.433037,HU,EU,large
DEB,"Debrecen International Airport",21.7,47.55,HU,EU,medium
MCQ,"Miskolc Airport",20.833332,48.11667,HU,EU,small
PEV,"null",170.6,69.78333,HU,EU,medium
QGY,"null",,,HU,EU,medium
SOB,"null",17.240444,46.71347,HU,EU,medium
TZR,"null",-83.17194,39.90817,HU,EU,medium
QZD,"Szeged Glider Airport",,,HU,EU,small
CRV,"Crotone Airport",17.080778,38.996304,IT,EU,medium
BRI,"Bari / Palese International Airport",16.76391,41.13388,IT,EU,large
FOG,"Foggia / Gino Lisa Airport",15.544367,41.43399,IT,EU,medium
TAR,"Taranto / Grottaglie Airport",17.401943,40.517776,IT,EU,medium
LCC,"Lecce Airport",18.133333,40.24278,IT,EU,medium
PSR,"Pescara International Airport",14.187222,42.43722,IT,EU,medium
BDS,"Brindisi / Casale Airport",17.939053,40.657993,IT,EU,medium
SUF,"Lamezia Terme Airport",16.244972,38.910015,IT,EU,medium
CIY,"Comiso Airport Vincenzo Magliocco",14.609152,36.99621,IT,EU,medium
CTA,"Catania / Fontanarossa Airport",15.065877,37.47066,IT,EU,large
LMP,"Lampedusa Airport",12.616667,35.5,IT,EU,medium
PNL,"Pantelleria Airport",11.966111,36.81361,IT,EU,medium
PMO,"Palermo / Punta Raisi Airport",13.104779,38.186523,IT,EU,large
REG,"Reggio Calabria Airport",15.650833,38.07528,IT,EU,medium
TPS,"Trapani / Birgi Airport",12.495865,37.901386,IT,EU,medium
NSY,"Sigonella Airport",14.933333,37.4,IT,EU,medium
BLX,"Belluno Airport",12.216667,46.15,IT,EU,small
RAN,"Ravenna Airport",12.223333,44.36667,IT,EU,medium
ZIA,"Trento / Mattarello Airport",,,IT,EU,medium
AHO,"Alghero / Fertilia Airport",8.295891,40.630405,IT,EU,medium
DCI,"Decimomannu Airport",8.966667,39.35,IT,EU,medium
CAG,"Cagliari / Elmas Airport",9.060673,39.254333,IT,EU,large
OLB,"Olbia / Costa Smeralda Airport",9.514823,40.903145,IT,EU,medium
TTB,"Tortoli' / Arbatax Airport",9.683333,39.916668,IT,EU,medium
QVA,"Varese / Venegono Airport",,,IT,EU,medium
QMM,"Massa Cinquale Airport",10.146547,43.987595,IT,EU,small
MXP,"Malpensa International Airport",8.71237,45.627403,IT,EU,large
BGY,"Bergamo / Orio Al Serio Airport",9.698713,45.665314,IT,EU,large
TRN,"Torino / Caselle International Airport",7.643049,45.191456,IT,EU,large
ALL,"Villanova D'Albenga International Airport",8.216667,44.05,IT,EU,medium
GOA,"Genova / Sestri Cristoforo Colombo Airport",8.85081,44.415066,IT,EU,large
LIN,"Linate Airport",9.279157,45.460957,IT,EU,large
PMF,"Parma Airport",10.295278,44.822224,IT,EU,medium
QPZ,"Piacenza Airport",,,IT,EU,medium
AOT,"Aosta Airport",7.3625,45.73861,IT,EU,medium
CUF,"Cuneo / Levaldigi Airport",7.6175,44.53528,IT,EU,medium
AVB,"Aviano Air Base",12.6,46.033333,IT,EU,medium
BZO,"Bolzano Airport",11.330511,46.462444,IT,EU,medium
UDN,"Udine / Campoformido Air Base",13.183333,46.033333,IT,EU,small
BLQ,"Bologna / Borgo Panigale Airport",11.293289,44.529266,IT,EU,large
TSF,"Treviso / Sant'Angelo Airport",12.204444,45.655113,IT,EU,large
FRL,"null",12.07076,44.19857,IT,EU,medium
VBS,"Brescia / Montichiari Airport",10.326545,45.425446,IT,EU,medium
TRS,"Trieste / Ronchi Dei Legionari",13.485678,45.82078,IT,EU,medium
RMI,"Rimini / Miramare - Federico Fellini International Airport",12.619594,44.022953,IT,EU,medium
VIC,"Vicenza Airport",11.55,45.55,IT,EU,medium
QPA,"Padova Airport",,,IT,EU,medium
VRN,"Verona / Villafranca Airport",10.906796,45.40233,IT,EU,large
AOI,"Ancona / Falconara Airport",13.355723,43.60691,IT,EU,medium
VCE,"Venezia / Tessera -  Marco Polo Airport",12.337947,45.502285,IT,EU,large
QZO,"Arezzo Airport",,,IT,EU,small
LCV,"Lucca / Tassignano Airport",10.583333,43.833332,IT,EU,small
QRT,"Rieti Airport",,,IT,EU,small
SAY,"Siena / Ampugnano Airport",11.25,43.25,IT,EU,medium
CIA,"Ciampino Airport",12.590987,41.799065,IT,EU,large
FCO,"Leonardo Da Vinci (Fiumicino) International Airport",12.250346,41.794594,IT,EU,large
QFR,"Frosinone Military Airport",,,IT,EU,small
QSR,"Salerno / Pontecagnano Airport",14.92084,40.620148,IT,EU,medium
EBA,"Marina Di Campo Airport",10.240409,42.763103,IT,EU,medium
QLT,"Latina Airport",,,IT,EU,medium
NAP,"null",14.291667,40.886112,IT,EU,large
PSA,"Pisa / San Giusto - Galileo Galilei International Airport",10.399915,43.69871,IT,EU,large
FLR,"Firenze / Peretola Airport",11.201989,43.802128,IT,EU,medium
GRS,"Grosseto Airport",11.070556,42.761944,IT,EU,medium
PEG,"Perugia / San Egidio Airport",12.366667,43.13333,IT,EU,medium
LJU,"null",14.454972,46.23102,SI,EU,large
MBX,"Maribor Airport",15.686741,46.4785,SI,EU,medium
POW,"Portoroz Airport",13.583333,45.516666,SI,EU,medium
GTW,"null",17.516666,49.2,CZ,EU,small
UHE,"Kunovice Airport",17.45,49.066666,CZ,EU,medium
KLV,"Karlovy Vary International Airport",12.916667,50.2,CZ,EU,medium
MKA,"null",12.716667,49.983334,CZ,EU,small
OSR,"null",18.121284,49.69552,CZ,EU,medium
PED,"Pardubice Airport",15.738611,50.013332,CZ,EU,medium
PRV,"P?erov Air Base",17.208332,49.59028,CZ,EU,medium
PRG,"Ruzyn? International Airport",14.266638,50.10619,CZ,EU,large
BRQ,"Brno-Tu?any Airport",16.7,49.15,CZ,EU,medium
ZBE,"Zabreh Ostrava Airport",16.866667,49.88333,CZ,EU,small
TLV,"Ben Gurion International Airport",34.870743,32.000454,IL,AS,large
BEV,"Be'er Sheva (Teyman) Airport",34.8,31.25,IL,AS,small
ETH,"Eilat Airport",34.95357,29.555616,IL,AS,medium
EIY,"Ein Yahav Airfield",35.183334,30.633333,IL,AS,small
HFA,"Haifa International Airport",35.044594,32.811466,IL,AS,medium
RPN,"Ben Ya'akov Airport",35.57111,32.981667,IL,AS,medium
KSW,"Kiryat Shmona Airport",35.566666,33.216667,IL,AS,small
MTZ,"Bar Yehuda Airfield",35.75,33.233334,IL,AS,medium
VTM,"Nevatim Air Base",,,IL,AS,medium
VDA,"Ovda International Airport",34.9339,29.952015,IL,AS,large
MIP,"Ramon Air Base",34.8,30.6,IL,AS,medium
SDV,"Sde Dov Airport",34.787857,32.104885,IL,AS,medium
YOT,"Yotvata Airfield",35.066666,29.9,IL,AS,small
MLA,"Luqa Airport",14.495401,35.849777,MT,EU,large
HOH,"Hohenems-Dornbirn Airport",9.7,47.38333,AT,EU,small
GRZ,"Graz Airport",15.444928,46.994125,AT,EU,medium
INN,"Innsbruck Airport",11.351467,47.25745,AT,EU,medium
KLU,"Klagenfurt Airport",14.324192,46.650124,AT,EU,medium
LNZ,"Linz Airport",14.193345,48.23987,AT,EU,medium
SZG,"Salzburg Airport",12.997331,47.791225,AT,EU,medium
VIE,"Vienna International Airport",16.563583,48.11972,AT,EU,large
SMA,"Santa Maria Airport",-25.1,36.966667,PT,EU,medium
BGC,"Braganca Airport",-6.75,41.816666,PT,EU,medium
BYJ,"Beja International Airport",,,PT,EU,medium
BGZ,"Braga Municipal Aerodrome",-8.433333,41.55,PT,EU,medium
CHV,"Chaves Airport",-7.466667,41.733334,PT,EU,small
CBP,"Coimbra Airport",-8.416667,40.2,PT,EU,medium
CVU,"Corvo Airport",-31.1,39.7,PT,EU,small
COV,"Covilha Airport",-7.5,40.283333,PT,EU,medium
FLW,"Flores Airport",-31.15,39.466667,PT,EU,medium
FAO,"Faro Airport",-7.968545,37.020645,PT,EU,large
GRW,"Graciosa Airport",-28.027958,39.090954,PT,EU,medium
HOR,"Horta Airport",-28.717222,38.52,PT,EU,medium
TER,"Lajes Field",-27.08757,38.754074,PT,EU,large
FNC,"Madeira Airport",-16.775635,32.693123,PT,EU,medium
PAF,"Montijo Airport",31.554146,2.203072,PT,EU,medium
PDL,"null",-25.696468,37.743847,PT,EU,large
PIX,"Pico Airport",-28.3,38.466667,PT,EU,medium
PRM,"Portimao Airport",-8.533333,37.13333,PT,EU,medium
OPO,"null",-8.670272,41.237774,PT,EU,large
PXO,"Porto Santo Airport",-16.345015,33.070023,PT,EU,medium
LIS,"Lisbon Portela Airport",-9.128165,38.770042,PT,EU,large
SIE,"Sines Airport",-8.85,37.933334,PT,EU,small
SJZ,"null",-28.16843,38.664616,PT,EU,medium
VRL,"Vila Real Airport",-7.75,41.3,PT,EU,medium
VSE,"Viseu Airport",-7.916667,40.65,PT,EU,medium
BNX,"Banja Luka International Airport",17.3,44.933334,BA,EU,medium
OMO,"Mostar International Airport",17.846666,43.285557,BA,EU,medium
SJJ,"Sarajevo International Airport",18.336065,43.826687,BA,EU,large
TZL,"Tuzla International Airport",18.709167,44.40972,BA,EU,medium
ARW,"Arad International Airport",21.266666,46.183334,RO,EU,medium
BCM,"Bac?u Airport",26.881945,46.59861,RO,EU,medium
BAY,"Tautii Magheraus Airport",23.466667,47.65,RO,EU,medium
BBU,"B?neasa International Airport",26.080996,44.495934,RO,EU,medium
CND,"Mihail Kog?lniceanu International Airport",28.483334,44.35,RO,EU,medium
CLJ,"Cluj-Napoca International Airport",23.687014,46.782063,RO,EU,medium
CSB,"Caransebe? Airport",22.216667,45.416668,RO,EU,medium
CRA,"Craiova Airport",23.886389,44.31889,RO,EU,medium
IAS,"Ia?i Airport",27.616993,47.176987,RO,EU,medium
OMR,"Oradea International Airport",21.903055,47.0275,RO,EU,medium
OTP,"Henri Coand? International Airport",26.077063,44.571156,RO,EU,large
SBZ,"Sibiu International Airport",24.093529,45.789757,RO,EU,medium
SUJ,"Satu Mare Airport",22.883333,47.7,RO,EU,medium
SCV,"Suceava Stefan cel Mare Airport",26.356112,47.689445,RO,EU,medium
TCE,"Tulcea Airport",28.816668,45.183334,RO,EU,medium
TGM,"null",24.533333,46.533333,RO,EU,medium
TSR,"Timi?oara Traian Vuia Airport",21.32012,45.809925,RO,EU,medium
GVA,"Geneva Cointrin International Airport",6.105774,46.229633,CH,EU,large
QNC,"Neuchatel Airport",,,CH,EU,small
SIR,"Sion Airport",7.333333,46.25,CH,EU,medium
ZIN,"Interlaken Air Base",8.983056,13.779444,CH,EU,small
LUG,"Lugano Airport",8.966667,46.016666,CH,EU,medium
BRN,"Bern Belp Airport",7.50356,46.911728,CH,EU,medium
BXO,"Buochs Airport",8.383333,46.966667,CH,EU,small
ZHI,"Grenchen Airport",,,CH,EU,medium
ZRH,"null",8.561746,47.450603,CH,EU,large
ZJI,"Locarno Airport",,,CH,EU,small
ACH,"St Gallen Altenrhein Airport",9.566667,47.483334,CH,EU,medium
SMV,"Samedan Airport",9.885556,46.53472,CH,EU,medium
GKD,"Imroz Airport",,,TR,EU,small
ESB,"Esenbo?a International Airport",32.993145,40.11494,TR,AS,large
ANK,"Etimesgut Air Base",32.833332,39.983334,TR,AS,medium
ADA,"Adana Airport",35.29736,36.98503,TR,AS,large
UAB,"?ncirlik Air Base",35.41833,37.00028,TR,AS,medium
AFY,"Afyon Airport",30.6,38.733334,TR,AS,medium
AYT,"Antalya International Airport",30.80135,36.89928,TR,AS,large
GZT,"Gaziantep International Airport",37.473747,36.944935,TR,AS,large
ISK,"?skenderun Airport",73.811264,19.966942,TR,AS,small
KFS,"Kastamonu Airport",33.794952,41.306446,TR,AS,small
KYA,"Konya Airport",32.56222,37.979168,TR,AS,medium
MZH,"Amasya Merzifon Airport",35.533333,40.88333,TR,AS,medium
SSX,"Samsun Samair Airport",36.30361,41.27833,TR,AS,small
VAS,"Sivas Airport",36.904167,39.81389,TR,AS,medium
ONQ,"Zonguldak Airport",32.1,41.516666,TR,AS,small
MLX,"null",38.253613,38.354443,TR,AS,medium
ASR,"Kayseri Erkilet Airport",35.490707,38.7742,TR,AS,medium
TJK,"Tokat Airport",36.36778,40.302223,TR,AS,medium
DNZ,"null",29.703333,37.787224,TR,AS,medium
NAV,"Nev?ehir Kapadokya International Airport",34.716667,38.63333,TR,AS,large
IST,"null",28.815277,40.976665,TR,EU,large
BTZ,"Bursa Airport",29.009722,40.234444,TR,AS,small
BZI,"Bal?kesir Merkez Airport",27.927778,39.61722,TR,AS,medium
BDM,"Band?rma Airport",27.977222,40.318333,TR,AS,medium
CKZ,"null",26.4,40.13333,TR,AS,medium
ESK,"Eski?ehir Air Base",30.582111,39.784138,TR,AS,medium
ADB,"Adnan Menderes International Airport",27.147594,38.294403,TR,AS,large
IGL,"null",27.159445,38.31889,TR,AS,medium
USQ,"U?ak Airport",29.471945,38.68222,TR,AS,small
KCO,"Cengiz Topel Airport",30.083336,40.735027,TR,AS,medium
YEI,"Bursa Yeni?ehir Airport",29.55,40.233334,TR,AS,medium
DLM,"Dalaman International Airport",28.794546,36.717552,TR,AS,large
TEQ,"null",27.5,40.966667,TR,EU,medium
BXN,"Ims?k Airport",27.667221,37.134724,TR,AS,small
AOE,"Anadolu University Airport",30.519444,39.81,TR,AS,medium
EZS,"Elaz?? Airport",39.291668,38.608334,TR,AS,medium
DIY,"Diyarbakir Airport",40.20458,37.903873,TR,AS,medium
ERC,"Erzincan Airport",39.516945,39.711666,TR,AS,medium
ERZ,"Erzurum International Airport",41.17361,39.955555,TR,AS,large
KSY,"Kars Airport",43.085835,40.551666,TR,AS,medium
TZX,"Trabzon International Airport",39.78168,40.99419,TR,AS,large
SFQ,"?anl?urfa Airport",38.85,37.085278,TR,AS,medium
VAN,"Van Ferit Melen Airport",43.332222,38.45861,TR,AS,medium
BAL,"Batman Airport",41.083332,37.916668,TR,AS,medium
MSR,"Mu? Airport",41.625,38.725,TR,AS,medium
SXZ,"Siirt Airport",41.84,37.98,TR,AS,medium
SIC,"Sinop Airport",35.06889,42.0175,TR,AS,small
KCM,"Kahramanmara? Airport",36.950558,37.534443,TR,AS,medium
AJI,"A?r? Airport",43.025,39.65,TR,AS,medium
ADF,"Ad?yaman Airport",38.266666,37.75,TR,AS,medium
MQM,"Mardin Airport",40.6317,37.2233,TR,AS,medium
GNY,"?anl?urfa GAP Airport",38.846943,37.094166,TR,AS,medium
HTY,"Hatay Airport",36.28057,36.364544,TR,AS,medium
ISE,"null",30.382221,37.86611,TR,AS,large
EDO,"null",27.033333,39.583332,TR,AS,medium
BJV,"Milas Bodrum International Airport",27.672781,37.243954,TR,AS,large
SZF,"null",36.555058,41.25738,TR,AS,medium
SAW,"null",29.309189,40.904675,TR,AS,large
GZP,"Gazipa?a Airport",32.3014,36.2993,TR,AS,medium
BZY,"Balti International Airport",27.933332,47.75,MD,EU,medium
KIV,"Chi?in?u International Airport",28.934967,46.935444,MD,EU,medium
OHD,"Ohrid St. Paul the Apostle Airport",20.743055,41.185,MK,EU,medium
SKP,"Skopje Alexander the Great Airport",21.62872,41.95649,MK,EU,medium
GIB,"Gibraltar Airport",-5.349271,36.153763,GI,EU,medium
BCQ,"Brack Airport",14.216667,27.683332,LY,AF,medium
DNF,"Martubah Airport",22.766666,32.55,LY,AF,small
MRA,"Misratah Airport",15.066667,32.4,LY,AF,small
QUB,"Ubari Airport",12.820452,26.568268,LY,AF,small
UZC,"Ponikve Airport",19.697403,43.898834,RS,EU,small
BEG,"Belgrade Nikola Tesla Airport",20.306944,44.819443,RS,EU,large
LJB,"Airport Lisicji Jarak",,,RS,EU,small
IVG,"Berane Airport",19.862028,42.839027,ME,EU,small
BJY,"Batajnica Air Base",20.2575,44.93528,RS,EU,medium
GJA,"?akovica Airfield",-85.90583,16.445,KS,EU,medium
KID,"Airport Drakslerov salas Kikinda",14.088889,55.919445,RS,EU,small
INI,"Nis Airport",21.851667,43.33389,RS,EU,medium
QND,"Cenej Airport",,,RS,EU,small
TGD,"Podgorica Airport",19.246023,42.368023,ME,EU,large
TIV,"Tivat Airport",18.725555,42.40361,ME,EU,medium
BTS,"null",17.199799,48.170017,SK,EU,large
KSC,"null",21.25,48.666668,SK,EU,medium
LUE,"Lu?enec Airport",19.666668,48.333332,SK,EU,small
PZY,"null",17.833332,48.63333,SK,EU,medium
POV,"null",21.25,49.0,SK,EU,small
SLD,"Slia? Airport",19.133333,48.63333,SK,EU,medium
ILZ,"null",18.766666,49.233334,SK,EU,medium
GLN,"Goulimime Airport",-10.066667,29.016666,MA,AF,small
GDT,"JAGS McCartney International Airport",-71.13333,21.466667,TC,NA,medium
MDS,"Middle Caicos Airport",-71.71667,21.783333,TC,NA,small
NCA,"North Caicos Airport",-71.98333,21.933332,TC,NA,medium
PIC,"Pine Cay Airport",-72.1,21.883333,TC,NA,small
PLS,"Providenciales Airport",-72.26833,21.769167,TC,NA,medium
XSC,"South Caicos Airport",-71.529724,21.515833,TC,NA,medium
SLX,"Salt Cay Airport",-71.20167,21.333332,TC,NA,small
EPS,"Arroyo Barril International Airport",-69.5,19.25,DO,NA,medium
BRX,"Maria Montez International Airport",-71.11667,18.216667,DO,NA,medium
CBJ,"Cabo Rojo Airport",-71.65,17.933332,DO,NA,medium
AZS,"null",-69.736946,19.270555,DO,NA,small
COZ,"Constanza Dom Re Airport",-70.71667,18.9,DO,NA,small
JBQ,"La Isabela International Airport",-69.98144,18.575731,DO,NA,medium
LRM,"Casa De Campo International Airport",-68.9,18.416668,DO,NA,medium
PUJ,"Punta Cana International Airport",-68.364,18.562477,DO,NA,medium
POP,"Gregorio Luperon International Airport",-70.56315,19.754942,DO,NA,medium
MDR,"Medfra Airport",-154.71666,63.106945,US,NA,small
SNX,"Sabana de Mar Airport",-69.4,19.116667,DO,NA,small
SDQ,"null",-69.67674,18.430124,DO,NA,large
STI,"Cibao International Airport",-70.603355,19.404486,DO,NA,medium
DOA,"Doany Airport",49.5,-14.366667,MG,AF,small
CBV,"Coban Airport",-90.409164,15.471667,GT,NA,medium
CMM,"Carmelita Airport",-90.05333,17.458332,GT,NA,small
CTF,"Coatepeque Airport",-91.916664,14.766667,GT,NA,small
GUA,"La Aurora Airport",-90.53068,14.588071,GT,NA,medium
HUG,"Huehuetenango Airport",-91.46667,15.333333,GT,NA,small
MCR,"Melchor de Mencos Airport",-92.00833,17.0,GT,NA,small
PBR,"Puerto Barrios Airport",-88.60611,15.723056,GT,NA,medium
PON,"null",-89.433334,16.35,GT,NA,small
AQB,"Santa Cruz del Quiche Airport",,,GT,NA,small
AAZ,"Quezaltenango Airport",,,GT,NA,small
RUV,"Rubelsanto Airport",-90.333336,15.833333,GT,NA,medium
RER,"Retalhuleu Airport",-91.696945,14.520278,GT,NA,medium
GSJ,"null",,,GT,NA,medium
FRS,"Mundo Maya International Airport",-89.88333,16.916668,GT,NA,medium
AIM,"Ailuk Airport",169.98334,10.2,MH,OC,small
AUL,"Aur Island Airport",171.16667,8.133333,MH,OC,small
BII,"Enyu Airfield",165.56512,11.525081,MH,OC,small
EBN,"Ebadon Airport",166.8,9.333333,MH,OC,small
JAT,"Jabot Airport",168.96666,7.75,MH,OC,small
JEJ,"Jeh Airport",168.96513,7.569916,MH,OC,small
KBT,"Kaben Airport",170.91667,9.166667,MH,OC,small
LIK,"Likiep Airport",169.31667,9.816667,MH,OC,small
LML,"Lae Island Airport",166.25,8.916667,MH,OC,small
MAV,"Maloelap Island Airport",171.1,8.75,MH,OC,small
MJB,"Mejit Atoll Airport",170.88333,10.283333,MH,OC,small
MJE,"Majkin Airport",170.0,9.0,MH,OC,small
NDK,"Namorik Atoll Airport",168.11667,5.633333,MH,OC,small
RNP,"Rongelap Island Airport",166.88333,11.15,MH,OC,small
TIC,"Tinak Airport",171.78334,7.05,MH,OC,small
UIT,"Jaluit Airport",169.61667,5.833333,MH,OC,small
WJA,"Woja Airport",168.55296,7.453653,MH,OC,small
WTE,"Wotje Atoll Airport",170.26666,9.45,MH,OC,small
WTO,"Wotho Island Airport",166.03334,10.166667,MH,OC,small
AHS,"Ahuas Airport",-84.425,15.441667,HN,NA,small
BHG,"Brus Laguna Airport",-84.543335,15.734722,HN,NA,small
CAA,"Catacamas Airport",-85.89445,14.830556,HN,NA,small
CDD,"Cauquira Airport",-83.602776,15.322222,HN,NA,small
JUT,"Jutigalpa airport",-86.29305,14.673333,HN,NA,small
LCE,"Goloson International Airport",-86.85722,15.740556,HN,NA,medium
LEZ,"La Esperanza Airport",-88.166664,14.25,HN,NA,small
SAP,"null",-87.927795,15.456245,HN,NA,medium
GJA,"La Laguna Airport",-85.90583,16.445,HN,NA,medium
PEU,"Puerto Lempira Airport",-83.76667,15.216667,HN,NA,small
RTB,"Juan Manuel Galvez International Airport",-86.52722,16.318209,HN,NA,medium
SDH,"null",-88.77639,14.777222,HN,NA,small
RUY,"Copan Ruinas Airport",-88.0,15.0,HN,NA,small
XPL,"Coronel Enrique Soto Cano Air Base",-87.61667,14.416667,HN,NA,medium
TEA,"Tela Airport",-87.48778,15.771667,HN,NA,medium
TGU,"null",-87.21972,14.060123,HN,NA,medium
TJI,"Trujillo Airport",-85.939445,15.925833,HN,NA,medium
SCD,"Sulaco Airport",-87.26667,14.916111,HN,NA,small
UII,"Utila Airport",-86.8875,16.091667,HN,NA,small
MJG,"Areopuerto Internacional Michael Gonzalez",-79.0,21.758333,PR,NA,small
OCJ,"Boscobel Aerodrome",-76.96972,18.400557,JM,NA,medium
KIN,"Norman Manley International Airport",-76.77816,17.93775,JM,NA,large
MBJ,"Sangster International Airport",-77.91663,18.498465,JM,NA,medium
POT,"Ken Jones Airport",-76.53555,18.198334,JM,NA,medium
NEG,"Negril Airport",-78.333336,18.308332,JM,NA,small
KTP,"Tinson Pen Airport",-76.82333,17.9875,JM,NA,medium
MIJ,"Mili Island Airport",171.75,6.083333,MH,OC,small
HEB,"Henzada Airport",95.46667,17.633333,MM,AS,small
ACA,"General Juan N Alvarez International Airport",-99.75459,16.762403,MX,NA,large
NTR,"Del Norte International Airport",-100.316666,25.666668,MX,NA,medium
AGU,"Jesus Teran International Airport",-102.31374,21.701416,MX,NA,medium
HUX,"null",-96.23556,15.768333,MX,NA,medium
CNA,"Cananea Airport",-110.333336,31.0,MX,NA,small
CVJ,"General Mariano Matamoros Airport",-99.262276,18.834608,MX,NA,medium
ACN,"null",-100.916664,29.3,MX,NA,small
CME,"Ciudad del Carmen International Airport",-91.802734,18.65103,MX,NA,medium
NCG,"Nuevo Casas Grandes Airport",-107.916664,30.416668,MX,NA,small
CUL,"Federal de Bachigualato International Airport",-107.46958,24.76643,MX,NA,medium
CTM,"Chetumal International Airport",-88.333336,18.481943,MX,NA,medium
CEN,"null",-109.839165,27.391945,MX,NA,medium
CJT,"Comitan Airport",-92.05,16.166668,MX,NA,small
CPE,"null",-90.509445,19.835,MX,NA,medium
CJS,"null",-106.4361,31.63593,MX,NA,medium
CZA,"Chichen Itza International Airport",-88.566666,20.666668,MX,NA,medium
CUU,"General Roberto Fierro Villalobos International Airport",-105.96952,28.704048,MX,NA,medium
CVM,"General Pedro Jose Mendez International Airport",-98.96528,23.713888,MX,NA,medium
CYW,"Captain Rogelio Castillo National Airport",-100.9,20.55,MX,NA,medium
CZM,"Cozumel International Airport",-86.930466,20.5112,MX,NA,medium
CUA,"null",-111.664444,25.036943,MX,NA,medium
MMC,"Ciudad Mante National Airport",-99.0,22.833332,MX,NA,small
DGO,"General Guadalupe Victoria International Airport",-104.525,24.125,MX,NA,medium
TPQ,"Amado Nervo National Airport",-104.9,21.5,MX,NA,medium
ESE,"Ensenada Airport",-116.61667,31.866667,MX,NA,small
GDL,"Don Miguel Hidalgo Y Costilla International Airport",-103.29921,20.525198,MX,NA,large
GYM,"null",-110.93056,27.955557,MX,NA,medium
GUB,"Guerrero Negro Airport",-114.066666,28.033333,MX,NA,small
TCN,"Tehuacan Airport",-97.41778,18.499722,MX,NA,small
HMO,"General Ignacio P. Garcia International Airport",-111.051704,29.089905,MX,NA,large
CLQ,"Lic. Miguel de la Madrid Airport",-103.65,19.3,MX,NA,medium
ISJ,"Isla Mujeres Airport",-86.75,21.266666,MX,NA,small
SLW,"Plan De Guadalupe International Airport",-100.916664,25.55,MX,NA,medium
IZT,"Ixtepec Airport",-95.10833,16.569166,MX,NA,medium
JAL,"El Lencero Airport",-96.781944,19.472221,MX,NA,medium
AZP,"Atizapan De Zaragoza Airport",-99.1,19.416668,MX,NA,small
LZC,"null",-102.21667,18.0,MX,NA,medium
LMM,"Valle del Fuerte International Airport",-108.98333,25.816668,MX,NA,medium
BJX,"null",-101.479,20.985699,MX,NA,medium
LAP,"null",-110.367836,24.076088,MX,NA,medium
LTO,"Loreto International Airport",-111.35,25.983334,MX,NA,medium
MAM,"General Servando Canales International Airport",-97.52361,25.770279,MX,NA,medium
MID,"Licenciado Manuel Crescencio Rejon Int Airport",-89.66375,20.933823,MX,NA,medium
MUG,"Mulege Airport",-111.98333,26.916668,MX,NA,small
MXL,"null",-115.248215,32.6282,MX,NA,medium
MLM,"General Francisco J. Mujica International Airport",-101.02693,19.84351,MX,NA,medium
MTT,"null",-94.51667,17.983334,MX,NA,medium
LOV,"Monclova International Airport",-101.416664,26.9,MX,NA,medium
MEX,"Licenciado Benito Juarez International Airport",-99.07278,19.435278,MX,NA,large
MTY,"General Mariano Escobedo International Airport",-100.114395,25.77657,MX,NA,large
MZT,"General Rafael Buelna International Airport",-106.27015,23.167315,MX,NA,medium
NOG,"Nogales International Airport",-110.933334,31.333332,MX,NA,small
NLD,"null",-99.566666,27.434723,MX,NA,medium
OAX,"null",-96.721634,17.000883,MX,NA,medium
PAZ,"null",-97.467224,20.516666,MX,NA,medium
PBC,"null",-98.3675,19.135,MX,NA,medium
PDS,"Piedras Negras International Airport",-100.53604,28.628948,MX,NA,medium
UPN,"Licenciado y General Ignacio Lopez Rayon Airport",-102.04722,19.411112,MX,NA,medium
PQM,"Palenque International Airport",-92.00833,17.5,MX,NA,small
PVR,"null",-105.24898,20.678297,MX,NA,large
PXM,"Puerto Escondido International Airport",-97.083336,15.85,MX,NA,medium
QRO,"null",-100.38333,20.6,MX,NA,medium
REX,"General Lucio Blanco International Airport",-98.23,26.0125,MX,NA,medium
SZT,"San Cristobal De Las Casas Airport",-92.54417,16.690556,MX,NA,small
SJD,"Los Cabos International Airport",-109.717285,23.162354,MX,NA,large
SFH,"San Felipe International Airport",-114.86667,31.0,MX,NA,small
SLP,"Ponciano Arriaga International Airport",-100.936806,22.255466,MX,NA,medium
TGM,"null",24.533333,46.533333,MX,NA,medium
TRC,"Francisco Sarabia International Airport",-103.39874,25.563066,MX,NA,medium
TIJ,"null",-116.97466,32.546284,MX,NA,large
TAM,"General Francisco Javier Mina International Airport",-97.87016,22.289082,MX,NA,medium
TSL,"Tamuin Airport",-98.75,21.983334,MX,NA,small
TLC,"Licenciado Adolfo Lopez Mateos International Airport",-99.56049,19.333355,MX,NA,medium
TAP,"Tapachula International Airport",-92.25306,14.909722,MX,NA,medium
WIX,"Tuxpan Airport",,,MX,NA,small
CUN,"null",-86.874435,21.040457,MX,NA,large
VSA,"null",-92.818985,17.99243,MX,NA,medium
VER,"General Heriberto Jara International Airport",-96.18321,19.142275,MX,NA,medium
ZCL,"General Leobardo C. Ruiz International Airport",-102.55,22.8,MX,NA,medium
ZIH,"Ixtapa Zihuatanejo International Airport",-101.464066,17.606783,MX,NA,medium
ZMM,"Zamora Airport",-102.26667,19.983334,MX,NA,small
ZLO,"Playa De Oro International Airport",-104.350555,19.113333,MX,NA,medium
MXW,"Mandalgobi Airport",106.28333,45.766666,MN,AS,small
ULG,"null",89.96667,48.966667,MN,AS,small
ULZ,"Jibhalanta Airport",96.85,47.75,MN,AS,small
BEF,"Bluefields Airport",-83.76861,11.996944,NI,NA,medium
BZA,"San Pedro Airport",-84.6,13.95,NI,NA,small
RNI,"Corn Island",-83.066666,12.15,NI,NA,small
MGA,"Augusto C. Sandino (Managua) International Airport",-86.171265,12.144838,NI,NA,medium
NVG,"Nueva Guinea Airport",-84.45,11.666667,NI,NA,small
PUZ,"Puerto Cabezas Airport",-83.38361,14.045278,NI,NA,medium
RFS,"Rosita Airport",-84.4,13.883333,NI,NA,small
NCR,"San Carlos",-84.833336,11.25,NI,NA,small
SIU,"Siuna",-84.77778,13.727222,NI,NA,small
WSP,"Waspam Airport",-84.01667,14.683333,NI,NA,small
BOC,"Bocas Del Toro International Airport",-82.251945,9.34,PA,NA,medium
CTD,"Alonso Valderrama Airport",-80.433334,7.966667,PA,NA,medium
CHX,"null",-82.45,9.45,PA,NA,medium
DAV,"Enrique Malek International Airport",-82.433334,8.383333,PA,NA,medium
ONX,"Enrique Adolfo Jimenez Airport",-79.9,9.35,PA,NA,medium
BLB,"Howard Airport",-79.59809,8.914011,PA,NA,small
JQE,"null",-78.166664,7.5,PA,NA,small
PLP,"Captain Ramon Xatruch Airport",-78.13333,8.333333,PA,NA,small
PAC,"Marcos A. Gelabert International Airport",-79.55561,8.971004,PA,NA,medium
SYP,"Ruben Cantu Airport",-80.98333,8.1,PA,NA,medium
PTY,"Tocumen International Airport",-79.38764,9.066897,PA,NA,large
NBL,"San Blas Airport",-79.0,9.3,PA,NA,small
FON,"Arenal Airport",-84.48333,10.4,CR,NA,small
TTQ,"Aerotortuguero Airport",-83.51667,10.566667,CR,NA,medium
BAI,"Buenos Aires Airport",-83.333336,9.166667,CR,NA,medium
BCL,"Barra del Colorado Airport",-82.96667,10.833333,CR,NA,medium
CSC,"Codela Airport",-85.48333,10.766667,CR,NA,small
OTR,"Coto 47 Airport",-82.933334,8.566667,CR,NA,medium
RIK,"Carrillo Airport",-85.48333,9.866667,CR,NA,small
TNO,"Cabo Velas Airport",-85.815475,10.314033,CR,NA,small
FMG,"Flamingo Airport",-85.78333,10.416667,CR,NA,small
GLF,"Golfito Airport",-83.18083,8.651389,CR,NA,medium
GPL,"Guapiles Airport",-83.8,10.2,CR,NA,medium
PBP,"Islita Airport",-85.166664,10.416667,CR,NA,small
LIR,"Daniel Oduber Quiros International Airport",-85.53839,10.600005,CR,NA,medium
LSL,"Los Chiles Airport",-84.7,11.033333,CR,NA,medium
LIO,"Limon International Airport",-83.02111,9.955833,CR,NA,medium
NCT,"Guanacaste Airport",-85.445,10.138889,CR,NA,small
NOM,"Nosara Airport",142.21666,-6.3,CR,NA,medium
SJO,"Juan Santamaria International Airport",-84.20408,9.998238,CR,NA,medium
PJM,"Puerto Jimenez Airport",-83.333336,8.583333,CR,NA,medium
PMZ,"Palmar Sur Airport",-83.46598,8.950836,CR,NA,medium
SYQ,"Tobias Bolanos International Airport",-84.13333,9.95,CR,NA,medium
XQP,"Quepos Managua Airport",-84.13335,9.439146,CR,NA,medium
RFR,"Rio Frio / Progreso Airport",-83.88333,10.333333,CR,NA,small
PLD,"Playa Samara Airport",-85.416664,10.25,CR,NA,small
TOO,"San Vito De Java Airport",-82.96667,8.833333,CR,NA,medium
TNO,"Tamarindo De Santa Cruz Airport",-85.815475,10.314033,CR,NA,small
TMU,"Tambor Airport",-85.01667,9.733333,CR,NA,small
UPL,"Upala Airport",-85.03333,10.783333,CR,NA,medium
SAL,"El Salvador International Airport",-89.05723,13.445126,SV,NA,medium
CYA,"Les Cayes Airport",-73.78833,18.269722,HT,NA,medium
CAP,"Cap Haitien International Airport",-72.195,19.732779,HT,NA,medium
JAK,"Jacmel Airport",-72.51861,18.240557,HT,NA,medium
JEE,"null",-74.16972,18.662222,HT,NA,medium
PAP,"Toussaint Louverture International Airport",-72.29471,18.575394,HT,NA,medium
PAX,"Port-de-Paix Airport",-72.84167,19.933332,HT,NA,medium
MTU,"Montepuez Airport",38.983334,-13.133333,MZ,AF,small
BCA,"Gustavo Rizo Airport",-74.5,20.35,CU,NA,medium
BWW,"Las Brujas Airport",,,CU,NA,small
BYM,"Carlos Manuel de Cespedes Airport",-76.65,20.383333,CU,NA,medium
AVI,"Maximo Gomez Airport",-78.79139,22.025,CU,NA,medium
CCC,"Jardines Del Rey Airport",-78.32861,22.461111,CU,NA,medium
CFG,"Jaime Gonzalez Airport",-80.41417,22.15,CU,NA,medium
CYO,"Vilo Acuna International Airport",-81.51667,21.616667,CU,NA,medium
CMW,"Ignacio Agramonte International Airport",-77.849724,21.418612,CU,NA,medium
QCO,"null",,,CU,NA,small
SCU,"Antonio Maceo International Airport",-75.83583,19.969168,CU,NA,medium
NBW,"Leeward Point Field",-75.23333,20.166668,CU,NA,medium
GAO,"Mariana Grajales Airport",-75.15861,20.084723,CU,NA,medium
HAV,"null",-82.40818,22.99845,CU,NA,large
HOG,"Frank Pais International Airport",-76.315,20.785278,CU,NA,medium
VRO,"Kawama Airport",-81.3,23.133333,CU,NA,medium
LCL,"La Coloma Airport",-83.61667,22.283333,CU,NA,medium
UMA,"Punta de Maisi Airport",,,CU,NA,small
MJG,"Mayajigua Airport",-79.0,21.758333,CU,NA,small
MOA,"Orestes Acosta Airport",-74.88333,20.5,CU,NA,medium
MZO,"Sierra Maestra Airport",-77.12889,20.325,CU,NA,medium
QSN,"San Nicolas De Bari Airport",,,CU,NA,medium
ICR,"Nicaro Airport",-75.975,20.983334,CU,NA,small
GER,"Rafael Cabrera Airport",-82.78,21.8375,CU,NA,medium
UPB,"Playa Baracoa Airport",-82.579445,23.032778,CU,NA,medium
QPD,"Pinar Del Rio Airport",,,CU,NA,medium
SNU,"Abel Santamaria Airport",-79.94194,22.491943,CU,NA,medium
SNJ,"San Julian Air Base",-84.15,22.083332,CU,NA,medium
SZJ,"Siguanea Airport",-82.954445,21.643059,CU,NA,medium
USS,"Sancti Spiritus Airport",-79.55,21.866667,CU,NA,small
TND,"Alberto Delgado Airport",-80.0,21.8,CU,NA,medium
VRA,"Juan Gualberto Gomez International Airport",-81.43694,23.039896,CU,NA,large
VTU,"Hermanos Ameijeiras Airport",-76.95,20.966667,CU,NA,medium
CYB,"Gerrard Smith International Airport",-79.87941,19.690191,KY,NA,medium
LYB,"Edward Bodden Airfield",-80.08472,19.6592,KY,NA,medium
GCM,"Owen Roberts International Airport",-81.35779,19.29637,KY,NA,large
AJS,"Abreojos Airport",-113.666664,26.833332,MX,NA,small
AZG,"Pablo L. Sidar Airport",-102.352776,19.068056,MX,NA,small
CEO,"El Crucero Airport",15.101389,-11.426389,MX,NA,small
NVJ,"Navojoa Airport",,,MX,NA,small
PCM,"Playa del Carmen Airport",-87.1,20.6,MX,NA,small
PCV,"Punta Chivato Airport",-112.0,27.083332,MX,NA,small
PNO,"Pinotepa Nacional Airport",-98.06944,16.3425,MX,NA,small
SCX,"Salina Cruz Naval Air Station",-95.2,16.166668,MX,NA,small
SGM,"San Ignacio Airport",-113.0,27.45,MX,NA,small
TUY,"Tulum Naval Air Station",-87.46667,20.216667,MX,NA,small
UAC,"null",-114.8,32.45,MX,NA,small
XAL,"null",-108.933334,27.016666,MX,NA,small
GTB,"Genting Airport",111.7,2.116667,MY,AS,small
GTK,"Sungei Tekai Airport",102.916664,2.6,MY,AS,small
LBP,"Long Banga Airport",115.4,3.2,MY,AS,small
LLM,"Long Lama Airport",114.46667,3.766667,MY,AS,small
MZS,"Mostyn Airport",118.15,4.616667,MY,AS,small
SPT,"Sipitang Airport",115.55,5.083333,MY,AS,small
MAY,"Clarence A. Bain Airport",-77.680275,24.289722,BS,NA,medium
ASD,"Andros Town Airport",-77.79611,24.697779,BS,NA,medium
COX,"Congo Town Airport",-77.583336,24.15,BS,NA,medium
MHH,"Marsh Harbour International Airport",-77.07712,26.513428,BS,NA,medium
SAQ,"San Andros Airport",-78.05,25.05,BS,NA,medium
AXP,"Spring Point Airport",-73.96667,22.45,BS,NA,medium
TCB,"Treasure Cay Airport",-77.37222,26.735,BS,NA,medium
WKR,"Abaco I Walker C Airport",-78.4,27.266666,BS,NA,small
CCZ,"Chub Cay Airport",-77.881386,25.4175,BS,NA,medium
GHC,"Great Harbour Cay Airport",-77.84028,25.738056,BS,NA,medium
BIM,"South Bimini Airport",-79.26399,25.700066,BS,NA,medium
ATC,"Arthur's Town Airport",-75.67139,24.62861,BS,NA,medium
CAT,"New Bight Airport",-75.45361,24.315,BS,NA,medium
CXY,"Cat Cay Airport",-77.816666,25.416668,BS,NA,small
CRI,"Colonel Hill Airport",-74.15,22.75,BS,NA,medium
PWN,"Pitts Town Airport",-74.35,22.833332,BS,NA,small
GGT,"Exuma International Airport",-75.872475,23.564018,BS,NA,medium
ELH,"North Eleuthera Airport",-76.68192,25.476917,BS,NA,medium
GHB,"Governor's Harbour Airport",-76.32488,25.280489,BS,NA,medium
NMC,"Normans Cay Airport",-76.82,24.59361,BS,NA,medium
RSD,"Rock Sound Airport",-76.178055,24.891666,BS,NA,medium
TYM,"Staniel Cay Airport",-76.433334,24.15,BS,NA,medium
FPO,"Grand Bahama International Airport",-78.7052,26.547293,BS,NA,medium
WTD,"West End Airport",-78.97583,26.686111,BS,NA,small
IGA,"Inagua Airport",-73.666664,20.983334,BS,NA,medium
LGI,"Deadman's Cay Airport",-75.09055,23.179443,BS,NA,medium
SML,"Stella Maris Airport",-75.26806,23.583332,BS,NA,medium
MYG,"Mayaguana Airport",-73.01833,22.376667,BS,NA,medium
NAS,"Lynden Pindling International Airport",-77.463776,25.048223,BS,NA,large
PID,"Nassau Paradise Island Airport",-77.3,25.083332,BS,NA,small
DCT,"Duncan Town Airport",-75.75,22.25,BS,NA,medium
RCY,"Rum Cay Airport",-74.83502,23.684307,BS,NA,small
ZSA,"San Salvador Airport",-74.53306,24.06,BS,NA,medium
TGS,"null",32.416668,-24.616667,MZ,AF,small
BZE,"Philip S. W. Goldson International Airport",-88.308334,17.539167,BZ,NA,large
NBS,"Changbaishan Airport",127.6,42.083332,CN,AS,medium
AIT,"Aitutaki Airport",-159.767,-18.829443,CK,OC,small
AIU,"Enua Airport",-158.1,-20.033333,CK,OC,small
MGS,"Mangaia Island Airport",-157.93333,-21.933332,CK,OC,small
MHX,"Manihiki Island Airport",-161.0,-10.366667,CK,OC,small
MUK,"Mauke Airport",-158.5,-19.333332,CK,OC,small
MOI,"Mitiaro Island Airport",-157.71121,-19.84166,CK,OC,small
PYE,"Tongareva Airport",-158.03334,-9.016667,CK,OC,small
RAR,"Rarotonga International Airport",-159.79852,-21.19992,CK,OC,medium
ICI,"Cicia Airport",-179.33333,-17.75,FJ,OC,small
NAN,"Nadi International Airport",177.45161,-17.75327,FJ,OC,medium
PTF,"Malolo Lailai Island Airport",177.21666,-17.783333,FJ,OC,small
KDV,"Vunisea Airport",178.15607,-19.053968,FJ,OC,small
MNF,"Mana Island Airport",177.11667,-17.633333,FJ,OC,small
MFJ,"Moala Airport",179.93333,-18.566668,FJ,OC,small
SUV,"Nausori International Airport",178.55981,-18.045885,FJ,OC,medium
LEV,"Levuka Airfield",178.83333,-17.683332,FJ,OC,small
NGI,"Ngau Airport",179.33333,-18.0,FJ,OC,small
LUC,"Laucala Island Airport",179.66695,-16.748056,FJ,OC,small
LKB,"Lakeba Island Airport",179.2,-18.2,FJ,OC,small
LBS,"Labasa Airport",179.33766,-16.466215,FJ,OC,medium
TVU,"Matei Airport",179.87416,-16.693056,FJ,OC,small
KXF,"Koro Island Airport",179.83333,-17.333332,FJ,OC,small
RTA,"Rotuma Airport",177.0711,-12.4825,FJ,OC,small
SVU,"Savusavu Airport",179.33913,-16.798828,FJ,OC,small
VAU,"Vatukoula Airport",177.86667,-17.5,FJ,OC,small
KAY,"Wakaya Island Airport",178.56612,-17.041111,FJ,OC,small
ONU,"Ono-I-Lau Airport",179.0,-16.333332,FJ,OC,small
YAS,"Yasawa Island Airport",177.54515,-16.759281,FJ,OC,small
EUA,"Kaufana Airport",-174.95699,-21.377012,TO,OC,small
TBU,"Fua'amotu International Airport",-175.14131,-21.24117,TO,OC,medium
HPA,"Lifuka Island Airport",-174.34088,-19.778538,TO,OC,medium
NFO,"Mata'aho Airport",-175.65,-15.6,TO,OC,small
NTT,"Kuini Lavenia Airport",-174.0,-15.5,TO,OC,small
VAV,"Vava'u International Airport",-173.96436,-18.585537,TO,OC,medium
VBV,"Vanua Balavu Airport",-178.95,-17.233334,FJ,OC,small
VTF,"Vatulele Airport",177.61667,-18.55,FJ,OC,small
GMO,"Gombe Lawanti International Airport",10.898889,10.298056,NG,AF,medium
PHG,"Port Harcourt City Airport",6.833333,5.033333,NG,AF,small
BCU,"Bauchi Airport",9.8,10.366667,NG,AF,small
QRW,"Warri Airport",5.819282,5.594487,NG,AF,medium
ABF,"Abaiang Airport",173.30417,1.670833,KI,OC,small
BEZ,"Beru Airport",176.0,-1.333333,KI,OC,small
FUN,"Funafuti International Airport",179.20833,-8.516667,TV,OC,medium
KUC,"Kuria Airport",173.38333,0.233333,KI,OC,small
MNK,"Maiana Airport",173.0,1.0,KI,OC,small
MZK,"Marakei Airport",173.66667,1.983333,KI,OC,small
MTK,"Makin Island Airport",174.0,3.0,KI,OC,small
NIG,"Nikunau Airport",176.41667,-1.333333,KI,OC,small
OOT,"Onotoa Airport",175.56667,-1.916667,KI,OC,small
TRW,"Bonriki International Airport",172.94167,1.358333,KI,OC,medium
AEA,"Abemama Atoll Airport",173.85,0.483333,KI,OC,small
TBF,"Tabiteuea North Airport",174.78,-1.231944,KI,OC,medium
TMN,"Tamana Island Airport",175.98334,-2.483333,KI,OC,small
NON,"Nonouti Airport",174.35,-0.680556,KI,OC,small
AIS,"Arorae Island Airport",176.83333,-2.65,KI,OC,small
TSU,"Tabiteuea South Airport",174.83333,-1.416667,KI,OC,small
BBG,"Butaritari Atoll Airport",172.75,3.166667,KI,OC,small
AAK,"Buariki Airport",173.58333,0.166667,KI,OC,small
IUE,"Niue International Airport",-169.93333,-19.083332,NU,OC,medium
FUT,"Pointe Vele Airport",-178.15,-14.25,WF,OC,medium
WLS,"Hihifo Airport",-176.16667,-13.233333,WF,OC,medium
MWP,"Mountain Airport",85.333336,28.0,NP,AS,small
TPJ,"Taplejung Airport",87.683334,27.35,NP,AS,small
OFU,"Ofu Village Airport",-169.7,-14.166667,AS,OC,small
AAU,"Asau Airport",-172.6,-13.458333,WS,OC,small
APW,"Faleolo International Airport",-171.99724,-13.832793,WS,OC,medium
FGI,"Fagali'i Airport",-171.73334,-13.833333,WS,OC,small
FAQ,"Fitiuta Airport",141.95833,-4.616667,AS,OC,medium
MXS,"Maota Airport",-172.23334,-13.716667,WS,OC,small
PPG,"Pago Pago International Airport",-170.6964,-14.326389,AS,OC,medium
PPT,"Faa'a International Airport",-149.60938,-17.55963,PF,OC,medium
RUR,"Rurutu Airport",-151.33333,-22.433332,PF,OC,medium
TUB,"Tubuai Airport",-149.46666,-23.35,PF,OC,medium
AAA,"Anaa Airport",-145.41667,-17.05,PF,OC,medium
FGU,"Fangatau Airport",-141.83333,-16.05,PF,OC,medium
TIH,"Tikehau Airport",-148.2338,-15.118639,PF,OC,medium
APK,"Apataki Airport",-146.08333,-15.416667,PF,OC,small
REA,"Reao Airport",-136.4,-18.5,PF,OC,medium
FAV,"Fakarava Airport",-145.65225,-16.053486,PF,OC,medium
HHZ,"Hikueru Atoll Airport",-142.53334,-17.533333,PF,OC,small
XMH,"Manihi Airport",-146.07051,-14.43795,PF,OC,medium
GMR,"Totegegie Airport",-134.88757,-23.084,PF,OC,medium
KKR,"Kaukura Airport",-146.66667,-15.783333,PF,OC,medium
MKP,"Makemo Airport",-143.65436,-16.587921,PF,OC,medium
NAU,"Napuka Island Airport",-141.58333,-14.166667,PF,OC,small
TKV,"Tatakoto Airport",-138.33333,-17.283333,PF,OC,small
PKP,"Puka Puka Airport",-138.96666,-14.75,PF,OC,medium
PUK,"Pukarua Airport",-137.01784,-18.296125,PF,OC,small
TKP,"Takapoto Airport",-145.14166,-15.45,PF,OC,medium
AXR,"Arutua Airport",-146.75,-15.25,PF,OC,medium
MVT,"Mataiva Airport",-148.41667,-14.833333,PF,OC,medium
NUK,"Nukutavake Airport",-138.7,-19.183332,PF,OC,small
ZTA,"Tureia Airport",-138.5,-20.816668,PF,OC,small
AHE,"Ahe Airport",-146.25694,-14.428056,PF,OC,medium
KHZ,"Kauehi Airport",-145.11667,-15.766667,PF,OC,small
FAC,"Faaite Airport",-145.33333,-16.683332,PF,OC,small
FHZ,"Fakahina Airport",-140.16446,-15.99095,PF,OC,small
TKX,"Takaroa Airport",-145.0264,-14.457749,PF,OC,medium
NHV,"Nuku Hiva Airport",-140.22223,-8.795214,PF,OC,medium
AUQ,"Hiva Oa-Atuona Airport",-139.00978,-9.769324,PF,OC,medium
UAP,"Ua Pou Airport",-140.08125,-9.343477,PF,OC,small
UAH,"Ua Huka Airport",-139.55,-8.933333,PF,OC,small
BOB,"Bora Bora Airport",-151.75447,-16.446207,PF,OC,medium
TTI,"Tetiaroa Airport",-149.5,-17.083332,PF,OC,small
RGI,"Rangiroa Airport",-147.65915,-14.956334,PF,OC,medium
HUH,"Huahine-Fare Airport",-151.02826,-16.689682,PF,OC,medium
MOZ,"Moorea Airport",-149.76414,-17.490433,PF,OC,medium
HOI,"Hao Airport",-140.96529,-18.06248,PF,OC,medium
MAU,"Maupiti Airport",-152.24236,-16.427385,PF,OC,medium
RFP,"Raiatea Airport",-151.46666,-16.725004,PF,OC,medium
VHZ,"Vahitahi Airport",-138.83333,-18.583332,PF,OC,small
MTV,"Mota Lava Airport",167.66667,-13.666667,VU,OC,small
SLH,"Sola Airport",167.55,-13.883333,VU,OC,small
TOH,"Torres Airstrip",166.75,-13.166667,VU,OC,small
EAE,"Sangafa Airport",168.41667,-17.166668,VU,OC,small
CCV,"Craig Cove Airport",167.5,-16.2,VU,OC,small
LOD,"Longana Airport",167.96666,-15.316667,VU,OC,small
SSR,"Sara Airport",168.3,-15.5,VU,OC,small
PBJ,"Tavie Airport",168.21666,-16.433332,VU,OC,small
LPM,"Lamap Airport",167.81667,-16.466667,VU,OC,small
LNB,"Lamen Bay Airport",168.18333,-16.583332,VU,OC,small
MWF,"Naone Airport",168.16667,-15.166667,VU,OC,small
LNE,"Lonorore Airport",168.17007,-15.860106,VU,OC,small
NUS,"Norsup Airport",167.4,-16.058332,VU,OC,small
ZGU,"Gaua Island Airport",167.58827,-14.220086,VU,OC,medium
RCL,"Redcliffe Airport",153.07333,-27.207035,VU,OC,small
SON,"Santo Pekoa International Airport",167.21873,-15.508251,VU,OC,medium
TGH,"Tongoa Island Airport",168.54666,-16.90361,VU,OC,small
ULB,"null",168.33333,-16.416668,VU,OC,small
VLS,"Valesdir Airport",168.2,-16.8,VU,OC,small
WLH,"Walaha Airport",167.7,-15.416667,VU,OC,small
SWJ,"Southwest Bay Airport",167.16667,-16.25,VU,OC,small
OLJ,"North West Santo Airport",166.56003,-14.884605,VU,OC,small
AUY,"Anelghowhat Airport",169.66667,-20.333332,VU,OC,small
AWD,"Aniwa Airport",169.5,-19.25,VU,OC,small
DLY,"Dillon's Bay Airport",169.15,-18.7,VU,OC,small
FTA,"Futuna Airport",170.25,-19.416668,VU,OC,small
IPA,"Ipota Airport",169.18333,-18.75,VU,OC,small
UIQ,"Quion Hill Airport",168.16667,-17.0,VU,OC,small
VLI,"Port Vila Bauerfield Airport",168.3195,-17.701853,VU,OC,medium
TAH,"Tanna Airport",169.22821,-19.458445,VU,OC,medium
TGJ,"Tiga Airport",167.80293,-21.098358,NC,OC,medium
BMY,"null",163.66667,-19.75,NC,OC,medium
KNQ,"null",164.83778,-21.053333,NC,OC,medium
ILP,"null",167.4475,-22.589722,NC,OC,medium
HLU,"Nesson Airport",166.06667,-21.033333,NC,OC,small
KOC,"Koumac Airport",164.41667,-20.5,NC,OC,medium
LIF,"Lifou Airport",167.25,-20.766666,NC,OC,medium
GEA,"null",166.47078,-22.260536,NC,OC,medium
IOU,"null",166.78305,-22.463888,NC,OC,small
PUV,"Poum Airport",164.1014,-20.294443,NC,OC,small
PDC,"Mueo Airport",165.0,-21.316668,NC,OC,small
MEE,"null",168.03609,-21.482311,NC,OC,medium
TOU,"Touho Airport",165.25,-20.8,NC,OC,medium
UVE,"null",166.57198,-20.64242,NC,OC,medium
NOU,"La Tontouta International Airport",166.21611,-22.01639,NC,OC,medium
AKL,"Auckland International Airport",174.78352,-37.004787,NZ,OC,large
TUO,"Taupo Airport",176.08235,-38.741432,NZ,OC,medium
AMZ,"Ardmore Airport",174.96666,-37.033333,NZ,OC,medium
ASG,"Ashburton Aerodrome",171.78334,-43.9,NZ,OC,small
CHC,"Christchurch International Airport",172.5389,-43.488655,NZ,OC,large
CHT,"Chatham Islands-Tuuta Airport",-176.35,-43.8,NZ,OC,medium
CMV,"Coromandel Aerodrome",175.66667,-37.0,NZ,OC,small
DGR,"Dargaville Aerodrome",173.88333,-35.933334,NZ,OC,small
DUD,"Dunedin Airport",170.19905,-45.92387,NZ,OC,medium
WHO,"Franz Josef Aerodrome",170.18333,-43.38333,NZ,OC,small
GBZ,"Great Barrier Aerodrome",175.41667,-36.25,NZ,OC,small
GMN,"Greymouth Airport",171.2,-42.45,NZ,OC,small
GIS,"Gisborne Airport",177.98228,-38.661934,NZ,OC,medium
GTN,"Glentanner Airport",170.13611,-43.766666,NZ,OC,medium
HKK,"Hokitika Airfield",170.98346,-42.714912,NZ,OC,medium
HLZ,"Hamilton International Airport",175.33603,-37.86622,NZ,OC,medium
WIK,"Waiheke Reeve Airport",175.08333,-36.833332,NZ,OC,small
KBZ,"Kaikoura Airport",173.68333,-42.416668,NZ,OC,small
KKE,"Kerikeri Airport",173.91237,-35.263283,NZ,OC,medium
KKO,"Kaikohe Airport",173.81667,-35.452778,NZ,OC,small
KAT,"Kaitaia Airport",173.28542,-35.066284,NZ,OC,medium
ALR,"Alexandra Airport",169.36945,-45.21389,NZ,OC,medium
MTA,"Matamata Glider Airport",175.76666,-37.816666,NZ,OC,small
MON,"Mount Cook Airport",170.13611,-43.766666,NZ,OC,medium
MFN,"Milford Sound Airport",167.91112,-44.669445,NZ,OC,small
MZP,"Motueka Airport",173.0,-41.11667,NZ,OC,small
TEU,"Manapouri Airport",167.7264,-45.419445,NZ,OC,medium
MRO,"Hood Airport",175.63333,-40.975,NZ,OC,medium
NPL,"New Plymouth Airport",174.17932,-39.01013,NZ,OC,medium
NPE,"Napier Airport",176.87225,-39.46667,NZ,OC,medium
NSN,"Nelson Airport",173.22498,-41.299976,NZ,OC,medium
IVC,"Invercargill Airport",168.32175,-46.415432,NZ,OC,medium
OHA,"RNZAF Base Ohakea",175.38667,-40.208332,NZ,OC,medium
OAM,"Oamaru Airport",171.0819,-44.97028,NZ,OC,medium
PMR,"Palmerston North Airport",175.62126,-40.323532,NZ,OC,medium
PCN,"Picton Aerodrome",174.03334,-41.35,NZ,OC,small
PPQ,"Paraparaumu Airport",174.9876,-40.901638,NZ,OC,medium
ZQN,"Queenstown International Airport",168.7391,-45.022038,NZ,OC,medium
RAG,"Raglan Airfield",174.86667,-37.833332,NZ,OC,small
SZS,"Ryans Creek Aerodrome",167.86667,-47.0,NZ,OC,small
ROT,"Rotorua Regional Airport",176.31746,-38.10982,NZ,OC,medium
TRG,"Tauranga Airport",176.19772,-37.67093,NZ,OC,medium
TMZ,"Thames Aerodrome",175.56667,-37.11667,NZ,OC,small
KTF,"Takaka Airport",172.8,-40.85,NZ,OC,small
TKZ,"Tokoroa Airfield",175.83333,-38.216667,NZ,OC,small
THH,"Taharoa Aerodrome",174.71666,-38.2,NZ,OC,small
TIU,"Timaru Airport",171.22632,-44.303448,NZ,OC,medium
TWZ,"Pukaki Airport",170.11722,-44.234165,NZ,OC,medium
BHE,"Woodbourne Airport",173.86765,-41.513588,NZ,OC,medium
WKA,"Wanaka Airport",169.24425,-44.72336,NZ,OC,medium
WHK,"Whakatane Airport",176.91748,-37.924675,NZ,OC,medium
WLG,"Wellington International Airport",174.81216,-41.329037,NZ,OC,large
WIR,"Wairoa Airport",177.41667,-39.033333,NZ,OC,medium
WRE,"Whangarei Airport",174.36403,-35.76742,NZ,OC,medium
WSZ,"Westport Airport",171.57858,-41.74002,NZ,OC,medium
WTZ,"Whitianga Airport",175.678,-36.8313,NZ,OC,small
WAG,"Wanganui Airport",175.02444,-39.960922,NZ,OC,medium
BZF,"Benton Field",,,US,NA,small
OAA,"Shank Air Base",,,AF,AS,small
BIN,"Bamiyan Airport",67.82361,34.80417,AF,AS,small
BST,"Bost Airport",64.36667,31.55,AF,AS,small
CCN,"Chakcharan Airport",65.26667,34.533333,AF,AS,small
DAZ,"Darwaz Airport",70.88333,38.466667,AF,AS,small
FAH,"Farah Airport",62.11667,32.36667,AF,AS,small
FBD,"Faizabad Airport",70.566666,37.1,AF,AS,small
KWH,"Khwahan Airport",66.333336,33.916668,AF,AS,small
HEA,"Herat Airport",62.22599,34.212696,AF,AS,medium
OAI,"Bagram Air Base",69.27051,34.959614,AF,AS,medium
JAA,"Jalalabad Airport",70.46667,34.433334,AF,AS,medium
KBL,"Kabul International Airport",69.21152,34.56069,AF,AS,medium
KDH,"Kandahar Airport",65.8475,31.506945,AF,AS,medium
KHT,"Khost Airport",72.0,35.0,AF,AS,small
MMZ,"Maimana Airport",64.73333,35.916668,AF,AS,medium
MZR,"Mazar I Sharif Airport",67.20849,36.70919,AF,AS,medium
LQN,"Qala-I-Naw Airport",63.666668,34.95,AF,AS,small
OAS,"Sharana Airstrip",,,AF,AS,small
OAH,"Shindand Airport",,,AF,AS,small
SGA,"Sheghnan Airport",71.71667,38.033333,AF,AS,small
TII,"Tereen Airport",65.63333,32.86667,AF,AS,small
UND,"Konduz Airport",68.909164,36.660557,AF,AS,medium
OAZ,"Camp Bastion Airport",64.224724,31.86389,AF,AS,small
ZAJ,"Zaranj Airport",61.983334,31.1,AF,AS,small
BAH,"Bahrain International Airport",50.62605,26.26918,BH,AS,large
AHB,"Abha Regional Airport",42.657574,18.23429,SA,AS,medium
HOF,"Al Ahsa Airport",49.48746,25.294783,SA,AS,medium
ABT,"Al Baha Airport",41.64002,20.29401,SA,AS,medium
BHH,"Bisha Airport",42.618484,19.994509,SA,AS,medium
DMM,"King Fahd International Airport",49.79778,26.471111,SA,AS,large
DHA,"King Abdulaziz Air Base",50.17475,26.39286,SA,AS,large
DWD,"Dawadmi Domestic Airport",44.1287,24.445545,SA,AS,medium
GIZ,"Jizan Regional Airport",42.582344,16.898949,SA,AS,medium
ELQ,"Gassim Airport",43.768177,26.305029,SA,AS,medium
URY,"Guriat Domestic Airport",37.275005,31.409622,SA,AS,medium
HAS,"Hail Airport",41.690483,27.438158,SA,AS,medium
QJB,"Jubail Airport",,,SA,AS,medium
JED,"King Abdulaziz International Airport",39.150578,21.670233,SA,AS,large
HBT,"King Khaled Military City Airport",45.522972,27.911552,SA,AS,medium
KMX,"King Khaled Air Base",42.716667,18.3,SA,AS,medium
MED,"Prince Mohammad Bin Abdulaziz Airport",39.698967,24.544369,SA,AS,large
EAM,"Nejran Airport",44.414646,17.613281,SA,AS,medium
AQI,"Hafr Al Batin Airport",46.121315,28.334408,SA,AS,medium
AKH,"Prince Sultan Air Base",47.580555,24.063334,SA,AS,medium
RAH,"Rafha Domestic Airport",43.488785,29.623463,SA,AS,medium
RUH,"King Khaled International Airport",46.702877,24.95929,SA,AS,large
RAE,"Arar Domestic Airport",41.137115,30.903028,SA,AS,medium
XXN,"Riyadh Air Base",,,SA,AS,medium
SHW,"Sharurah Airport",47.111984,17.46946,SA,AS,medium
AJF,"Al-Jawf Domestic Airport",40.101486,29.788668,SA,AS,medium
SLF,"Sulayel Airport",45.61667,20.466667,SA,AS,small
TUU,"Tabuk Airport",36.608288,28.375784,SA,AS,medium
TIF,"Taif Airport",40.552685,21.480364,SA,AS,medium
TUI,"Turaif Domestic Airport",38.73383,31.68873,SA,AS,medium
EWD,"Wadi Al Dawasir Airport",-159.76222,56.45639,SA,AS,medium
EJH,"Al Wajh Domestic Airport",36.47481,26.207716,SA,AS,medium
YNB,"Yenbo Airport",38.06302,24.140734,SA,AS,medium
ZUL,"Zilfi Airport",44.833332,26.25,SA,AS,small
OHE,"Gu-Lian Airport",122.42059,52.92113,CN,AS,medium
ABD,"Abadan Airport",48.226597,30.363905,IR,AS,medium
OMI,"Omidiyeh Airport",49.533333,30.833332,IR,AS,small
MRX,"Mahshahr Airport",49.16722,30.535557,IR,AS,medium
AWZ,"Ahwaz Airport",48.74668,31.34292,IR,AS,medium
AEU,"Abumusa Island Airport",55.033913,25.875475,IR,AS,medium
BUZ,"Bushehr Airport",50.825424,28.958284,IR,AS,medium
AOY,"Asaloyeh Airport",52.61667,27.466667,IR,AS,medium
KNR,"Jam Airport",52.350834,27.818056,IR,AS,medium
KIH,"Kish International Airport",53.972084,26.532276,IR,AS,medium
BDH,"Bandar Lengeh Airport",54.829147,26.529486,IR,AS,medium
YEH,"Persian Gulf International Airport",,,IR,AS,medium
KHK,"Khark Island Airport",50.323612,29.261667,IR,AS,medium
SXI,"Sirri Island Airport",54.533333,25.916668,IR,AS,medium
LVP,"Lavan Island Airport",53.35611,26.810278,IR,AS,medium
KSH,"Shahid Ashrafi Esfahani Airport",47.145126,34.355915,IR,AS,medium
IIL,"Ilam Airport",46.399235,33.58637,IR,AS,medium
KHD,"Khoram Abad Airport",48.280834,33.43861,IR,AS,medium
SDG,"Sanandaj Airport",47.013767,35.251472,IR,AS,medium
IFH,"Hesa Airport",51.55,32.916668,IR,AS,small
IFN,"Esfahan Shahid Beheshti International Airport",51.87638,32.745686,IR,AS,medium
CQD,"Shahrekord Airport",50.837536,32.294453,IR,AS,medium
RAS,"Rasht Airport",49.619587,37.321815,IR,AS,medium
HDM,"Hamadan Airport",48.53732,34.867146,IR,AS,medium
AJK,"Arak Airport",49.833332,34.13333,IR,AS,small
IKA,"Imam Khomeini International Airport",51.1548,35.40863,IR,AS,large
THR,"Mehrabad International Airport",51.32187,35.691532,IR,AS,large
BND,"Bandar Abbas International Airport",56.368385,27.21059,IR,AS,medium
KER,"Kerman Airport",56.96192,30.258778,IR,AS,medium
BXR,"Bam Airport",58.449356,29.080082,IR,AS,medium
HDR,"Havadarya Airport",56.166668,27.05,IR,AS,small
RJN,"Rafsanjan Airport",56.056667,30.296944,IR,AS,medium
SYJ,"Sirjan Airport",55.664917,29.550123,IR,AS,medium
XBJ,"Birjand Airport",59.25499,32.89905,IR,AS,medium
CKT,"Sarakhs Airport",61.07,36.488056,IR,AS,medium
MHD,"Mashhad International Airport",59.64165,36.227173,IR,AS,large
BJB,"Bojnord Airport",57.30885,37.48972,IR,AS,medium
AFZ,"Sabzevar National Airport",57.60332,36.171513,IR,AS,medium
TCX,"Tabas Airport",56.895557,33.667168,IR,AS,medium
BBL,"Babolsar Airport",52.666668,36.65,IR,AS,small
GBT,"Gorgan Airport",54.410515,36.90851,IR,AS,medium
BSM,"Bishe Kola Air Base",52.350464,36.65551,IR,AS,small
NSH,"Noshahr Airport",51.5,36.666668,IR,AS,medium
RZR,"Ramsar Airport",50.68244,36.904625,IR,AS,medium
SRY,"Dasht-e Naz Airport",53.197277,36.635727,IR,AS,medium
FAZ,"Fasa Airport",53.7,28.933332,IR,AS,medium
LRR,"Lar Airport",54.38276,27.66969,IR,AS,medium
SYZ,"Shiraz Shahid Dastghaib International Airport",52.58997,29.54613,IR,AS,large
KHY,"Khoy Airport",44.97139,38.42917,IR,AS,small
ADU,"Ardabil Airport",48.42125,38.323826,IR,AS,medium
ACP,"Sahand Airport",46.145115,37.347244,IR,AS,small
PFQ,"Parsabade Moghan Airport",47.87752,39.60689,IR,AS,small
OMH,"Urmia Airport",45.05877,37.662525,IR,AS,medium
TBZ,"Tabriz International Airport",46.244274,38.12285,IR,AS,large
AZD,"Shahid Sadooghi Airport",54.283264,31.903603,IR,AS,medium
ACZ,"Zabol Airport",61.542244,31.087694,IR,AS,medium
ZBR,"Konarak Airport",60.379562,25.436478,IR,AS,medium
ZAH,"Zahedan International Airport",60.90033,29.475756,IR,AS,medium
AMM,"Queen Alia International Airport",35.98932,31.722534,JO,AS,large
ADJ,"Amman-Marka International Airport",35.98277,31.97533,JO,AS,medium
AQJ,"Aqaba King Hussein International Airport",35.02151,29.610073,JO,AS,medium
OMF,"King Hussein Air College",36.25,32.35,JO,AS,small
KWI,"Kuwait International Airport",47.971252,29.240116,KW,AS,large
BEY,"Beirut Rafic Hariri International Airport",35.49308,33.826073,LB,AS,large
KYE,"Rene Mouawad Air Base",36.002777,34.58611,LB,AS,medium
BYB,"Dibba Airport",56.25,25.583332,OM,AS,small
AOM,"Adam Airport",140.68922,40.738758,OM,AS,small
AUH,"Abu Dhabi International Airport",54.645973,24.426912,AE,AS,large
AZI,"Bateen Airport",54.456833,24.4291,AE,AS,medium
AAN,"Al Ain International Airport",55.616627,24.260231,AE,AS,medium
DXB,"Dubai International Airport",55.352917,25.248665,AE,AS,large
NHD,"Al Minhad Air Base",55.373653,25.023756,AE,AS,medium
DWC,"Al Maktoum International Airport",55.175278,24.918056,AE,AS,large
FJR,"Fujairah International Airport",56.330555,25.109444,AE,AS,medium
RKT,"Ras Al Khaimah International Airport",55.943695,25.616198,AE,AS,medium
SHJ,"Sharjah International Airport",55.52029,25.320873,AE,AS,large
RMB,"Buraimi Airport",55.783333,24.25,OM,AS,small
KHS,"Khasab Air Base",56.23506,26.163939,OM,AS,medium
MSH,"Masirah Air Base",58.891666,20.680555,OM,AS,medium
MCT,"Muscat International Airport",58.29022,23.588078,OM,AS,large
OMM,"Marmul Airport",55.266666,18.133333,OM,AS,small
SLL,"Salalah Airport",54.106937,17.038124,OM,AS,medium
SUH,"Sur Airport",59.483334,22.533333,OM,AS,small
TTH,"Thumrait Air Base",54.0,17.633333,OM,AS,medium
DDU,"Dadu West Airport",67.6711,26.735804,PK,AS,small
AAW,"Abbottabad Airport",73.25,34.2,PK,AS,small
BNP,"Bannu Airport",70.666664,33.0,PK,AS,small
WGB,"Bahawalnagar Airport",73.25,30.0,PK,AS,small
BHV,"Bahawalpur Airport",71.683334,29.4,PK,AS,medium
CJL,"Chitral Airport",71.79444,35.886112,PK,AS,medium
CHB,"Chilas Airport",74.083336,35.416668,PK,AS,small
DBA,"Dalbandin Airport",64.416664,28.883333,PK,AS,small
DDU,"Dadu Airport",67.6711,26.735804,PK,AS,small
DEA,"Dera Ghazi Khan Airport",70.485275,29.960556,PK,AS,medium
DSK,"Dera Ismael Khan Airport",70.9,31.916668,PK,AS,medium
LYP,"Faisalabad International Airport",72.98757,31.363043,PK,AS,medium
GWD,"Gwadar International Airport",62.33889,25.230556,PK,AS,medium
GIL,"Gilgit Airport",74.33224,35.91972,PK,AS,medium
JAG,"Shahbaz Air Base",68.45,28.3,PK,AS,medium
JIW,"Jiwani Airport",61.816666,25.083332,PK,AS,small
KHI,"Jinnah International Airport",67.16828,24.899986,PK,AS,medium
HDD,"Hyderabad Airport",68.36389,25.322222,PK,AS,small
KDD,"Khuzdar Airport",66.630554,27.780556,PK,AS,small
KBH,"Kalat Airport",66.51667,29.133333,PK,AS,small
OHT,"Kohat Airport",71.433334,33.583332,PK,AS,small
LHE,"Alama Iqbal International Airport",74.40278,31.520832,PK,AS,medium
LRG,"Loralai Airport",65.083336,27.85,PK,AS,small
XJM,"Mangla Airport",,,PK,AS,medium
MFG,"Muzaffarabad Airport",73.46667,34.36667,PK,AS,medium
MWD,"Mianwali Air Base",71.55,32.55,PK,AS,medium
MJD,"Moenjodaro Airport",68.14167,27.33639,PK,AS,medium
MPD,"Mirpur Khas Air Base",69.03333,25.65,PK,AS,medium
MPD,"Sindhri Tharparkar Airport",69.03333,25.65,PK,AS,small
MUX,"Multan International Airport",71.41498,30.199507,PK,AS,medium
WNS,"Nawabshah Airport",68.39222,26.219444,PK,AS,medium
NHS,"Nushki Airport",66.0,29.583332,PK,AS,small
ORW,"Ormara Airport",64.583336,25.3,PK,AS,small
PAJ,"Parachinar Airport",70.1,33.9,PK,AS,small
PJG,"Panjgur Airport",64.1,26.966667,PK,AS,medium
PSI,"Pasni Airport",63.36111,25.3,PK,AS,medium
PEW,"Peshawar International Airport",71.51925,33.989082,PK,AS,medium
UET,"Quetta International Airport",66.949036,30.249266,PK,AS,medium
RYK,"Shaikh Zaid Airport",70.28662,28.39178,PK,AS,medium
ISB,"Benazir Bhutto International Airport",73.1051,33.609707,PK,AS,large
RAZ,"Rawalakot Airport",73.833336,33.841667,PK,AS,medium
SBQ,"Sibi Airport",67.88333,29.55,PK,AS,small
KDU,"Skardu Airport",75.53862,35.333008,PK,AS,medium
SKZ,"Sukkur Airport",68.7958,27.72336,PK,AS,medium
SYW,"Sehwan Sharif Airport",67.85,26.416668,PK,AS,medium
SGI,"Mushaf Air Base",72.67117,32.046844,PK,AS,medium
SDT,"Saidu Sharif Airport",72.35,34.75,PK,AS,medium
SKT,"Sialkot Airport",74.5,32.533333,PK,AS,small
SUL,"Sui Airport",69.1725,28.64889,PK,AS,medium
SWN,"Sahiwal Airport",73.13333,30.75,PK,AS,small
TLB,"Tarbela Dam Airport",72.816666,34.13333,PK,AS,small
BDN,"Talhar Airport",68.9,24.633333,PK,AS,small
TFT,"Taftan Airport",61.36667,28.583332,PK,AS,small
TUK,"Turbat International Airport",63.066666,25.983334,PK,AS,medium
WAF,"Wana Airport",69.53333,32.333332,PK,AS,small
PZH,"Zhob Airport",69.5,31.333332,PK,AS,medium
IQA,"Al Asad Air Base",-68.53658,63.75175,IQ,AS,medium
BMN,"Bamarni Airport",43.266666,37.1,IQ,AS,small
SDA,"Baghdad International Airport",44.230137,33.26846,IQ,AS,large
OSB,"Mosul International Airport",-92.68217,38.11437,IQ,AS,medium
EBL,"Erbil International Airport",43.963055,36.2375,IQ,AS,medium
KIK,"Kirkuk Air Base",44.283333,35.516666,IQ,AS,medium
BSR,"Basrah International Airport",47.79139,30.555555,IQ,AS,large
OSO,"Sulaymaniyah International Airport",,,IQ,AS,medium
ALP,"Aleppo International Airport",37.227074,36.185352,SY,AS,large
DAM,"Damascus International Airport",36.51249,33.41117,SY,AS,large
DEZ,"Deir ez-Zor Airport",40.186806,35.28755,SY,AS,medium
KAC,"Kamishly Airport",41.20556,37.031025,SY,AS,medium
LTK,"Bassel Al-Assad International Airport",35.943993,35.407352,SY,AS,large
PMS,"Palmyra Airport",38.25,34.6,SY,AS,medium
DOH,"Doha International Airport",51.558067,25.267569,QA,AS,large
IUD,"Al Udeid Air Base",,,QA,AS,medium
OTT,"Andre Maggi Airport",-58.581287,-9.902215,BR,SA,small
ADE,"Aden International Airport",45.037537,12.826116,YE,AS,medium
EAB,"Abbse Airport",43.5,14.583333,YE,AS,small
AXK,"Ataq Airport",46.3,13.866667,YE,AS,medium
BHN,"Beihan Airport",45.733334,14.783333,YE,AS,medium
AAY,"Al Ghaidah International Airport",52.173256,16.19596,YE,AS,medium
HOD,"Hodeidah International Airport",42.970478,14.755638,YE,AS,medium
MYN,"Mareb Airport",45.333332,15.483333,YE,AS,small
IHN,"Qishn Airport",50.05,15.05,YE,AS,small
RIY,"Mukalla International Airport",49.373684,14.666999,YE,AS,medium
SYE,"Sadah Airport",43.61667,16.866667,YE,AS,small
SAH,"Sana'a International Airport",44.22511,15.473598,YE,AS,medium
SCT,"Socotra International Airport",53.909245,12.627546,YE,AS,medium
GXF,"Sayun International Airport",48.787086,15.961794,YE,AS,medium
TAI,"Ta'izz International Airport",44.134346,13.685553,YE,AS,medium
ACU,"Achutupo Airport",-79.72444,9.576389,PA,NA,small
AIL,"Alligandi Airport",-78.083336,9.25,PA,NA,small
AML,"Puerto Armuelles Airport",-82.86667,8.266667,PA,NA,small
BFQ,"null",-78.166664,7.583333,PA,NA,small
ELE,"EL Real Airport",-77.833336,8.166667,PA,NA,small
OTD,"Contadora Airport",-79.566666,8.666667,PA,NA,small
SAX,"Sambu Airport",-78.083336,8.033333,PA,NA,small
AKB,"Atka Airport",-174.20084,52.21722,US,NA,small
PAQ,"Palmer Municipal Airport",-149.11667,61.6,US,NA,medium
BTI,"Barter Island Lrrs Airport",-143.57834,70.13472,US,NA,medium
BET,"Bethel Airport",-161.83139,60.784443,US,NA,medium
BVU,"Beluga Airport",-151.03612,61.169445,US,NA,small
BIG,"Allen Army Airfield",-145.719,63.99458,US,NA,medium
BKC,"Buckland Airport",-161.12666,65.97889,US,NA,medium
BRW,"Wiley Post Will Rogers Memorial Airport",-156.77579,71.288574,US,NA,medium
BTT,"Bettles Airport",-151.52638,66.915276,US,NA,medium
CDB,"Cold Bay Airport",-162.71774,55.20457,US,NA,medium
CLF,"Clear Airport",-149.2125,64.320335,US,NA,medium
CDV,"Merle K (Mudhole) Smith Airport",-145.47,60.493057,US,NA,medium
CZF,"Cape Romanzof Lrrs Airport",-166.03639,61.781113,US,NA,medium
DRG,"Deering Airport",-162.75989,66.0712,US,NA,medium
ADK,"Adak Airport",-176.64473,51.88278,US,NA,medium
DLG,"Dillingham Airport",-158.51472,59.04246,US,NA,medium
ADQ,"Kodiak Airport",-152.51297,57.755276,US,NA,medium
DUT,"Unalaska Airport",-166.54224,53.89446,US,NA,medium
EDF,"Elmendorf Air Force Base",-149.78473,61.250557,US,NA,medium
EEK,"Eek Airport",-162.01666,60.216667,US,NA,small
EHM,"Cape Newenham Lrrs Airport",-162.06056,58.64722,US,NA,medium
EIL,"Eielson Air Force Base",-147.71666,64.85,US,NA,medium
ENM,"Emmonak Airport",,,US,NA,medium
ENA,"Kenai Municipal Airport",-151.24644,60.56521,US,NA,medium
FAI,"Fairbanks International Airport",-147.8668,64.818214,US,NA,large
FBK,"Ladd AAF Airfield",-147.7,64.833336,US,NA,medium
AFE,"Kake Airport",,,US,NA,medium
ABL,"Ambler Airport",-157.84584,67.0875,US,NA,medium
FRN,"Bryant Army Air Force Airport",-149.68333,61.25,US,NA,small
FMC,"Five Mile Airport",-149.84166,66.916664,US,NA,small
GAL,"Edward G. Pitka Sr Airport",-156.94186,64.73798,US,NA,medium
GKN,"Gulkana Airport",-145.45222,62.155277,US,NA,medium
GAM,"Gambell Airport",-171.71355,63.776596,US,NA,medium
GST,"Gustavus Airport",-135.705,58.4275,US,NA,medium
SGY,"Skagway Airport",-135.31555,59.460556,US,NA,small
HCR,"Holy Cross Airport",-159.77167,62.18889,US,NA,medium
HNS,"Haines Airport",-135.52924,59.246197,US,NA,medium
HOM,"Homer Airport",-151.49316,59.64324,US,NA,medium
HPB,"Hooper Bay Airport",-166.14586,61.525078,US,NA,medium
IGG,"Igiugig Airport",-155.9,59.316666,US,NA,small
EII,"Egegik Airport",-9.433333,53.033333,US,NA,medium
IAN,"Bob Baker Memorial Airport",-160.43056,66.975555,US,NA,medium
ILI,"Iliamna Airport",-154.90834,59.752777,US,NA,medium
UTO,"Indian Mountain Lrrs Airport",-153.70166,65.99333,US,NA,medium
JNU,"Juneau International Airport",-134.58339,58.35932,US,NA,medium
KFP,"False Pass Airport",-163.40916,54.849167,US,NA,small
AKK,"Akhiok Airport",-154.16667,56.944443,US,NA,small
AKN,"King Salmon Airport",-156.66902,58.68274,US,NA,medium
IKO,"Nikolski Air Station",-168.85,52.941666,US,NA,small
AKP,"Anaktuvuk Pass Airport",-151.74,68.1375,US,NA,medium
KTN,"Ketchikan International Airport",-131.7087,55.35655,US,NA,medium
KAL,"Kaltag Airport",-158.73611,64.321945,US,NA,small
AKW,"Klawock Airport",49.683334,30.75,US,NA,medium
KLG,"Kalskag Airport",-160.3465,61.53258,US,NA,small
LUR,"Cape Lisburne Lrrs Airport",-166.10695,68.87583,US,NA,medium
MCG,"McGrath Airport",-155.65764,62.97875,US,NA,medium
MOU,"Mountain Village Airport",-163.71666,62.089443,US,NA,small
MRI,"Merrill Field",-149.9,61.233334,US,NA,medium
MYU,"Mekoryuk Airport",-166.26805,60.37278,US,NA,medium
WNA,"Napakiak Airport",-162.11667,60.7,US,NA,small
ANC,"Ted Stevens Anchorage International Airport",-149.99638,61.174442,US,NA,large
ANI,"Aniak Airport",-159.53697,61.574398,US,NA,medium
ENN,"Nenana Municipal Airport",-149.11667,64.566666,US,NA,medium
ANN,"Annette Island Airport",-131.57056,55.036945,US,NA,medium
ANV,"Anvik Airport",-160.18889,62.647778,US,NA,medium
KNW,"New Stuyahok Airport",-157.32973,59.45222,US,NA,small
PCA,"Portage Creek Airport",-157.70195,58.90139,US,NA,small
HNH,"Hoonah Airport",-135.40334,58.098057,US,NA,small
OME,"Nome Airport",-165.44167,64.51139,US,NA,medium
ORT,"Northway Airport",-141.92389,62.961945,US,NA,medium
OTZ,"Ralph Wien Memorial Airport",-162.60583,66.888054,US,NA,medium
PBV,"St George Airport",-57.333332,-11.516667,US,NA,medium
KPC,"Port Clarence Coast Guard Station",-166.85583,65.25444,US,NA,medium
PSG,"Petersburg James A Johnson Airport",-132.9425,56.80417,US,NA,medium
PTH,"Port Heiden Airport",-158.6375,56.95667,US,NA,medium
PTU,"Platinum Airport",-161.81694,59.01139,US,NA,medium
PHO,"Point Hope Airport",-166.8,68.35,US,NA,small
NUI,"Nuiqsut Airport",-151.00555,70.209724,US,NA,medium
ARC,"Arctic Village Airport",-145.52444,68.1375,US,NA,medium
RBY,"Ruby Airport",-155.46083,64.73,US,NA,medium
SVA,"Savoonga Airport",-170.48679,63.69093,US,NA,medium
SCC,"Deadhorse Airport",-148.46011,70.203636,US,NA,medium
SDP,"Sand Point Airport",-160.51389,55.316666,US,NA,medium
SHH,"Shishmaref Airport",-166.05833,66.25694,US,NA,medium
SIT,"Sitka Rocky Gutierrez Airport",-135.23334,57.04861,US,NA,medium
KSM,"St Mary's Airport",-163.29489,62.058666,US,NA,medium
SNP,"St Paul Island Airport",-170.21722,57.15222,US,NA,medium
SVW,"Sparrevohn Lrrs Airport",-155.57222,61.0975,US,NA,medium
SXQ,"Soldotna Airport",-151.03639,60.475555,US,NA,medium
SYA,"Eareckson Air Station",174.08945,52.7175,US,NA,medium
TOG,"Togiak Airport",-160.38222,59.056667,US,NA,medium
TKJ,"Tok Airport",-143.0,63.3,US,NA,small
TLJ,"Tatalina LRRS Airport",-155.96806,62.885277,US,NA,medium
ATK,"Atqasuk Edward Burnell Sr Memorial Airport",-157.33333,70.5,US,NA,medium
VAK,"Chevak Airport",-165.59027,61.52861,US,NA,small
KVC,"King Cove Airport",-162.31334,55.055,US,NA,small
VDZ,"Valdez Pioneer Field",-146.23889,61.1325,US,NA,medium
KVL,"Kivalina Airport",-164.54723,67.73167,US,NA,medium
SWD,"Seward Airport",-149.41806,60.13333,US,NA,medium
WRG,"Wrangell Airport",-132.36667,56.484444,US,NA,medium
AIN,"Wainwright Airport",-160.03334,70.63333,US,NA,medium
WTK,"Noatak Airport",-162.98416,67.56306,US,NA,medium
IYS,"Wasilla Airport",,,US,NA,medium
CIS,"Canton Airport",-171.66667,-2.833333,KI,OC,medium
PCQ,"Bounneau Airport",101.90583,21.645832,LA,AS,small
MFT,"Machu Pichu Airport",-72.566666,-13.116667,PE,SA,small
AKI,"Akiak Airport",-161.22333,60.905556,US,NA,small
AET,"Allakaket Airport",-152.65834,66.56167,US,NA,small
FYU,"Fort Yukon Airport",-145.2482,66.56981,US,NA,medium
AKG,"Anguganak Airport",142.01666,-3.633333,PG,OC,small
AWB,"Awaba Airport",142.75,-8.016667,PG,OC,small
BAA,"Bialla Airport",151.03334,-5.316667,PG,OC,small
CVB,"Chungribu Airport",144.7,-4.8,PG,OC,small
GMI,"Gasmata Island Airport",150.33333,-6.3,PG,OC,small
GVI,"Green River Airport",141.15,-3.966667,PG,OC,small
HYF,"Hayfields Airport",143.05,-3.633333,PG,OC,small
IHU,"Ihu Airport",145.38333,-7.9,PG,OC,small
IIS,"Nissan Island Airport",154.34166,-4.333333,PG,OC,small
JAQ,"Jacquinot Bay Airport",151.51666,-5.6,PG,OC,small
KDR,"Kandrian Airport",25.333332,41.61667,PG,OC,small
KKD,"Kokoda Airport",147.73122,-8.886153,PG,OC,small
KUY,"Kamusi Airport",143.12389,-7.4275,PG,OC,small
KWO,"Kawito Airport",142.81667,-7.983333,PG,OC,small
KXR,"Karoola Airport",154.58333,-5.15,PG,OC,small
LMI,"Lumi Airport",142.03334,-3.483333,PG,OC,small
LMY,"Lake Murray Airport",141.36667,-6.833333,PG,OC,small
OBX,"Obo Airport",141.31667,-7.583333,PG,OC,small
OPU,"Balimo Airport",142.93333,-8.033333,PG,OC,medium
SKC,"Suki Airport",141.8,-8.083333,PG,OC,small
TFI,"Tufi Airport",149.33333,-9.05,PG,OC,small
TFM,"Telefomin Airport",141.63333,-5.183333,PG,OC,small
TLO,"Tol Airport",152.03334,-4.983333,PG,OC,small
UKU,"Nuku Airport",142.46666,-3.683333,PG,OC,small
ULE,"Sule Airport",151.26666,-4.933333,PG,OC,small
VMU,"Baimuru Airport",144.8,-7.5,PG,OC,medium
WPM,"Wipim Airport",143.03334,-8.816667,PG,OC,small
ROP,"Rota International Airport",145.24408,14.171568,MP,OC,medium
SPN,"Francisco C. Ada Saipan International Airport",145.72325,15.122178,MP,OC,medium
UAM,"Andersen Air Force Base",144.92953,13.580373,GU,OC,medium
GUM,"Antonio B. Won Pat International Airport",144.80486,13.492787,GU,OC,large
TIQ,"Tinian International Airport",145.62634,14.994319,MP,OC,medium
ENI,"El Nido Airport",119.41278,11.205556,PH,AS,small
BKH,"Barking Sands Airport",-159.71666,21.966667,US,NA,medium
HDH,"Dillingham Airfield",-157.96666,21.466667,US,NA,medium
PHG,"Port Harcourt City Airport",6.833333,5.033333,NG,AF,small
HHI,"Wheeler Army Airfield",-158.03334,21.5,US,NA,medium
HNM,"Hana Airport",-156.01889,20.795834,US,NA,medium
JHM,"Kapalua Airport",-156.67569,20.962194,US,NA,medium
JRF,"Kalaeloa (John Rodgers Field) Airport",,,US,NA,medium
KOA,"Kona International At Keahole Airport",-156.04108,19.736174,US,NA,medium
LIH,"Lihue Airport",-159.34944,21.978205,US,NA,medium
LUP,"Kalaupapa Airport",-156.97444,21.211111,US,NA,small
MKK,"Molokai Airport",-157.1,21.152779,US,NA,medium
MUE,"Waimea Kohala Airport",-155.67334,20.0125,US,NA,medium
HNL,"Honolulu International Airport",-157.92166,21.325832,US,NA,large
LNY,"Lanai Airport",-156.95049,20.790085,US,NA,medium
OGG,"Kahului Airport",-156.43863,20.892883,US,NA,medium
ITO,"Hilo International Airport",-155.03963,19.714565,US,NA,medium
UPP,"Upolu Airport",-155.8625,20.268057,US,NA,medium
JON,"Johnston Atoll Airport",-169.53334,16.733334,UM,OC,medium
BHC,"Bhurban Heliport",73.433334,33.925,PK,AS,small
CWP,"Campbellpore Airport",72.433334,33.766666,PK,AS,small
GRT,"Gujrat Airport",74.03333,32.666668,PK,AS,small
HRA,"Mansehra Airport",73.2,34.333332,PK,AS,small
KCF,"Kadanwari Airport",69.15,27.2,PK,AS,small
REQ,"Reko Diq Airport",-73.86667,-5.064947,PK,AS,small
RZS,"Sawan Airport",68.86667,26.966667,PK,AS,small
SWV,"Shikapur Airport",159.23,61.921665,PK,AS,small
ENT,"Eniwetok Airport",162.25,11.5,MH,OC,small
MAJ,"Marshall Islands International Airport",171.2825,7.068717,MH,OC,medium
KIA,"Kaieteur International Airport",146.25,-6.266667,GY,SA,medium
KWA,"Bucholz Army Air Field",167.72195,8.720843,MH,OC,medium
CXI,"Cassidy International Airport",-157.45,1.966667,KI,OC,medium
TNV,"Tabuaeran Island Airport",-159.35,3.833333,KI,OC,small
MDY,"Henderson Field",-177.38333,28.2,UM,OC,medium
PIZ,"Point Lay Lrrs Airport",-163.16667,69.75,US,NA,medium
DDP,"Dorado Beach Airport",-66.15,18.483334,PR,NA,small
HUC,"Humacao Airport",-65.80111,18.14,PR,NA,small
PPD,"Palmas del Mar Airstrip",-65.833336,18.15,PR,NA,small
TKK,"Chuuk International Airport",151.84201,7.457446,FM,OC,medium
PNI,"Pohnpei International Airport",158.20334,6.980947,FM,OC,medium
ROR,"Babelthuap Airport",134.5329,7.364122,PW,OC,medium
KSA,"Kosrae International Airport",162.9566,5.352478,FM,OC,medium
YAP,"Yap International Airport",138.08673,9.497715,FM,OC,medium
AWK,"Wake Island Airfield",166.63333,19.283333,UM,OC,medium
BFA,"null",-58.170277,-20.232779,PY,SA,small
OLK,"Fuerte Olimpo Airport",-57.883057,-21.996944,PY,SA,small
PBT,"Puerto Leda Airport",-58.026943,-20.616667,PY,SA,small
PCJ,"Puerto La Victoria Airport",-57.92861,-22.268888,PY,SA,small
KIO,"Kili Airport",169.2,5.65,MH,OC,small
RAW,"Arawa Airport",155.58333,-6.25,PG,OC,small
KNH,"Kinmen Airport",118.366615,24.432386,TW,AS,large
LZN,"Matsu Nangan Airport",119.958336,26.159445,TW,AS,medium
TTT,"Taitung Airport",121.1,22.75,TW,AS,medium
GNI,"Lyudao Airport",121.46667,23.1,TW,AS,small
KHH,"Kaohsiung International Airport",120.345276,22.5725,TW,AS,large
CYI,"Chiayi Airport",120.38333,23.466667,TW,AS,medium
HCN,"Hengchun Airport",120.833336,21.933332,TW,AS,medium
TXG,"Taichung Airport",120.64611,24.15,TW,AS,small
KYD,"Lanyu Airport",121.5,22.083332,TW,AS,medium
RMQ,"Taichung Ching Chuang Kang Airport",120.605576,24.255674,TW,AS,medium
MFK,"Matsu Beigan Airport",119.916664,26.166668,TW,AS,medium
TNN,"Tainan Airport",120.21571,22.948706,TW,AS,medium
MZG,"Makung Airport",119.618614,23.569166,TW,AS,medium
PIF,"Pingtung North Airport",120.490234,22.705004,TW,AS,medium
TSA,"Taipei Songshan Airport",121.551926,25.06279,TW,AS,medium
TPE,"Taiwan Taoyuan International Airport",121.22389,25.07639,TW,AS,large
WOT,"Wang-an Airport",119.5,23.416668,TW,AS,small
HUN,"Hualien Airport",121.613434,24.025764,TW,AS,medium
NRT,"Narita International Airport",140.38744,35.773212,JP,AS,large
MMJ,"Matsumoto Airport",137.96666,36.233334,JP,AS,medium
IBR,"Hyakuri Airport",140.41472,36.181667,JP,AS,medium
MUS,"Minami Torishima Airport",,,JP,AS,small
IWO,"Iwo Jima Airport",141.31667,24.783333,JP,AS,medium
KIX,"Kansai International Airport",135.24397,34.43533,JP,AS,large
SHM,"Nanki Shirahama Airport",135.35806,33.66139,JP,AS,medium
UKB,"Kobe Airport",135.2284,34.6373,JP,AS,medium
HIW,"Hiroshimanishi Airport",132.41638,34.36361,JP,AS,medium
TJH,"Tajima Airport",134.78767,35.51366,JP,AS,medium
OBO,"Tokachi-Obihiro Airport",143.21243,42.732002,JP,AS,medium
CTS,"New Chitose Airport",141.68134,42.78728,JP,AS,large
HKD,"Hakodate Airport",140.81581,41.776127,JP,AS,medium
KUH,"Kushiro Airport",144.19682,43.04565,JP,AS,medium
MMB,"Memanbetsu Airport",144.16722,43.9,JP,AS,medium
SHB,"Nakashibetsu Airport",144.95613,43.572197,JP,AS,medium
OKD,"Okadama Airport",141.382,43.110374,JP,AS,medium
RBJ,"Rebun Airport Airport",141.03334,45.38333,JP,AS,small
WKJ,"Wakkanai Airport",141.7974,45.39943,JP,AS,medium
IKI,"Iki Airport",129.78833,33.745556,JP,AS,medium
UBJ,"Yamaguchi Ube Airport",131.27489,33.933395,JP,AS,medium
TSJ,"Tsushima Airport",129.32637,34.28615,JP,AS,medium
MBE,"Monbetsu Airport",143.38333,44.266666,JP,AS,medium
AKJ,"Asahikawa Airport",142.45454,43.67109,JP,AS,medium
OIR,"Okushiri Airport",139.51666,42.166668,JP,AS,medium
RIS,"Rishiri Airport",141.25,45.183334,JP,AS,medium
KUM,"Yakushima Airport",130.65916,30.385555,JP,AS,medium
FUJ,"Fukue Airport",128.83762,32.667828,JP,AS,medium
FUK,"Fukuoka Airport",130.4439,33.584286,JP,AS,large
TNE,"New Tanegashima Airport",130.9929,30.604837,JP,AS,medium
KOJ,"Kagoshima Airport",130.71562,31.801224,JP,AS,large
KMI,"Miyazaki Airport",131.44147,31.872498,JP,AS,medium
OIT,"Oita Airport",131.73236,33.477238,JP,AS,medium
KKJ,"Kitaky?sh? Airport",131.03375,33.842793,JP,AS,medium
HSG,"Saga Airport",130.30278,33.153828,JP,AS,medium
KMJ,"Kumamoto Airport",130.85799,32.834133,JP,AS,medium
NGS,"Nagasaki Airport",129.92258,32.9144,JP,AS,medium
NGO,"Chubu Centrair International Airport",136.80528,34.858334,JP,AS,large
ASJ,"Amami Airport",129.70793,28.431522,JP,AS,medium
OKE,"Okierabu Airport",128.70555,27.431667,JP,AS,medium
KKX,"Kikai Airport",129.92805,28.321388,JP,AS,medium
TKN,"Tokunoshima Airport",128.88333,27.833332,JP,AS,medium
NKM,"Nagoya Airport",136.91957,35.25389,JP,AS,medium
FKJ,"Fukui Airport",136.22667,36.13972,JP,AS,medium
QGU,"Gifu Airport",136.89522,35.493137,JP,AS,medium
KMQ,"Komatsu Airport",136.41342,36.40237,JP,AS,medium
OKI,"Oki Airport",133.31667,36.166668,JP,AS,medium
TOY,"Toyama Airport",137.18945,36.64245,JP,AS,medium
NTQ,"Noto Airport",136.9568,37.294678,JP,AS,medium
HIJ,"Hiroshima Airport",132.91945,34.43611,JP,AS,medium
OKJ,"Okayama Airport",133.85277,34.76022,JP,AS,medium
IZO,"Izumo Airport",132.88576,35.41485,JP,AS,medium
YGJ,"Miho Yonago Airport",133.24448,35.500652,JP,AS,medium
KCZ,"K?chi Ry?ma Airport",133.67485,33.547688,JP,AS,medium
MYJ,"Matsuyama Airport",132.70416,33.822224,JP,AS,medium
ITM,"Osaka International Airport",135.44171,34.790974,JP,AS,large
TTJ,"Tottori Airport",134.16756,35.525913,JP,AS,medium
TKS,"Tokushima Airport",134.59483,34.139023,JP,AS,medium
TAK,"Takamatsu Airport",134.01825,34.219017,JP,AS,medium
IWJ,"Iwami Airport",131.79028,34.676388,JP,AS,medium
AOJ,"Aomori Airport",140.68922,40.738758,JP,AS,medium
GAJ,"Yamagata Airport",140.36583,38.410645,JP,AS,medium
SDS,"Sado Airport",138.41667,38.0,JP,AS,medium
FKS,"Fukushima Airport",140.43279,37.226665,JP,AS,medium
HHE,"Hachinohe Airport",141.47084,40.549168,JP,AS,medium
HNA,"Hanamaki Airport",141.13077,39.426926,JP,AS,medium
AXT,"Akita Airport",140.22015,39.61177,JP,AS,medium
MSJ,"Misawa Air Base",141.3869,40.696316,JP,AS,medium
KIJ,"Niigata Airport",139.11325,37.951992,JP,AS,medium
ONJ,"Odate Noshiro Airport",140.37383,40.196415,JP,AS,medium
SDJ,"Sendai Airport",140.92389,38.135555,JP,AS,medium
SYO,"Shonai Airport",139.79056,38.809444,JP,AS,medium
NJA,"Atsugi Naval Air Facility",139.35,35.416668,JP,AS,medium
HAC,"Hachijojima Airport",139.78122,33.117947,JP,AS,medium
OIM,"Oshima Airport",139.365,34.779167,JP,AS,medium
MYE,"Miyakejima Airport",139.5625,34.069443,JP,AS,medium
HND,"Tokyo International Airport",139.78453,35.54907,JP,AS,large
QUT,"Utsunomiya Airport",140.00609,36.631527,JP,AS,medium
OKO,"Yokota Air Base",139.35,35.75,JP,AS,large
KWJ,"Gwangju Airport",126.81021,35.140175,KR,AS,medium
KUV,"Kunsan Air Base",126.75,35.983334,KR,AS,large
MPK,"Mokpo Airport",126.385,34.756668,KR,AS,medium
CHN,"Jeon Ju Airport",127.933334,37.016945,KR,AS,small
RSU,"Yeosu Airport",127.61267,34.8419,KR,AS,medium
QUN,"A-306 Airport",127.85,37.9,KR,AS,small
SHO,"Sokcho Airport",128.6,38.13333,KR,AS,small
KAG,"Gangneung Airport",128.94972,37.75222,KR,AS,medium
WJU,"Wonju Airport",127.95167,37.434166,KR,AS,medium
YNY,"Yangyang International Airport",128.6,38.066666,KR,AS,medium
CJU,"Jeju International Airport",126.49312,33.5067,KR,AS,large
CHF,"Jinhae Airport",128.69778,35.1375,KR,AS,small
PUS,"Gimhae International Airport",128.94873,35.179317,KR,AS,large
HIN,"Sacheon Air Base",128.08676,35.09263,KR,AS,medium
USN,"Ulsan Airport",129.35597,35.59367,KR,AS,medium
ICN,"Incheon International Airport",126.45123,37.448524,KR,AS,large
SSN,"Seoul Air Base",127.11261,37.447243,KR,AS,medium
OSN,"Osan Air Base",127.03333,37.083332,KR,AS,large
GMP,"Gimpo International Airport",126.80351,37.559288,KR,AS,large
SWU,"Suwon Airport",127.01667,37.283333,KR,AS,medium
KPO,"Pohang Airport",129.43375,35.98371,KR,AS,medium
TAE,"Daegu Airport",128.63788,35.899254,KR,AS,medium
CJJ,"Cheongju International Airport",127.49509,36.7224,KR,AS,large
YEC,"Yecheon Airport",128.355,36.625,KR,AS,medium
OKA,"Naha Airport",127.645836,26.195833,JP,AS,large
DNA,"Kadena Air Base",127.76667,26.35,JP,AS,large
ISG,"Ishigaki Airport",124.16889,24.336945,JP,AS,medium
UEO,"Kumejima Airport",126.719444,26.365278,JP,AS,medium
KJP,"Kerama Airport",127.333336,26.083332,JP,AS,small
MMD,"Minami Daito Airport",131.24722,25.841389,JP,AS,medium
MMY,"Miyako Airport",125.29778,24.779198,JP,AS,medium
AGJ,"Aguni Airport",127.23805,26.589722,JP,AS,small
IEJ,"Ie Jima Airport",127.8,26.733334,JP,AS,medium
HTR,"Hateruma Airport",123.8,24.05,JP,AS,small
KTD,"Kitadaito Airport",131.3,25.95,JP,AS,medium
SHI,"Shimojishima Airport",125.15,24.816668,JP,AS,medium
TRA,"Tarama Airport",124.7,24.65,JP,AS,medium
RNJ,"Yoron Airport",128.40266,27.043634,JP,AS,medium
OGN,"Yonaguni Airport",122.97639,24.461111,JP,AS,medium
SFS,"Subic Bay International Airport",120.26722,14.785556,PH,AS,medium
CRK,"Diosdado Macapagal International Airport",120.546486,15.182571,PH,AS,large
LAO,"Laoag International Airport",120.53413,18.182407,PH,AS,medium
MNL,"Ninoy Aquino International Airport",121.01251,14.509602,PH,AS,large
CYU,"Cuyo Airport",121.0,10.883333,PH,AS,small
LGP,"Legazpi City International Airport",123.7302,13.15213,PH,AS,medium
NSP,"Sangley Point Air Base",,,PH,AS,small
LBX,"Lubang Airport",120.105,13.865556,PH,AS,medium
AAV,"Allah Valley Airport",124.76667,6.333333,PH,AS,medium
GES,"General Santos International Airport",125.09583,6.057778,PH,AS,medium
CBO,"Awang Airport",124.21464,7.161412,PH,AS,medium
DVO,"Francisco Bangoy International Airport",125.6447,7.130696,PH,AS,large
BXU,"Bancasi Airport",125.48123,8.947999,PH,AS,medium
BPH,"Bislig Airport",126.32111,8.196667,PH,AS,medium
DPL,"Dipolog Airport",123.34418,8.599978,PH,AS,medium
CGM,"Camiguin Airport",124.70695,9.253611,PH,AS,medium
IGN,"Iligan Airport",124.214165,8.131111,PH,AS,medium
JOL,"Jolo Airport",121.00889,6.055278,PH,AS,medium
CGY,"Cagayan De Oro Airport",124.45722,8.6125,PH,AS,medium
MLP,"Malabang Airport",124.0575,7.618333,PH,AS,small
SGS,"Sanga Sanga Airport",119.74433,5.04455,PH,AS,medium
OZC,"Labo Airport",123.84541,8.181967,PH,AS,medium
PAG,"Pagadian Airport",123.4575,7.826667,PH,AS,medium
MXI,"Mati National Airport",126.25,6.916667,PH,AS,medium
SUG,"Surigao Airport",125.479164,9.758889,PH,AS,medium
CDY,"Cagayan de Sulu Airport",118.495,7.013611,PH,AS,small
IPE,"Ipil Airport",122.583336,7.783333,PH,AS,small
TDG,"Tandag Airport",126.00833,9.5,PH,AS,medium
ZAM,"Zamboanga International Airport",122.062256,6.919294,PH,AS,medium
IAO,"Siargao Airport",126.013885,9.858889,PH,AS,small
BAG,"Loakan Airport",120.617775,16.376667,PH,AS,medium
DTE,"Daet Airport",122.98333,14.133333,PH,AS,medium
SJI,"San Jose Airport",121.04569,12.359764,PH,AS,medium
MBO,"Mamburao Airport",120.60333,13.211389,PH,AS,medium
WNP,"Naga Airport",123.27,13.587222,PH,AS,medium
BSO,"Basco Airport",121.977776,20.453056,PH,AS,medium
BQA,"Dr.Juan C. Angara Airport",121.083336,15.0,PH,AS,medium
SFE,"San Fernando Airport",120.3,16.6,PH,AS,medium
TUG,"Tuguegarao Airport",121.73167,17.641111,PH,AS,medium
VRC,"Virac Airport",124.2,13.583333,PH,AS,medium
MRQ,"Marinduque Airport",121.82361,13.363056,PH,AS,medium
CYZ,"Cauayan Airport",121.75584,16.93,PH,AS,medium
TAC,"Daniel Z. Romualdez Airport",125.02592,11.22684,PH,AS,medium
BCD,"Bacolod-Silay City International Airport",122.93359,10.644815,PH,AS,medium
CYP,"Calbayog Airport",124.54305,12.075833,PH,AS,medium
DGT,"Sibulan Airport",123.29601,9.332543,PH,AS,medium
MPH,"Godofredo P. Ramos Airport",121.9521,11.925263,PH,AS,medium
CRM,"Catarman National Airport",124.583336,12.483333,PH,AS,medium
GUI,"Guiuan Airport",-62.3,10.566667,PH,AS,small
ILO,"Iloilo International Airport",122.543884,10.714312,PH,AS,medium
MBT,"Moises R. Espinosa Airport",123.066666,12.366667,PH,AS,medium
KLO,"Kalibo International Airport",122.38183,11.687152,PH,AS,medium
CEB,"Mactan Cebu International Airport",123.98278,10.313333,PH,AS,large
OMC,"Ormoc Airport",124.566666,11.05,PH,AS,medium
PPS,"Puerto Princesa Airport",118.75674,9.740198,PH,AS,medium
RXS,"Roxas Airport",122.74882,11.60066,PH,AS,medium
EUQ,"Evelio Javier Airport",121.941666,10.775,PH,AS,medium
TAG,"Tagbilaran Airport",123.853615,9.657587,PH,AS,medium
TBH,"Romblon Airport",122.08056,12.31612,PH,AS,medium
USU,"Francisco B. Reyes Airport",120.166664,12.1,PH,AS,medium
BPR,"Borongan Airport",,,PH,AS,small
NGK,"Nogliki Airport",143.16667,51.8,RU,AS,small
GRV,"Grozny North Airport",45.75,43.333332,RU,EU,large
LNX,"Smolensk South Airport",32.05,54.8,RU,EU,small
VUS,"Velikiy Ustyug Airport",46.316666,60.766666,RU,EU,small
LPS,"Lopez Island Airport",-122.935555,48.482777,US,NA,small
MJR,"Miramar Airport",-57.833332,-38.25,AR,SA,small
CCT,"Colonia Catriel Airport",-68.916664,-39.5,AR,SA,small
COC,"Comodoro Pierrestegui Airport",-57.996387,-31.297222,AR,SA,medium
GHU,"Gualeguaychu Airport",-58.61222,-33.004166,AR,SA,medium
JNI,"Junin Airport",-60.966667,-34.583332,AR,SA,medium
PRA,"General Urquiza Airport",-60.480278,-31.794722,AR,SA,medium
ROS,"Islas Malvinas Airport",-60.783333,-32.933334,AR,SA,medium
SFN,"Sauce Viejo Airport",-60.816666,-31.716667,AR,SA,medium
AEP,"Jorge Newbery Airpark",-58.41667,-34.55622,AR,SA,medium
LCM,"La Cumbre Airport",-64.5,-30.966667,AR,SA,small
COR,"Ingeniero Ambrosio Taravella Airport",-64.21377,-31.31548,AR,SA,medium
FDO,"San Fernando Airport",,,AR,SA,medium
LPG,"La Plata Airport",-57.892334,-34.974953,AR,SA,medium
EPA,"El Palomar Airport",-58.6125,-34.608334,AR,SA,medium
EZE,"Ministro Pistarini International Airport",-58.539833,-34.81273,AR,SA,large
HOS,"Chos Malal Airport",-70.21667,-37.416668,AR,SA,small
CVH,"Caviahue Airport",-71.0,-37.916668,AR,SA,small
GNR,"Dr. Arturo H. Illia Airport",-67.616066,-39.00166,AR,SA,small
RDS,"Rincon De Los Sauces Airport",-68.9,-37.38333,AR,SA,medium
APZ,"Zapala Airport",-70.083336,-38.916668,AR,SA,medium
MDZ,"El Plumerillo Airport",-68.79891,-32.82789,AR,SA,medium
LGS,"null",-69.57457,-35.49324,AR,SA,medium
AFA,"Suboficial Ay Santiago Germano Airport",-68.40056,-34.58917,AR,SA,medium
CTC,"Catamarca Airport",-65.779724,-28.448334,AR,SA,medium
SDE,"null",-64.32222,-27.765278,AR,SA,medium
RHD,"Las Termas Airport",-64.95,-27.533333,AR,SA,small
IRJ,"Capitan V A Almonacid Airport",-66.78333,-29.383333,AR,SA,medium
TUC,"Teniente Benjamin Matienzo Airport",-65.2,-26.833332,AR,SA,medium
UAQ,"Domingo Faustino Sarmiento Airport",-68.51667,-31.55,AR,SA,medium
CRR,"Ceres Airport",-61.833332,-29.916668,AR,SA,small
RCU,"Area De Material Airport",-64.331665,-33.165558,AR,SA,medium
VDR,"Villa Dolores Airport",-65.14222,-31.94111,AR,SA,medium
VME,"Villa Reynolds Airport",-65.416664,-33.63333,AR,SA,medium
RLO,"Valle Del Conlara International Airport",-65.5525,-32.384445,AR,SA,small
LUQ,"Brigadier Mayor D Cesar Raul Ojeda Airport",-66.35861,-33.274445,AR,SA,medium
CNQ,"Corrientes Airport",-58.762222,-27.449722,AR,SA,medium
RES,"Resistencia International Airport",-59.050835,-27.45139,AR,SA,medium
FMA,"Formosa Airport",-58.235,-26.212778,AR,SA,medium
IGR,"null",-54.47635,-25.731504,AR,SA,medium
AOL,"Paso De Los Libres Airport",-57.15,-29.683332,AR,SA,medium
MCS,"Monte Caseros Airport",-57.64111,-30.270832,AR,SA,medium
PSS,"Libertador Gral D Jose De San Martin Airport",-55.9675,-27.383888,AR,SA,medium
PSV,"Rovere Airport",-1.7,60.316666,AR,SA,small
SLA,"Martin Miguel De Guemes International Airport",-65.47849,-24.844217,AR,SA,medium
JUJ,"Gobernador Horacio Guzman International Airport",-65.083336,-24.4,AR,SA,medium
ORA,"null",-64.166664,-23.333332,AR,SA,medium
TTG,"General Enrique Mosconi Airport",-63.833332,-22.533333,AR,SA,medium
CLX,"Clorinda Airport",-57.666668,-25.333332,AR,SA,small
ELO,"El Dorado Airport",-54.733334,-26.5,AR,SA,small
OYA,"Goya Airport",-59.216667,-29.103333,AR,SA,medium
LLS,"Alferez Armando Rodriguez Airport",-60.583332,-24.716667,AR,SA,small
MDX,"Mercedes Airport",-58.075558,-29.167221,AR,SA,small
RCQ,"Reconquista Airport",-59.7,-29.183332,AR,SA,medium
UZU,"Curuzu Cuatia Airport",-58.095554,-29.778889,AR,SA,medium
EHL,"El Bolson Airport",-71.75,-42.0,AR,SA,medium
CRD,"General E. Mosconi Airport",-67.462776,-45.787224,AR,SA,medium
EMX,"El Maiten Airport",-71.15,-42.033333,AR,SA,small
EQS,"Brigadier Antonio Parodi Airport",-71.1425,-42.90972,AR,SA,medium
LHS,"Las Heras Airport",-68.816666,-32.85,AR,SA,medium
IGB,"null",-69.583336,-41.3,AR,SA,small
OES,"Antoine De St Exupery Airport",-64.95,-40.733334,AR,SA,small
MQD,"Maquinchao Airport",-68.73333,-41.25,AR,SA,small
ARR,"D. Casimiro Szlapelis Airport",-70.833336,-45.033333,AR,SA,small
SGV,"Sierra Grande Airport",-65.35,-41.566666,AR,SA,small
REL,"Almirante Marco Andres Zar Airport",-65.32333,-43.233334,AR,SA,medium
VDM,"Gobernador Castello Airport",-63.00084,-40.86429,AR,SA,medium
PMY,"El Tehuelche Airport",-65.066666,-42.733334,AR,SA,medium
ING,"Lago Argentino Airport",-72.666664,-50.583332,AR,SA,small
FTE,"El Calafate Airport",-72.053696,-50.284225,AR,SA,medium
PUD,"Puerto Deseado Airport",-65.916664,-47.75,AR,SA,medium
RGA,"Hermes Quijada International Airport",-67.75,-53.779167,AR,SA,medium
RGL,"null",-69.28333,-51.61667,AR,SA,medium
USH,"Malvinas Argentinas Airport",-68.31245,-54.839348,AR,SA,medium
ULA,"Capitan D Daniel Vazquez Airport",-67.666664,-49.316666,AR,SA,medium
ROY,"Rio Mayo Airport",-70.25,-45.666668,AR,SA,small
PMQ,"Perito Moreno Airport",-70.98361,-46.53639,AR,SA,medium
GGS,"Gobernador Gregores Airport",-70.25,-48.766666,AR,SA,small
JSM,"Jose De San Martin Airport",-70.433334,-44.066666,AR,SA,small
RYO,"28 De Noviembre Airport",-72.2196,-51.604477,AR,SA,small
RZA,"Santa Cruz Airport",-68.53333,-50.0,AR,SA,medium
BHI,"Comandante Espora Airport",-62.150555,-38.730556,AR,SA,medium
CSZ,"Brigadier D.H.E. Ruiz Airport",-61.88333,-37.433334,AR,SA,small
OVR,"Olavarria Airport",-60.22778,-36.88889,AR,SA,small
GPO,"General Pico Airport",-63.766666,-35.63333,AR,SA,medium
OYO,"Tres Arroyos Airport",-60.25,-38.36667,AR,SA,medium
SST,"Santa Teresita Airport",-60.783333,-33.416668,AR,SA,medium
MDQ,"null",-57.572224,-37.934723,AR,SA,medium
NQN,"Presidente Peron Airport",-68.15222,-38.95,AR,SA,medium
NEC,"Necochea Airport",-58.75,-38.566666,AR,SA,medium
PEH,"Comodoro Pedro Zanni Airport",-61.86667,-35.85,AR,SA,medium
RSA,"Santa Rosa Airport",-64.26667,-36.566666,AR,SA,medium
BRC,"San Carlos De Bariloche Airport",-71.16109,-41.145966,AR,SA,medium
TDL,"null",-59.083332,-37.333332,AR,SA,medium
VLG,"Villa Gesell Airport",-57.583332,-38.016666,AR,SA,medium
CUT,"Cutral-Co Airport",-69.0,-38.9,AR,SA,medium
CPC,"Aviador C. Campos Airport",-71.13333,-40.066666,AR,SA,medium
VIU,"Viru Harbour Airstrip",157.66667,-8.5,SB,OC,small
CDJ,"null",-49.283333,-8.233333,BR,SA,medium
APS,"null",-48.966667,-16.333332,BR,SA,medium
AQA,"Araraquara Airport",-48.13691,-21.806643,BR,SA,medium
AJU,"Santa Maria Airport",-37.072792,-10.987206,BR,SA,medium
AFL,"Alta Floresta Airport",-56.104767,-9.872456,BR,SA,medium
ARU,"Dario Guarita Airport",-50.42611,-21.143612,BR,SA,medium
AAX,"null",-46.92917,-19.568056,BR,SA,small
BEL,"Val de Cans International Airport",-48.480003,-1.389865,BR,SA,large
BGX,"Comandante Gustavo Kraemer Airport",-54.1125,-31.398611,BR,SA,medium
PLU,"Pampulha - Carlos Drummond de Andrade Airport",-43.75,-19.75,BR,SA,medium
QAK,"Major Brigadeiro Doorgal Borges Airport",-43.88333,-21.397223,BR,SA,medium
BSB,"Presidente Juscelino Kubistschek International Airport",-47.921486,-15.869807,BR,SA,large
BAT,"Chafei Amsei Airport",-48.55,-20.55,BR,SA,medium
BAU,"Bauru Airport",-49.0525,-22.343056,BR,SA,medium
BVB,"Atlas Brasil Cantanhede Airport",-60.666668,2.833333,BR,SA,medium
BPG,"null",-52.38333,-15.85,BR,SA,medium
BZC,"Umberto Modiano Airport",-41.964443,-22.769444,BR,SA,medium
CAC,"Cascavel Airport",-53.466667,-24.95,BR,SA,medium
CFB,"Cabo Frio Airport",-42.07861,-22.925,BR,SA,small
ITB,"Cachimbo Airport",-55.983334,-4.283333,BR,SA,medium
CNF,"Tancredo Neves International Airport",-43.963215,-19.632418,BR,SA,large
CGR,"Campo Grande Airport",-54.668873,-20.456991,BR,SA,medium
XAP,"Serafin Enoss Bertaso Airport",-52.629723,-27.088612,BR,SA,medium
CLN,"Brig. Lysias Augusto Rodrigues Airport",-47.45,-7.333333,BR,SA,medium
CKS,"Carajas Airport",-50.001945,-6.114749,BR,SA,medium
CCM,"Diomicio Freitas Airport",-49.36667,-28.7,BR,SA,medium
CLV,"Caldas Novas Airport",-48.63333,-17.75,BR,SA,small
QNS,"Canoas Airport",-51.28889,-30.016666,BR,SA,medium
CAW,"Bartolomeu Lisandro Airport",-41.303482,-21.70016,BR,SA,medium
CMG,"Corumbá International Airport",-57.672222,-19.01111,BR,SA,medium
CWB,"Afonso Pena Airport",-49.176544,-25.5322,BR,SA,medium
CRQ,"Caravelas Airport",-39.25,-17.75,BR,SA,medium
CXJ,"Campo dos Bugres Airport",-51.183334,-29.166668,BR,SA,medium
CGB,"Marechal Rondon Airport",-56.120266,-15.651725,BR,SA,medium
CZS,"Cruzeiro do Sul Airport",-72.78333,-7.583333,BR,SA,medium
PPB,"Presidente Prudente Airport",-51.45,-22.1,BR,SA,medium
MAO,"Eduardo Gomes International Airport",-60.046093,-3.031327,BR,SA,medium
JCR,"Jacareacanga Airport",-57.533333,-5.983333,BR,SA,medium
IGU,"Cataratas International Airport",-54.488823,-25.597937,BR,SA,medium
FLN,"Hercílio Luz International Airport",-48.5452,-27.664446,BR,SA,large
FEN,"Fernando de Noronha Airport",-32.416668,-3.85,BR,SA,medium
FOR,"Pinto Martins International Airport",-38.540836,-3.779073,BR,SA,medium
GIG,"Tom Jobim International Airport",-43.24651,-22.814653,BR,SA,large
GJM,"Guajara-Mirim Airport",-65.36667,-10.783333,BR,SA,medium
GYN,"Santa Genoveva Airport",-49.226624,-16.632631,BR,SA,medium
GRU,"São Paulo International Airport",-46.481926,-23.425669,BR,SA,large
GPB,"Tancredo Thomas de Faria Airport",-51.5,-25.333332,BR,SA,small
GVR,"Governador Valadares Airport",-41.933334,-18.850279,BR,SA,small
GUJ,"Guaratingueta Airport",-45.216667,-22.816668,BR,SA,medium
ATM,"Altamira Airport",-52.216667,-3.2,BR,SA,medium
ITA,"Itacoatiara Airport",-58.416668,-3.133333,BR,SA,medium
ITB,"Itaituba Airport",-55.983334,-4.283333,BR,SA,medium
IOS,"Bahia - Jorge Amado Airport",-39.033268,-14.815859,BR,SA,medium
IPN,"Usiminas Airport",-42.533333,-19.5,BR,SA,medium
IMP,"Prefeito Renato Moreira Airport",-47.480556,-5.531944,BR,SA,medium
JDF,"Francisco de Assis Airport",-43.333332,-21.75,BR,SA,medium
JPA,"Presidente Castro Pinto Airport",-34.94816,-7.145357,BR,SA,medium
JDO,"Orlando Bezerra de Menezes Airport",-39.316666,-7.2,BR,SA,small
JOI,"Lauro Carneiro de Loyola Airport",-48.783333,-26.233334,BR,SA,medium
CPV,"Campina Grande Airport",-35.9,-7.266667,BR,SA,medium
VCP,"Viracopos International Airport",-47.141674,-23.009892,BR,SA,medium
LEC,"Chapada Diamantina Airport",-41.281113,-12.48,BR,SA,small
LAJ,"Lages Airport",-50.316666,-27.8,BR,SA,medium
LIP,"Lins Airport",-49.75,-21.666668,BR,SA,medium
LDB,"Governador José Richa Airport",-51.137714,-23.328457,BR,SA,medium
LAZ,"Bom Jesus da Lapa Airport",-43.4125,-13.256944,BR,SA,medium
MAB,"João Correa da Rocha Airport",-49.166668,-5.366667,BR,SA,medium
MQH,"Minaçu Airport",-48.233334,-13.533333,BR,SA,medium
MEU,"Monte Dourado Airport",-52.583332,-0.883333,BR,SA,medium
MEA,"Benedito Lacerda Airport",-41.76405,-22.341843,BR,SA,medium
MGF,"null",-51.933334,-23.383612,BR,SA,medium
MOC,"null",-43.817223,-16.707779,BR,SA,medium
MII,"null",-49.933334,-22.2,BR,SA,medium
PLL,"Ponta Pelada Airport",-59.984444,-3.145556,BR,SA,medium
MCZ,"Zumbi dos Palmares Airport",-35.800446,-9.512521,BR,SA,medium
MCP,"Alberto Alcolumbre Airport",-51.068382,0.049895,BR,SA,medium
MVF,"Dix-Sept Rosado Airport",-37.25,-5.166667,BR,SA,medium
SAO,"Campo de Marte Airport",,,BR,SA,medium
MNX,"null",-61.283333,-5.816667,BR,SA,medium
NVT,"Ministro Victor Konder International Airport",-48.63333,-26.866667,BR,SA,medium
GEL,"null",-54.168056,-28.28111,BR,SA,medium
NAT,"Augusto Severo Airport",-35.250244,-5.916787,BR,SA,medium
OYK,"Oiapoque Airport",-51.783333,3.883333,BR,SA,medium
POA,"Salgado Filho Airport",-51.17709,-29.98961,BR,SA,medium
PBB,"null",-51.183334,-19.666668,BR,SA,small
POO,"null",-46.5675,-21.841389,BR,SA,medium
PFB,"Lauro Kurtz Airport",-52.333332,-28.25,BR,SA,medium
PMW,"Brigadeiro Lysias Rodrigues Airport",-48.35278,-10.241667,BR,SA,medium
PET,"Pelotas Airport",-52.324444,-31.718056,BR,SA,medium
PNZ,"Senador Nilo Coelho Airport",-40.490555,-9.393333,BR,SA,medium
PNB,"Porto Nacional Airport",-48.416668,-10.7,BR,SA,medium
PMG,"null",-55.7,-22.55,BR,SA,medium
BPS,"Porto Seguro Airport",-39.081097,-16.441158,BR,SA,medium
PVH,"Governador Jorge Teixeira de Oliveira Airport",-63.898308,-8.714311,BR,SA,medium
VDC,"null",-40.86667,-14.883333,BR,SA,medium
RBR,"Plácido de Castro International Airport",-67.8,-9.966667,BR,SA,medium
REC,"Guararapes - Gilberto Freyre International Airport",-34.91792,-8.131507,BR,SA,medium
SDU,"Santos Dumont Airport",-43.167095,-22.911541,BR,SA,medium
RAO,"Leite Lopes Airport",-47.773335,-21.135834,BR,SA,medium
BRB,"Barreirinhas Airport",-57.11111,-2.910626,BR,SA,small
SNZ,"Santa Cruz Airport",-36.016666,-6.216667,BR,SA,medium
SJK,"Professor Urbano Ernesto Stumpf Airport",-46.11667,-23.183332,BR,SA,medium
SLZ,"Marechal Cunha Machado International Airport",-44.236683,-2.583316,BR,SA,medium
RIA,"Santa Maria Airport",-53.6875,-29.710556,BR,SA,medium
STM,"Maestro Wilson Fonseca Airport",-54.78639,-2.424886,BR,SA,medium
CGH,"Congonhas Airport",-46.659557,-23.626902,BR,SA,large
SJP,"null",-49.416668,-20.816668,BR,SA,medium
SSZ,"null",-46.36667,-23.933332,BR,SA,medium
SSA,"Deputado Luís Eduardo Magalhães International Airport",-38.335197,-12.913988,BR,SA,large
QHP,"null",,,BR,SA,medium
TMT,"Trombetas Airport",-55.583332,-1.916667,BR,SA,medium
UNA,"null",-38.997223,-15.353333,BR,SA,small
TOW,"Toledo Airport",-53.69611,-24.69861,BR,SA,small
THE,"null",-42.821087,-5.06335,BR,SA,medium
TFF,"null",-64.7,-3.366667,BR,SA,medium
TRQ,"null",-70.75,-8.1,BR,SA,medium
TEC,"null",-50.65167,-24.315832,BR,SA,medium
OBI,"null",-55.516666,-1.916667,BR,SA,medium
TBT,"Tabatinga Airport",-69.933334,-4.233333,BR,SA,medium
TUR,"null",-49.733334,-3.7,BR,SA,medium
SJL,"null",-66.98556,-0.148333,BR,SA,medium
PAV,"Paulo Afonso Airport",-38.249916,-9.40077,BR,SA,medium
URG,"Rubem Berta Airport",-57.038334,-29.781668,BR,SA,medium
UDI,"null",-48.225822,-18.884567,BR,SA,medium
UBA,"null",-47.958332,-19.776388,BR,SA,medium
VAG,"Major Brigadeiro Trompowsky Airport",-45.47395,-21.588886,BR,SA,medium
BVH,"Vilhena Airport",-60.11667,-12.716667,BR,SA,medium
VIX,"Eurico de Aguiar Salles Airport",-40.289566,-20.25681,BR,SA,medium
QPS,"Campo Fontenelle Airport",,,BR,SA,medium
PRI,"Praslin Island Airport",55.692314,-4.323883,SC,AF,small
PRI,"Praslin Island Airport",55.692314,-4.323883,SC,AF,small
ZUD,"Pupelde Airport",-73.833336,-42.0,CL,SA,small
LOB,"San Rafael Airport",-71.53333,-29.966667,CL,SA,small
WAP,"Alto Palena Airport",-71.8,-43.61667,CL,SA,small
ARI,"Chacalluta Airport",-70.335556,-18.349766,CL,SA,medium
WPA,"null",-72.7,-45.4,CL,SA,small
DAT,"Desierto de Atacama Airport",113.48136,40.05554,CL,SA,medium
BBA,"Balmaceda Airport",-71.695,-45.916668,CL,SA,medium
TOQ,"Barriles Airport",-70.061386,-22.13611,CL,SA,medium
CCH,"Chile Chico Airport",-71.7,-46.55,CL,SA,medium
CJC,"El Loa Airport",-68.90843,-22.495085,CL,SA,medium
YAI,"null",-72.11667,-36.6,CL,SA,medium
PUQ,"null",-70.84307,-53.005356,CL,SA,medium
GXQ,"Teniente Vidal Airport",-72.09861,-45.58889,CL,SA,medium
IQQ,"Diego Aracena Airport",-70.17848,-20.547937,CL,SA,medium
SCL,"null",-70.79382,-33.397175,CL,SA,large
ESR,"null",-69.76528,-26.315277,CL,SA,medium
FRT,"El Avellano Airport",-73.06528,-41.125,CL,SA,small
ANF,"Cerro Moreno Airport",-70.44079,-23.449,CL,SA,medium
WPR,"Capitan Fuentes Martinez Airport Airport",-70.333336,-53.25,CL,SA,medium
FFU,"null",-71.816666,-43.2,CL,SA,small
LSQ,"null",-72.422775,-37.3975,CL,SA,small
WPU,"null",-68.25,-54.95,CL,SA,medium
CPO,"Chamonate Airport",-70.414406,-27.29892,CL,SA,small
LGR,"Cochrane Airport",-72.0,-47.166668,CL,SA,medium
CCP,"Carriel Sur Airport",-73.05944,-36.777122,CL,SA,medium
IPC,"Mataveri Airport",-109.36667,-27.116667,CL,SA,medium
ZOS,"null",-73.05556,-40.607777,CL,SA,medium
VLR,"Vallenar Airport",-70.761665,-28.591667,CL,SA,medium
ZLR,"Municipal de Linares Airport",-71.68611,-35.966667,CL,SA,small
PNT,"Tte. Julio Gallardo Airport",-72.51667,-51.683334,CL,SA,medium
OVL,"El Tuqui Airport",-71.0,-30.566668,CL,SA,small
ZPC,"null",-71.63333,-39.76389,CL,SA,small
PUX,"El Mirador Airport",-72.94444,-40.34028,CL,SA,small
CNR,"null",-70.604164,-26.329166,CL,SA,medium
VAP,"Rodelillo Airport",-71.666664,-33.033333,CL,SA,small
QRC,"De La Independencia Airport",-70.85555,-34.244446,CL,SA,medium
SMB,"Franco Bianco Airport",-69.34278,-52.738335,CL,SA,small
LSC,"La Florida Airport",-71.20369,-29.917297,CL,SA,medium
SSD,"null",-67.1,1.916667,CL,SA,small
WCA,"Gamboa Airport",-73.833336,-42.5,CL,SA,small
ZCO,"Maquehue Airport",-72.63845,-38.770355,CL,SA,medium
PMC,"El Tepual Airport",-73.09831,-41.433727,CL,SA,medium
TLX,"Panguilemo Airport",-71.666664,-35.466667,CL,SA,medium
WCH,"null",-72.71667,-42.916668,CL,SA,medium
ZIC,"Victoria Airport",-72.333336,-38.216667,CL,SA,medium
TTC,"Las Breas Airport",-70.42222,-25.517778,CL,SA,medium
ZAL,"Pichoy Airport",-73.23944,-39.791668,CL,SA,medium
KNA,"null",-71.566666,-33.033333,CL,SA,medium
CPQ,"Amarais Airport",-47.111595,-22.856462,BR,SA,small
QCJ,"Botucatu Airport",-48.475,-22.966667,BR,SA,small
OLC,"Senadora Eunice Micheles Airport",-68.95853,-3.470869,BR,SA,small
SOD,"Sorocaba Airport",-47.45,-23.483334,BR,SA,small
QDC,"Dracena Airport",-51.666668,-21.561111,BR,SA,small
JLS,"Jales Airport",-50.55,-20.166668,BR,SA,small
QOA,"Mococa Airport",-47.044445,-21.527779,BR,SA,small
QGC,"null",-48.85278,-22.672222,BR,SA,small
QNV,"Aeroclube Airport",-43.59722,-22.866667,BR,SA,small
OUS,"Ourinhos Airport",-49.916668,-22.966667,BR,SA,small
QHB,"Piracicaba Airport",-47.644444,-22.805555,BR,SA,small
QIQ,"Rio Claro Airport",-47.691666,-22.561111,BR,SA,small
QVP,"null",-48.99167,-23.180555,BR,SA,small
QRZ,"Resende Airport",-44.61667,-22.586111,BR,SA,small
QSC,"null",,,BR,SA,small
UBT,"Ubatuba Airport",-45.083332,-23.433332,BR,SA,small
QGS,"Alagoinhas Airport",,,BR,SA,small
VOT,"Votuporanga Airport",-49.88333,-20.433332,BR,SA,small
QGB,"Limeira Airport",,,BR,SA,small
IZA,"Zona da Mata Regional Airport",-43.173058,-21.513056,BR,SA,medium
ATF,"null",-78.7,-1.083333,EC,SA,medium
OCC,"Francisco De Orellana Airport",-76.98596,-0.462171,EC,SA,medium
CUE,"Mariscal Lamar Airport",-78.98689,-2.889343,EC,SA,medium
GPS,"Seymour Airport",-90.282776,-0.434722,EC,SA,small
GYE,"Simon Bolivar International Airport",-79.88032,-2.142654,EC,SA,medium
IBB,"General Villamil Airport",,,EC,SA,small
JIP,"Jipijapa Airport",-80.666664,-1.0,EC,SA,small
LTX,"Cotopaxi International Airport",-78.61609,-0.918468,EC,SA,medium
MRR,"Jose Maria Velasco Ibarra Airport",-79.933334,-4.383333,EC,SA,medium
XMS,"Coronel E Carvajal Airport",-78.13333,-2.316667,EC,SA,medium
MCH,"General Manuel Serrano Airport",-79.98333,-3.266667,EC,SA,medium
MEC,"Eloy Alfaro International Airport",-80.684,-0.953035,EC,SA,medium
LGQ,"Nueva Loja Airport",-76.88333,0.1,EC,SA,small
PYO,"Putumayo Airport",-75.9,0.083333,EC,SA,small
PVO,"Reales Tamarindos Airport",-80.46667,-1.033333,EC,SA,medium
UIO,"Mariscal Sucre International Airport",-78.35597,-0.123811,EC,SA,medium
ETR,"Coronel Artilleria Victor Larrea Airport",-79.96167,-3.452222,EC,SA,small
SNC,"General Ulpiano Paez Airport",-80.98333,-2.2,EC,SA,medium
SUQ,"Sucua Airport",-78.166664,-2.466667,EC,SA,small
PTZ,"Rio Amazonas Airport",-77.0,-2.0,EC,SA,small
SCY,"null",-89.433334,-0.833333,EC,SA,small
BHA,"Los Perales Airport",-80.416664,-0.6,EC,SA,small
TSC,"Taisha Airport",-77.5,-2.383333,EC,SA,small
TPN,"Tiputini Airport",-75.53333,-0.766667,EC,SA,small
LOH,"Camilo Ponce Enriquez Airport",-79.37361,-3.993611,EC,SA,small
ESM,"General Rivadeneira Airport",-79.625,0.966667,EC,SA,small
TPC,"Tarapoa Airport",-76.78333,-1.416667,EC,SA,medium
TUA,"Teniente Coronel Luis a Mantilla Airport",-77.71667,0.8,EC,SA,medium
PSY,"Stanley Airport",-57.85,-51.7,FK,SA,medium
ASU,"Silvio Pettirossi International Airport",-57.513794,-25.241795,PY,SA,medium
AYO,"Juan De Ayolas Airport",-56.85,-27.366667,PY,SA,medium
CIO,"Teniente Col Carmelo Peralta Airport",-57.41833,-23.434444,PY,SA,small
ENO,"null",-55.833332,-27.25,PY,SA,small
AGT,"Guarani International Airport",-54.833332,-25.5,PY,SA,medium
FLM,"Filadelfia Airport",-60.033333,-22.35,PY,SA,small
ESG,"null",-60.61667,-22.033333,PY,SA,medium
PIL,"Carlos Miguel Gimenez Airport",-58.333332,-26.866667,PY,SA,medium
PJC,"Dr Augusto Roberto Fuster International Airport",-55.666668,-22.5,PY,SA,small
LVR,"Municipal Bom Futuro Airport",,,BR,SA,small
FRC,"Franca Airport",-47.4375,-20.551945,BR,SA,small
CFO,"Confresa Airport",-51.566666,-10.633333,BR,SA,small
JTC,"Bauru - Arealva Airport",-49.07229,-22.165958,BR,SA,medium
ARS,"Usina Santa Cruz Airport",-52.233334,-15.9,BR,SA,small
ACM,"Arica Airport",-71.833336,-2.0,CO,SA,small
ACL,"Aguaclara Airport",-73.0,4.75,CO,SA,small
NBB,"Barranco Minas Airport",-70.333336,3.333333,CO,SA,small
AZT,"Zapatoca Airport",-73.25,6.866667,CO,SA,small
SQB,"Santa Ana Airport",-74.583336,9.316667,CO,SA,small
ARF,"Acaricuara Airport",-70.13333,0.533333,CO,SA,small
ACR,"Araracuara Airport",-72.3,-0.383333,CO,SA,small
ACD,"null",-77.3,8.516667,CO,SA,small
AFI,"Amalfi Airport",-75.066666,6.916667,CO,SA,small
ADN,"Andes Airport",-75.933334,5.666667,CO,SA,small
APY,"Gomez Nino Apiay Air Base",-45.933334,-9.133333,CO,SA,medium
AXM,"El Eden Airport",-75.76804,4.452869,CO,SA,medium
PUU,"Tres De Mayo Airport",-76.53333,0.533333,CO,SA,medium
ELB,"Las Flores Airport",-73.97417,9.048889,CO,SA,medium
BGA,"Palonegro Airport",-73.1814,7.128045,CO,SA,medium
BOG,"El Dorado International Airport",-74.143135,4.698602,CO,SA,large
BAQ,"Ernesto Cortissoz International Airport",-74.77618,10.886398,CO,SA,medium
BSC,"null",-77.4,6.183333,CO,SA,medium
BUN,"null",-76.995834,3.825,CO,SA,medium
CPB,"null",-77.333336,8.633333,CO,SA,small
CUC,"Camilo Daza International Airport",-72.50815,7.927108,CO,SA,medium
COG,"Mandinga Airport",-76.66333,5.079167,CO,SA,small
CTG,"null",-75.51659,10.445704,CO,SA,medium
CCO,"Carimagua Airport",-71.333336,4.566667,CO,SA,small
CLO,"Alfonso Bonilla Aragon International Airport",-76.381386,3.543056,CO,SA,medium
CIM,"Cimitarra Airport",-74.11667,6.483333,CO,SA,small
RAV,"Cravo Norte Airport",-70.183334,6.316667,CO,SA,small
TCO,"La Florida Airport",-78.76667,1.816667,CO,SA,medium
CUO,"null",-71.23333,1.033333,CO,SA,small
CAQ,"Juan H White Airport",-75.19718,7.967905,CO,SA,medium
CVE,"null",-75.73333,9.4,CO,SA,medium
CZU,"Las Brujas Airport",-75.282776,9.3375,CO,SA,medium
EBG,"El Bagre Airport",-74.816666,7.616667,CO,SA,medium
EJA,"null",-73.799164,7.015833,CO,SA,medium
FLA,"Gustavo Artunduaga Paredes Airport",-75.55889,1.588889,CO,SA,medium
FDA,"null",,,CO,SA,small
GIR,"Santiago Vila Airport",-74.8,4.3,CO,SA,medium
CRC,"Santa Ana Airport",-75.933334,4.766667,CO,SA,medium
GPI,"Juan Casiano Airport",-78.34167,2.5,CO,SA,medium
GLJ,"null",,,CO,SA,small
CPL,"Chaparral Airport",-75.46667,3.716667,CO,SA,small
HTZ,"Hato Corozal Airport",-72.63333,6.033333,CO,SA,small
IBE,"Perales Airport",-75.13858,4.423948,CO,SA,medium
IGO,"null",-76.68667,7.681667,CO,SA,small
MMP,"Cicuco Airport",-74.43611,9.261667,CO,SA,small
IPI,"San Luis Airport",-77.71167,0.866389,CO,SA,medium
LQM,"Caucaya Airport",-74.583336,-0.3,CO,SA,small
MCJ,"Jorge Isaac Airport",-72.24167,11.391667,CO,SA,medium
LPD,"La Pedrera Airport",-69.71667,-1.3,CO,SA,small
LET,"null",-69.939445,-4.196389,CO,SA,medium
EOH,"Enrique Olaya Herrera Airport",-75.5864,6.218666,CO,SA,medium
MFS,"Miraflores Airport",-73.25,5.166667,CO,SA,small
MGN,"Baracoa Airport",-74.845,9.288056,CO,SA,medium
MCJ,"Maicao Airport",-72.24167,11.391667,CO,SA,small
MTB,"Montelibano Airport",-75.46667,8.066667,CO,SA,small
MTR,"Los Garzones Airport",-75.82392,8.825035,CO,SA,medium
MVP,"Fabio Alberto Leon Bentley Airport",-70.05,1.133333,CO,SA,medium
MZL,"La Nubia Airport",-75.46878,5.029005,CO,SA,medium
NCI,"Necocli Airport",-76.75,8.483333,CO,SA,small
NQU,"Reyes Murillo Airport",-77.28333,5.7,CO,SA,small
NVA,"Benito Salas Airport",-75.295525,2.946824,CO,SA,medium
OCV,"Aguas Claras Airport",-73.333336,8.25,CO,SA,medium
ORC,"Orocue Airport",-71.333336,4.9,CO,SA,small
PCR,"German Olano Airport",-67.63333,6.183333,CO,SA,medium
PDA,"Obando Airport",-67.88333,3.883333,CO,SA,medium
PEI,"null",-75.736534,4.815945,CO,SA,medium
PTX,"Pitalito Airport",-76.03333,1.85,CO,SA,medium
PLT,"Plato Airport",-74.78333,9.783333,CO,SA,small
NAR,"Puerto Nare Airport",-74.583336,6.2,CO,SA,small
PPN,"null",-76.60889,2.45,CO,SA,medium
PQE,"German Olano Air Base",,,CO,SA,medium
PBE,"Puerto Berrio Airport",-74.48333,6.483333,CO,SA,small
PSO,"Antonio Narino Airport",-77.25,1.466667,CO,SA,medium
PVA,"El Embrujo Airport",-81.35,13.35,CO,SA,medium
PZA,"Paz De Ariporo Airport",-71.885,5.877778,CO,SA,medium
MQU,"Jose Celestino Mutis Airport",-74.88333,5.216667,CO,SA,medium
MDE,"null",-75.42821,6.171382,CO,SA,medium
RCH,"Almirante Padilla Airport",-72.924446,11.529167,CO,SA,medium
SJE,"Jorge E. Gonzalez Torres Airport",-72.666664,2.583333,CO,SA,medium
SMR,"null",-74.232704,11.117132,CO,SA,medium
SOX,"Alberto Lleras Camargo Airport",-72.933334,5.716667,CO,SA,small
ADZ,"Gustavo Rojas Pinilla International Airport",-81.70221,12.586047,CO,SA,medium
SVI,"Eduardo Falla Solano Airport",-74.76667,2.15,CO,SA,medium
TBU,"null",-175.14131,-21.24117,CO,SA,small
TDA,"Trinidad Airport",-71.72444,5.423611,CO,SA,small
TLU,"null",-75.583336,9.516667,CO,SA,small
TME,"Gustavo Vargas Airport",-71.76667,6.5,CO,SA,medium
TQS,"Tres Esquinas Air Base",-75.23333,0.733333,CO,SA,medium
TRB,"null",-76.748055,8.078333,CO,SA,small
MQZ,"null",115.1,-33.933334,CO,SA,medium
AUC,"Santiago Perez Airport",-70.7425,7.071667,CO,SA,medium
UIB,"null",-76.641945,5.690556,CO,SA,medium
ULQ,"Farfan Airport",-76.229164,4.097222,CO,SA,medium
URR,"Urrao Airport",-76.183334,6.333333,CO,SA,small
VUP,"null",-73.25278,10.436667,CO,SA,medium
VVC,"Vanguardia Airport",-73.566666,4.078889,CO,SA,medium
AYG,"Yaguara Airport",-73.933334,1.533333,CO,SA,small
EYP,"El Yopal Airport",-72.386284,5.320729,CO,SA,medium
MHW,"Monteagudo Airport",-63.966667,-19.8325,BO,SA,small
APB,"Apolo Airport",-68.51667,-14.716667,BO,SA,small
ASC,"null",-63.15,-15.916667,BO,SA,small
BJO,"Bermejo Airport",-64.333336,-22.866667,BO,SA,medium
CAM,"Camiri Airport",-63.56111,-20.01111,BO,SA,small
CBB,"Jorge Wilsterman International Airport",-66.178894,-17.413954,BO,SA,medium
CIJ,"null",-68.75278,-11.026389,BO,SA,medium
CEP,"null",-62.083332,-16.233334,BO,SA,small
SRZ,"El Trompillo Airport",-63.1725,-17.804167,BO,SA,medium
GYA,"null",-65.361664,-10.83,BO,SA,small
BVK,"Huacaraje Airport",-63.75,-13.55,BO,SA,small
SJS,"null",-60.738335,-17.827223,BO,SA,small
SJB,"null",-64.8,-13.083333,BO,SA,small
SJV,"San Javier Airport",-62.416668,-16.233334,BO,SA,small
LPB,"El Alto International Airport",-68.1769,-16.50889,BO,SA,medium
MGD,"Magdalena Airport",-64.124725,-13.325278,BO,SA,small
ORU,"Juan Mendoza Airport",-67.07546,-17.963202,BO,SA,medium
POI,"Capitan Nicolas Rojas Airport",-65.72361,-19.543056,BO,SA,medium
PUR,"Puerto Rico Airport",-67.52,-11.1125,BO,SA,small
PSZ,"null",-57.8,-18.966667,BO,SA,medium
SRD,"null",-64.71667,-13.283333,BO,SA,small
RBO,"null",-59.75528,-18.344444,BO,SA,small
RIB,"null",-66.093056,-11.006944,BO,SA,small
REY,"Reyes Airport",-67.26667,-14.316667,BO,SA,small
SBL,"Santa Ana Del Yacuma Airport",-65.45,-13.716667,BO,SA,medium
SRJ,"null",-66.833336,-14.816667,BO,SA,small
SNG,"null",-60.97639,-16.383057,BO,SA,small
SNM,"San Ignacio de Moxos Airport",-65.63556,-14.966389,BO,SA,small
SRB,"Santa Rosa De Yacuma Airport",-67.333336,-10.6,BO,SA,small
SRE,"Juana Azurduy De Padilla Airport",-65.30167,-19.007778,BO,SA,medium
MQK,"null",-58.385555,-16.334444,BO,SA,small
TJA,"Capitan Oriel Lea Plaza Airport",-64.745834,-21.554167,BO,SA,medium
TDD,"Teniente Av. Jorge Henrich Arauz Airport",-64.91931,-14.822613,BO,SA,medium
UYU,"Uyuni Airport",-66.8484,-20.4463,BO,SA,small
VAH,"null",-64.1,-18.483334,BO,SA,small
VLM,"null",-63.5,-21.25,BO,SA,medium
VVI,"Viru Viru International Airport",-63.140488,-17.648233,BO,SA,medium
BYC,"Yacuiba Airport",-63.65,-21.95,BO,SA,medium
ABN,"Albina Airport",-54.083332,5.5,SR,SA,small
TOT,"Totness Airport",-56.316666,5.883333,SR,SA,small
DRJ,"Drietabbetje Airport",-54.666668,4.116667,SR,SA,small
PBM,"Johan Adolf Pengel International Airport",-55.191113,5.451389,SR,SA,medium
ICK,"Nieuw Nickerie Airport",-56.983334,5.933333,SR,SA,small
OEM,"Vincent Fayks Airport",-55.45,3.35,SR,SA,small
SMZ,"Stoelmanseiland Airport",-54.4,4.343056,SR,SA,small
AGI,"Wageningen Airport Airport",-56.833332,5.833333,SR,SA,small
ORG,"Zorg en Hoop Airport",-55.191113,5.809444,SR,SA,small
APY,"null",-45.933334,-9.133333,BR,SA,small
APQ,"Arapiraca Airport",-36.65,-9.75,BR,SA,small
AMJ,"null",-40.683334,-16.183332,BR,SA,small
AIF,"Marcelo Pires Halzhausen Airport",-50.416668,-22.666668,BR,SA,small
BDC,"Barra do Corda Airport",-45.266666,-5.466667,BR,SA,small
BVM,"Belmonte Airport",-38.916668,-15.833333,BR,SA,small
BRA,"Barreiras Airport",-45.00833,-12.073056,BR,SA,small
BSS,"Balsas Airport",-46.05,-7.516667,BR,SA,small
BMS,"null",-41.63333,-14.233333,BR,SA,small
BQQ,"Barra Airport",-43.13333,-11.083333,BR,SA,small
CTP,"Carutapera Airport",-46.016666,-1.25,BR,SA,small
CPU,"Cururupu Airport",-44.86667,-1.8,BR,SA,small
QCH,"Colatina Airport",,,BR,SA,small
RDC,"null",-49.98,-8.030278,BR,SA,small
LEP,"Leopoldina Airport",-42.666668,-21.466667,BR,SA,small
DIQ,"null",-44.869446,-20.181389,BR,SA,small
CNV,"Canavieiras Airport",-38.983334,-15.666667,BR,SA,small
SXX,"null",-51.983334,-6.633333,BR,SA,small
ODL,"Guarapari Airport",140.63333,-26.716667,BR,SA,small
GDP,"Guadalupe Airport",-43.58167,-6.781944,BR,SA,small
GNM,"Guanambi Airport",-42.783333,-14.3,BR,SA,small
GMS,"null",-44.7,-2.15,BR,SA,small
QGP,"Garanhuns Airport",-36.65,-8.911111,BR,SA,small
IRE,"null",-41.86667,-11.3,BR,SA,small
QIG,"Iguatu Airport",-39.43611,-6.477778,BR,SA,small
QIT,"Itapetinga Airport",-40.36111,-15.338889,BR,SA,small
IPU,"null",-39.733334,-14.133333,BR,SA,small
JCM,"Jacobina Airport",-40.516666,-11.183333,BR,SA,small
FEC,"null",-38.906113,-12.2025,BR,SA,small
JEQ,"null",-40.083332,-13.85,BR,SA,small
JNA,"null",-44.385834,-15.474167,BR,SA,small
JDR,"null",-44.2301,-21.087957,BR,SA,small
CMP,"Santana do Araguaia Airport",-36.35,-9.8,BR,SA,small
QDF,"Conselheiro Lafaiete Airport",-43.930557,-20.786112,BR,SA,small
QXD,"Cachoeiro do Itapemirim Airport",-41.225,-20.866667,BR,SA,small
QCP,"Currais Novos Airport",-36.60278,-6.408333,BR,SA,small
LVB,"Livramento do Brumado Airport",-55.61667,-30.833332,BR,SA,small
SSO,"null",-45.05,-22.116667,BR,SA,small
MTE,"Monte Alegre Airport",-54.066666,-1.983333,BR,SA,small
MVS,"Mucuri Airport",-39.566666,-18.083332,BR,SA,small
SBJ,"null",-39.733334,-18.583332,BR,SA,small
PTQ,"Porto de Moz Airport",-52.244446,-1.738889,BR,SA,small
NNU,"Nanuque Airport",-40.333332,-17.816668,BR,SA,small
QBX,"Sobral Airport",-40.36667,-3.781521,BR,SA,small
PSW,"null",-46.61667,-20.716667,BR,SA,small
ORX,"null",-55.86667,-1.75,BR,SA,small
PCS,"Picos Airport",-41.466667,-7.083333,BR,SA,small
POJ,"Patos de Minas Airport",-46.490833,-18.671667,BR,SA,small
PIV,"Pirapora Airport",-44.93222,-17.338612,BR,SA,small
FLB,"Cangapara Airport",-43.033333,-6.8,BR,SA,small
PIV,"null",-44.93222,-17.338612,BR,SA,small
PDF,"Prado Airport",-39.216667,-17.35,BR,SA,small
CAU,"Caruaru Airport",-35.916668,-8.25,BR,SA,small
SFK,"Soure Airport",-48.52222,-0.7,BR,SA,small
OBI,"null",-55.516666,-1.916667,BR,SA,small
TFL,"Juscelino Kubitscheck Airport",-41.5,-17.85,BR,SA,small
VAL,"null",-38.988876,-13.295259,BR,SA,small
QID,"null",-45.291668,-21.855556,BR,SA,small
BVS,"Breves Airport",-50.466667,-1.666667,BR,SA,small
CMC,"Camocim Airport",-40.833332,-2.916667,BR,SA,small
QXC,"null",-43.355556,-4.870141,BR,SA,small
PHI,"Pinheiro Airport",-45.083332,-2.516667,BR,SA,small
ITI,"null",-41.5,-18.0,BR,SA,small
PPY,"Pouso Alegre Airport",-45.918888,-22.288334,BR,SA,small
BXX,"Boorama Airport",43.11667,9.966667,SO,AF,small
GTA,"Gatokae Airport",158.18333,-8.766667,SB,OC,small
CAY,"Cayenne-Rochambeau Airport",-52.36667,4.816667,GF,SA,medium
MPY,"Maripasoula Airport",-54.033333,3.666667,GF,SA,small
OXP,"Saint-Georges-de-l'Oyapock Airport",,,GF,SA,medium
LDX,"Saint-Laurent-du-Maroni Airport",-54.05,5.483333,GF,SA,small
REI,"Regina Airport",-52.13333,4.316667,GF,SA,small
XAU,"null",-53.2,3.616667,GF,SA,small
APE,"San Juan Aposento Airport",-69.083336,-11.933333,PE,SA,small
ALD,"Alerta Airport",-69.333336,-11.683333,PE,SA,small
AOP,"Alferez FAP Alfredo Vladimir Sara Bauer Airport",,,PE,SA,small
ATG,"null",72.25,33.9,PE,SA,medium
MBP,"Moyobamba Airport",-77.166664,-6.2,PE,SA,small
LHC,"Caballococha Airport",,,PE,SA,medium
BLP,"Huallaga Airport",-69.416664,-16.583332,PE,SA,small
IBP,"Iberia Airport",-69.583336,-11.366667,PE,SA,medium
TCG,"Tocache Airport",83.333336,46.666668,PE,SA,small
PCL,"Cap FAP David Abenzur Rengifo International Airport",-74.63333,-8.333333,PE,SA,medium
CTF,"Contamana Airport",-91.916664,14.766667,PE,SA,small
CHM,"Teniente FAP Jaime A De Montreuil Morales Airport",-78.53111,-9.150556,PE,SA,medium
TGI,"Tingo Maria Airport",-76.00552,-9.292779,PE,SA,small
CIX,"Capitan FAP Jose A Quinones Gonzales International Airport",-79.83222,-6.789722,PE,SA,medium
AYP,"Coronel FAP Alfredo Mendivil Duarte Airport",-74.24722,-13.197222,PE,SA,medium
ANS,"Andahuaylas Airport",-73.355835,-13.716667,PE,SA,small
ATA,"Comandante FAP German Arias Graziani Airport",-77.6,-9.347222,PE,SA,medium
UMI,"Quince Air Base",-70.666664,-13.25,PE,SA,small
LIM,"null",-77.107666,-12.019421,PE,SA,large
SFK,"Satipo Airport",-48.52222,-0.7,PE,SA,small
UCZ,"Uchiza Airport",,,PE,SA,small
RIJ,"Juan Simons Vela Airport",-77.15,-6.05,PE,SA,medium
JJI,"Juanjui Airport",-76.71667,-7.15,PE,SA,medium
JAU,"Francisco Carle Airport",-75.25,-11.75,PE,SA,medium
JUL,"Inca Manco Capac International Airport",-70.15444,-15.464167,PE,SA,medium
SJA,"San Juan de Marcona Airport",-75.15,-15.35,PE,SA,small
CJA,"Mayor General FAP Armando Revoredo Iglesias Airport",-78.5,-7.133333,PE,SA,medium
RIM,"San Nicolas Airport",-78.0,-6.0,PE,SA,small
ILQ,"Ilo Airport",-71.333336,-17.666668,PE,SA,medium
LIM,"Las Palmas Airport",-77.107666,-12.019421,PE,SA,small
TBP,"Capitan FAP Pedro Canga Rodriguez Airport",-80.416664,-3.566667,PE,SA,medium
CHM,"Manuel Prado Ugarteche Airport",-78.53111,-9.150556,PE,SA,small
SMG,"Santa Maria Airport",-72.0,-12.5,PE,SA,small
YMS,"Moises Benzaquen Rengifo Airport",-76.1,-5.9,PE,SA,medium
HUU,"Alferez Fap David Figueroa Fernandini Airport",-76.21667,-9.866667,PE,SA,medium
SQU,"Saposoa Airport",-76.75,-6.95,PE,SA,small
SYC,"Shiringayoc/Hacienda Hda Mejia Airport",-69.166664,-11.9,PE,SA,small
CHH,"Chachapoyas Airport",-77.85,-6.216667,PE,SA,medium
REQ,"Requena Airport",-73.86667,-5.064947,PE,SA,small
IQT,"Coronel FAP Francisco Secada Vignetta International Airport",-73.30284,-3.785098,PE,SA,medium
AQP,"null",-71.56799,-16.344812,PE,SA,medium
TRU,"Capitan FAP Carlos Martinez De Pinillos International Airport",-79.115,-8.09,PE,SA,medium
SQD,"San Francisco Airport",,,PE,SA,small
PIO,"null",-76.21667,-13.75,PE,SA,medium
TPP,"Cadete FAP Guillermo Del Castillo Paredes Airport",-76.39861,-6.511111,PE,SA,medium
SYC,"Shiringayoc Airport",-69.166664,-11.9,PE,SA,small
TCQ,"Coronel FAP Carlos Ciriani Santa Rosa International Airport",-70.27889,-18.063334,PE,SA,medium
PEM,"Padre Aldamiz International Airport",-69.23333,-12.583333,PE,SA,medium
PIU,"null",-80.613335,-5.201667,PE,SA,medium
TYL,"Capitan Montes Airport",-81.25278,-4.564722,PE,SA,medium
NZA,"Maria Reiche Neuman Airport",21.35786,-7.716528,PE,SA,medium
CUZ,"Alejandro Velasco Astete International Airport",-71.94371,-13.538429,PE,SA,large
AAJ,"Cayana Airstrip",-55.36667,3.9,SR,SA,small
KCB,"Tepoe Airstrip",-55.716667,3.15,SR,SA,small
APU,"Apucarana Airport",-51.483334,-23.55,BR,SA,small
BNU,"Blumenau Airport",-49.0,-27.0,BR,SA,small
CCI,"null",-52.050556,-27.181389,BR,SA,small
QCN,"Canela Airport",-50.922222,-29.497223,BR,SA,small
CKO,"null",-50.666668,-23.116667,BR,SA,small
DOU,"Dourados Airport",-54.925556,-22.202778,BR,SA,small
ERM,"Erechim Airport",-52.275555,-27.641666,BR,SA,small
FBE,"null",-53.066666,-26.083332,BR,SA,small
QGA,"null",-54.230556,-24.197222,BR,SA,small
IJU,"null",-53.916668,-28.416668,BR,SA,small
ITQ,"Itaqui Airport",-56.55,-29.133333,BR,SA,small
JCB,"Santa Terezinha Airport",-51.516666,-27.166668,BR,SA,small
QDB,"Cachoeira do Sul Airport",-53.002777,-30.022223,BR,SA,small
QCR,"Curitibanos Airport",-50.71389,-27.425,BR,SA,small
QRE,"Carazinho Airport",-52.955555,-28.36389,BR,SA,small
ALQ,"Alegrete Novo Airport",-55.763332,-29.799723,BR,SA,small
QMF,"Mafra Airport",-49.97222,-26.23889,BR,SA,small
QGF,"Montenegro Airport",-51.544445,-29.744444,BR,SA,small
QHV,"Novo Hamburgo Airport",-51.216667,-29.811111,BR,SA,small
SQX,"null",-53.502777,-26.780556,BR,SA,small
APX,"Arapongas Airport",-51.466667,-23.483334,BR,SA,small
PTO,"Pato Branco Airport",-52.666668,-26.216667,BR,SA,small
PNG,"null",-48.5,-25.516666,BR,SA,small
PVI,"null",-52.466667,-23.066668,BR,SA,small
PBB,"null",-51.183334,-19.666668,BR,SA,small
QAC,"Castro Airport",-50.052776,-24.875,BR,SA,small
SQY,"null",-52.032223,-31.382778,BR,SA,small
QOJ,"null",-56.177776,-28.680555,BR,SA,small
CSU,"Santa Cruz do Sul Airport",-52.416668,-29.683332,BR,SA,small
UMU,"Umuarama Airport",-53.31333,-23.798332,BR,SA,small
QVB,"null",-51.08889,-26.366667,BR,SA,small
VIA,"Videira Airport",-51.136112,-27.008333,BR,SA,small
CTQ,"null",-50.1,-18.85,BR,SA,small
AXE,"null",-52.38333,-26.883333,BR,SA,small
AAG,"Arapoti Airport",-49.79,-24.103611,BR,SA,small
SRA,"Santa Rosa Airport",-54.483334,-27.866667,BR,SA,small
PGZ,"Ponta Grossa Airport",-50.15,-25.083332,BR,SA,small
ATI,"Artigas International Airport",-56.50833,-30.4,UY,SA,small
BUV,"Bella Union Airport",-57.083332,-30.333332,UY,SA,small
CYR,"Laguna de Los Patos International Airport",-57.76777,-34.455326,UY,SA,small
CAR,"Carmelo International Airport",-68.01667,46.86667,UY,SA,small
DZO,"Santa Bernardina International Airport",-56.516666,-33.416668,UY,SA,medium
PDP,"Capitan Corbeta CA Curbelo International Airport",-55.093163,-34.857212,UY,SA,medium
MER,"Ricardo de Tomasi International Airport",-120.48333,37.3,UY,SA,small
MLZ,"Cerro Largo International Airport",-54.2,-32.333332,UY,SA,small
MVD,"Carrasco International /General C L Berisso Airport",-56.026466,-34.841152,UY,SA,large
MDO,"El Jaguel / Punta del Este Airport",-146.3,59.453056,UY,SA,small
PDU,"Tydeo Larre Borges Airport",-58.064167,-32.365833,UY,SA,small
RVY,"Presidente General Don Oscar D. Gestido International Airport",-55.47703,-30.973482,UY,SA,small
STY,"Nueva Hesperides International Airport",-57.988335,-31.436666,UY,SA,medium
TAW,"Tacuarembo Airport",-55.916668,-31.75,UY,SA,small
TYT,"Treinta y Tres Airport",-54.283333,-33.266666,UY,SA,small
VCH,"Vichadero Airport",-54.25,-31.733334,UY,SA,small
AGV,"Oswaldo Guevara Mujica Airport",-69.23333,9.552222,VE,SA,medium
AAO,"Anaco Airport",-64.46389,9.431944,VE,SA,medium
LPJ,"Armando Schwarck Airport",-67.666664,7.0,VE,SA,small
BLA,"General Jose Antonio Anzoategui International Airport",-64.68589,10.107936,VE,SA,medium
BNS,"Barinas Airport",-70.22111,8.618056,VE,SA,medium
ELR,"El Libertador Airbase",140.06667,-3.816667,VE,SA,medium
BRM,"Barquisimeto International Airport",-69.35984,10.046267,VE,SA,medium
MYC,"Escuela Mariscal Sucre Airport",-68.166664,10.5,VE,SA,medium
CBL,"null",-63.534657,8.122381,VE,SA,medium
CXA,"Caicara del Orinoco Airport",-66.15,7.533333,VE,SA,medium
CUV,"Casigua El Cubo Airport",-70.95,11.066667,VE,SA,small
CLZ,"Calabozo Airport",-67.433334,8.933333,VE,SA,medium
CAJ,"Canaima Airport",-62.85351,6.240634,VE,SA,medium
VCR,"Carora Airport",-70.083336,10.183333,VE,SA,medium
CUP,"null",-63.2625,10.658889,VE,SA,medium
CZE,"null",-69.681946,11.415833,VE,SA,medium
CUM,"null",-64.131744,10.449879,VE,SA,medium
isl,"La Tortuga Punta Delgada Airport",-145.03334,63.5,VE,SA,small
EOR,"El Dorado Airport",-61.88333,6.733333,VE,SA,medium
EOZ,"Elorza Airport",-69.53333,7.166667,VE,SA,medium
GDO,"Guasdalito Airport",-70.8,7.233333,VE,SA,medium
GUI,"Guiria Airport",-62.3,10.566667,VE,SA,medium
GUQ,"Guanare Airport",-69.75,9.025278,VE,SA,medium
ICA,"null",-61.733334,4.333333,VE,SA,small
LSP,"Josefa Camejo International Airport",-70.14961,11.777155,VE,SA,medium
KAV,"Kavanayen Airport",-61.766666,5.666667,VE,SA,small
LFR,"La Fria Airport",-72.272224,8.240556,VE,SA,medium
MAR,"La Chinita International Airport",-71.72351,10.555564,VE,SA,medium
MRD,"Alberto Carnevalli Airport",-71.16051,8.582471,VE,SA,medium
PMV,"null",-63.96899,10.917189,VE,SA,medium
CCS,"null",-67.00551,10.596942,VE,SA,medium
MUN,"null",-63.156933,9.749384,VE,SA,medium
CBS,"Oro Negro Airport",-71.416664,10.383333,VE,SA,small
PYH,"Cacique Aramare Airport",-67.5,5.6,VE,SA,medium
PBL,"General Bartolome Salom International Airport",-68.07361,10.479167,VE,SA,medium
PDZ,"Pedernales Airport",-62.233334,9.966667,VE,SA,small
PPH,"Perai Tepuy Airport",-61.516666,4.583333,VE,SA,small
SCI,"Paramillo Airport",-72.1999,7.800072,VE,SA,medium
PZO,"General Manuel Carlos Piar International Airport",-62.759136,8.286533,VE,SA,medium
PTM,"Palmarito Airport",-70.183334,7.566667,VE,SA,medium
LRV,"Gran Roque Airport",-66.750114,11.857591,VE,SA,small
SVZ,"San Antonio Del Tachira Airport",-72.43865,7.839419,VE,SA,medium
SBB,"null",-71.166664,7.783333,VE,SA,small
SNV,"Santa Elena de Uairen Airport",-61.11667,4.55,VE,SA,medium
STD,"Mayor Buenaventura Vivas International Airport",-72.066666,7.583333,VE,SA,medium
SNF,"Sub Teniente Nestor Arias Airport",-68.75389,10.280278,VE,SA,medium
SFD,"San Fernando De Apure Airport",-67.43916,7.885278,VE,SA,medium
SOM,"San Tome Airport",-64.14981,8.94536,VE,SA,medium
STB,"null",-71.95,9.033333,VE,SA,medium
TUV,"Tucupita Airport",-62.05,9.091667,VE,SA,medium
TMO,"Tumeremo Airport",-61.5,7.3,VE,SA,medium
URM,"Uriman Airport",-62.75833,5.341667,VE,SA,small
VLN,"Arturo Michelena International Airport",-67.92248,10.15429,VE,SA,medium
VIG,"null",-71.65,8.633333,VE,SA,medium
VLV,"null",-70.58583,9.339167,VE,SA,medium
VDP,"Valle de La Pascua Airport",-65.99111,9.221389,VE,SA,medium
BAZ,"Barcelos Airport",-62.933613,-0.966944,BR,SA,small
RBB,"Borba Airport",-59.583332,-4.4,BR,SA,small
CAF,"Carauari Airport",-66.916664,-4.9,BR,SA,small
CQS,"Costa Marques Airport",-64.25,-12.416667,BR,SA,small
DMT,"Diamantino Airport",-56.5,-14.5,BR,SA,small
DNO,"null",-46.85,-11.616667,BR,SA,small
ARS,"null",-52.233334,-15.9,BR,SA,small
ERN,"null",-69.88333,-6.583333,BR,SA,small
CQA,"Canarana Airport",-52.27028,-13.574167,BR,SA,small
FEJ,"null",-70.35,-8.15,BR,SA,small
SXO,"null",-50.65,-11.6,BR,SA,small
GRP,"Gurupi Airport",-49.216667,-11.666667,BR,SA,small
AUX,"null",-48.2,-7.2,BR,SA,small
IPG,"Ipiranga Airport",-65.95,-3.216667,BR,SA,small
IDO,"Santa Izabel do Morro Airport",-50.666668,-11.566667,BR,SA,small
JPR,"null",-61.84667,-10.870556,BR,SA,small
JIA,"null",-58.88333,-11.5,BR,SA,small
JRN,"Juruena Airport",-58.488888,-10.305556,BR,SA,small
CCX,"null",-57.7,-16.066668,BR,SA,small
CIZ,"Coari Airport",-63.13333,-4.083333,BR,SA,small
TLZ,"null",-47.95,-18.166668,BR,SA,small
LBR,"null",-64.85,-7.25,BR,SA,small
RVD,"General Leite de Castro Airport",-50.933334,-17.716667,BR,SA,small
MBZ,"null",-57.7,-3.4,BR,SA,small
NVP,"null",-60.36667,-5.133333,BR,SA,small
AQM,"Nova Vida Airport",-63.066666,-9.933333,BR,SA,small
BCR,"Novo Campo Airport",-67.38333,-8.75,BR,SA,small
NQL,"null",-48.983334,-14.0,BR,SA,small
APS,"null",-48.966667,-16.333332,BR,SA,small
PIN,"Parintins Airport",-56.770027,-2.669208,BR,SA,small
PMW,"null",-48.35278,-10.241667,BR,SA,small
PBQ,"Pimenta Bueno Airport",-61.2,-11.7,BR,SA,small
AAI,"Arraias Airport",-46.933334,-12.916667,BR,SA,small
ROO,"null",-54.716667,-16.433332,BR,SA,small
AIR,"null",-59.38333,-10.25,BR,SA,small
OPS,"null",-55.58156,-11.878573,BR,SA,small
STZ,"Santa Terezinha Airport",-50.45,-10.300278,BR,SA,small
IRZ,"Tapuruquara Airport",-64.996025,-0.380296,BR,SA,small
AZL,"null",,,BR,SA,small
QHN,"Taguatinga Airport",-46.405556,-12.438889,BR,SA,small
SQM,"null",-50.216667,-13.316667,BR,SA,small
VLP,"Vila Rica Airport",-51.122223,-10.015556,BR,SA,small
MBK,"Regional Orlando Villas Boas Airport",-54.932777,-10.0575,BR,SA,small
NOK,"Xavantina Airport",-52.34861,-14.690278,BR,SA,small
AHL,"Aishalton Airport",-59.316666,2.483333,GY,SA,small
NAI,"Annai Airport",-59.0,3.75,GY,SA,small
BMJ,"Baramita Airport",-60.0,6.75,GY,SA,small
GFO,"Bartica A Airport",-58.583332,6.416667,GY,SA,small
GEO,"Cheddi Jagan International Airport",-58.25308,6.503833,GY,SA,medium
OGL,"Ogle Airport",-58.10521,6.807733,GY,SA,small
IMB,"Imbaimadai Airport",-60.283333,5.716667,GY,SA,small
KAR,"Kamarang Airport",-60.61667,5.883333,GY,SA,small
KRM,"Karanambo Airport",-59.316666,3.75,GY,SA,small
KRG,"Karasabai Airport",-59.516666,4.016667,GY,SA,small
KTO,"Kato Airport",-59.816666,4.65,GY,SA,small
LUB,"Lumid Pau Airport",-59.433334,2.4,GY,SA,small
LTM,"Lethem Airport",-59.79,3.371667,GY,SA,medium
USI,"Mabaruma Airport",-59.833332,8.166667,GY,SA,small
MHA,"Mahdia Airport",-59.15,5.25,GY,SA,small
MYM,"Monkey Mountain Airport",-59.63333,4.6,GY,SA,small
QSX,"New Amsterdam Airport",,,GY,SA,small
ORJ,"Orinduik Airport",-60.033333,4.716667,GY,SA,small
PRR,"Paruma Airport",-61.05,5.8,GY,SA,small
SZN,"Santa Cruz Island Airport",-119.915,34.060555,US,NA,small
ANU,"V.C. Bird International Airport",-61.76389,17.108334,AG,NA,medium
BBQ,"Codrington Airport",-61.765,17.555555,AG,NA,small
BGI,"Sir Grantley Adams International Airport",-59.487835,13.080732,BB,NA,medium
DCF,"Canefield Airport",-61.333332,15.5,DM,NA,medium
DOM,"Melville Hall Airport",-61.309166,15.543056,DM,NA,medium
DSD,"null",-61.016666,16.333332,GP,NA,small
BBR,"Baillif Airport",-61.739445,16.01639,GP,NA,small
SFC,"null",-61.283333,16.25,GP,NA,small
FDF,"null",-60.999947,14.596061,MQ,NA,medium
SFG,"null",-63.04889,18.100555,MF,NA,medium
SBH,"Gustaf III Airport",-62.85,17.9,BL,NA,medium
GBJ,"Les Bases Airport",-61.266666,15.866667,GP,NA,medium
PTP,"null",-61.52639,16.2675,GP,NA,medium
LSS,"Terre-de-Haut Airport",-61.576668,15.866944,GP,NA,small
GND,"Maurice Bishop International Airport",-61.78611,12.004167,GD,NA,medium
CRU,"Lauriston Airport",-61.47222,12.475,GD,NA,small
STT,"Cyril E. King Airport",-64.969444,18.3375,VI,NA,medium
STX,"Henry E Rohlsen Airport",-64.798615,17.701944,VI,NA,medium
ARE,"Antonio Nery Juarbe Pol Airport",-66.675835,18.45,PR,NA,medium
BQN,"Rafael Hernandez Airport",-67.13,18.495832,PR,NA,medium
VQS,"Vieques Airport",-65.48803,18.134089,PR,NA,small
CPX,"Benjamin Rivera Noriega Airport",-65.30368,18.31255,PR,NA,small
FAJ,"Diego Jimenez Torres Airport",-65.50222,18.338888,PR,NA,medium
SIG,"Fernando Luis Ribas Dominicci Airport",-66.09971,18.456001,PR,NA,medium
MAZ,"Eugenio Maria De Hostos Airport",-67.14889,18.257778,PR,NA,medium
PSE,"Mercedita Airport",-66.563545,18.010702,PR,NA,medium
SJU,"Luis Munoz Marin International Airport",-66.004684,18.437403,PR,NA,large
SKB,"Robert L. Bradshaw International Airport",-62.71397,17.310843,KN,NA,medium
NEV,"Vance W. Amory International Airport",-62.5925,17.205,KN,NA,medium
SLU,"George F. L. Charles Airport",-60.99441,14.020417,LC,NA,medium
UVF,"Hewanorra International Airport",-60.95222,13.735556,LC,NA,medium
NBE,"Enfidha Zine El Abidine Ben Ali International Airport",10.438611,36.075832,TN,AF,large
AUA,"Queen Beatrix International Airport",-70.013885,12.502222,AW,NA,medium
BON,"Flamingo International Airport",-68.27687,12.133403,AN,NA,medium
CUR,"Hato International Airport",-68.95706,12.184615,AN,NA,medium
EUX,"F. D. Roosevelt Airport",-62.97778,17.493055,AN,NA,medium
SXM,"Princess Juliana International Airport",-63.11406,18.044722,AN,NA,large
SAB,"Juancho E. Yrausquin Airport",-63.216667,17.65,AN,NA,small
AXA,"Wallblake Airport",-63.066666,18.216667,AI,NA,medium
MNI,"John A. Osborne Airport",-62.233334,16.75,MS,NA,medium
TAB,"Tobago-Crown Point Airport",-60.839684,11.152541,TT,NA,medium
POS,"Piarco International Airport",-61.339413,10.602089,TT,NA,medium
NGD,"Captain Auguste George Airport",-64.3,18.716667,VG,NA,small
EIS,"Terrance B. Lettsome International Airport",-64.54278,18.44389,VG,NA,medium
VIJ,"Virgin Gorda Airport",-64.427734,18.45027,VG,NA,small
BQU,"J F Mitchell Airport",-61.264168,12.986667,VC,NA,medium
CIW,"Canouan Airport",-61.316666,12.7,VC,NA,medium
MQS,"Mustique Airport",-61.181946,12.888333,VC,NA,medium
UNI,"Union Island International Airport",-61.0,13.5,VC,NA,medium
SVD,"E. T. Joshua Airport",-61.21038,13.14604,VC,NA,medium
CMJ,"Chi Mei Airport",119.416664,23.25,TW,AS,small
BDA,"L.F. Wade International International Airport",-64.70115,32.35994,BM,NA,medium
GIT,"Geita Airport",32.2,-2.8,TZ,AF,small
LUY,"Lushoto Airport",-7.551944,43.015,TZ,AF,small
ALA,"Almaty Airport",77.01145,43.346653,KZ,AS,large
BXH,"Balkhash Airport",75.01667,46.88333,KZ,AS,medium
BXJ,"Boralday Airport",76.95,43.5,KZ,AS,small
TSE,"Astana International Airport",71.4612,51.02781,KZ,AS,large
KOV,"Kokshetau Airport",69.4,53.316666,KZ,AS,medium
PPK,"Petropavlosk South Airport",69.183334,54.783333,KZ,AS,medium
DMB,"Taraz Airport",71.304596,42.855373,KZ,AS,medium
UAE,"Mount Aue Airport",144.65,-6.233333,PG,OC,small
FRU,"Manas International Airport",74.46945,43.05358,KG,AS,large
OSS,"Osh Airport",72.78648,40.60769,KG,AS,medium
CIT,"Shymkent Airport",69.6,42.3,KZ,AS,medium
DZN,"Zhezkazgan Airport",67.73333,47.7,KZ,AS,medium
KGF,"Sary-Arka Airport",73.32836,49.67526,KZ,AS,large
KZO,"Kzyl-Orda Southwest Airport",65.59288,44.712223,KZ,AS,small
URA,"Uralsk Airport",51.538563,51.15371,KZ,AS,medium
EKB,"Ekibastuz Airport",75.21667,51.583332,KZ,AS,medium
UKK,"Ust-Kamennogorsk Airport",82.5056,50.025723,KZ,AS,medium
PWQ,"Pavlodar Airport",77.066666,52.183334,KZ,AS,medium
DLX,"Semipalatinsk Airport",,,KZ,AS,medium
SCO,"Aktau Airport",51.1,43.86667,KZ,AS,medium
GUW,"Atyrau Airport",51.829556,47.122814,KZ,AS,medium
AKX,"Aktobe Airport",57.211403,50.249336,KZ,AS,medium
AYK,"Arkalyk North Airport",66.96667,50.316666,KZ,AS,small
KSN,"Kostanay West Airport",63.55,53.2,KZ,AS,medium
GYD,"Heydar Aliyev International Airport",50.05039,40.462486,AZ,AS,large
KVD,"Ganja Airport",46.316666,40.733334,AZ,AS,medium
NAJ,"Nakhchivan Airport",45.45889,39.190277,AZ,AS,medium
GBB,"Gabala International Airport",47.719048,40.82116,AZ,AS,medium
ZTU,"Zaqatala International Airport",46.664787,41.56166,AZ,AS,small
LWN,"Gyumri Shirak Airport",43.833332,40.716667,AM,AS,medium
EVN,"Zvartnots International Airport",44.39805,40.15272,AM,AS,large
ADH,"Aldan Airport",125.4061,58.601215,RU,AS,small
YKS,"Yakutsk Airport",129.75006,62.085606,RU,AS,medium
CNN,"Chulman Airport",124.88333,56.9,RU,AS,medium
ULK,"Lensk Airport",114.83152,60.72248,RU,AS,medium
PYJ,"Polyarny Airport",112.05,66.416664,RU,AS,medium
MJZ,"Mirny Airport",114.03333,62.533333,RU,AS,medium
CKH,"Chokurdakh Airport",147.88333,70.63333,RU,AS,medium
CYX,"Cherskiy Airport",161.35,68.75,RU,AS,medium
IKS,"Tiksi Airport",128.9,71.7,RU,AS,medium
ENK,"Zyryanka Airport",-7.633333,54.35,RU,AS,medium
OYG,"Moyo Airport",31.716667,3.65,UG,AF,small
UGB,"Ugashik Bay Airport",-157.74422,57.42529,US,NA,small
KUT,"Kopitnari Airport",42.7,42.25,GE,AS,medium
BUS,"Batumi International Airport",41.600555,41.610832,GE,AS,medium
SUI,"Sukhumi Dranda Airport",41.11667,42.86667,GE,AS,medium
TBS,"Tbilisi International Airport",44.958958,41.674065,GE,AS,large
BQS,"Ignatyevo Airport",127.4,50.416668,RU,AS,medium
GDG,"Magdagachi Airport",125.8,53.466667,RU,AS,small
TYD,"Tynda Airport",124.73333,55.283333,RU,AS,small
KHV,"Khabarovsk-Novy Airport",135.16861,48.524563,RU,AS,medium
KXK,"Komsomolsk-on-Amur Airport",136.95,50.4,RU,AS,medium
DYR,"Ugolny Airport",177.75,64.73333,RU,AS,medium
PVS,"Provideniya Bay Airport",-173.24333,64.38333,RU,EU,medium
GDX,"Sokol Airport",150.71666,59.916668,RU,AS,medium
PWE,"Pevek Airport",170.6,69.78333,RU,AS,medium
BQG,"Bogorodskoye Airport",140.44833,52.378334,RU,EU,small
OHO,"Okhotsk Airport",143.05,59.416668,RU,AS,medium
PKC,"Yelizovo Airport",158.65,53.016666,RU,AS,medium
OHH,"Okha Airport",142.88333,53.516666,RU,AS,small
EKS,"Shakhtyorsk Airport",-111.65034,45.267853,RU,AS,small
DEE,"Mendeleyevo Airport",145.683,43.9584,RU,AS,small
ZZO,"Zonalnoye Airport",142.75,50.666668,RU,AS,small
UUS,"Yuzhno-Sakhalinsk Airport",142.75,46.966667,RU,AS,medium
VVO,"Vladivostok International Airport",132.14075,43.378574,RU,AS,medium
HTA,"Chita-Kadala Airport",113.3,52.033333,RU,AS,medium
BTK,"Bratsk Airport",101.816666,56.36667,RU,AS,medium
UIK,"Ust-Ilimsk Airport",102.55,58.13333,RU,AS,small
IKT,"Irkutsk Airport",104.35607,52.273308,RU,AS,medium
ODO,"Bodaybo Airport",114.2425,57.86639,RU,AS,small
ERG,"Yerbogachen Airport",108.03,61.275,RU,AS,small
UKX,"Ust-Kut Airport",105.73333,56.85,RU,AS,medium
UUD,"Ulan-Ude Airport (Mukhino)",107.5,51.833332,RU,AS,medium
UJE,"Ujae Atoll Airport",165.66667,9.083333,MH,OC,small
UJN,"Uljin Airport",,,KR,AS,small
KBP,"Boryspil International Airport",30.895206,50.341244,UA,EU,large
DOK,"Donetsk International Airport",37.75,48.083332,UA,EU,large
KRQ,"Kramatorsk Airport",37.61667,48.716667,UA,EU,small
MPW,"Mariupol International Airport",37.451187,47.078846,UA,EU,medium
SEV,"Sievierodonetsk Airport",38.55,48.9,UA,EU,small
VSG,"Luhansk International Airport",39.333332,48.566666,UA,EU,medium
ERD,"Berdyansk Airport",36.783333,46.733334,UA,EU,small
DNK,"Dnipropetrovsk International Airport",35.09446,48.36874,UA,EU,medium
OZH,"Zaporizhzhia International Airport",35.315834,47.8675,UA,EU,medium
KWG,"Kryvyi Rih International Airport",33.216667,48.05,UA,EU,medium
UKS,"Belbek Airport",33.576668,44.691666,UA,EU,medium
SIP,"Simferopol International Airport",33.99819,45.020657,UA,EU,large
KHC,"Kerch Airport",36.45,45.36667,UA,EU,small
UKH,"Mukhaizna Airport",,,OM,AS,small
HRK,"Kharkiv International Airport",36.281185,49.92078,UA,EU,large
PLV,"Suprunovka Airport",34.533333,49.583332,UA,EU,small
UMY,"Sumy Airport",34.783333,50.933334,UA,EU,small
CKC,"Cherkasy International Airport",32.0,49.416668,UA,EU,medium
KGO,"Kirovograd Airport",32.3,48.55,UA,EU,small
IEV,"Kiev Zhuliany International Airport",30.450832,50.401943,UA,EU,medium
GML,"Gostomel Airport",,,UA,EU,medium
UCK,"Lutsk Airport",25.333332,50.75,UA,EU,small
HMJ,"Khmelnytskyi Airport",27.0,49.416668,UA,EU,medium
IFO,"Ivano-Frankivsk International Airport",24.707565,48.887535,UA,EU,medium
LWO,"Lviv International Airport",23.955318,49.816418,UA,EU,medium
CWC,"Chernivtsi International Airport",25.966667,48.266666,UA,EU,medium
RWN,"Rivne International Airport",26.15,50.6,UA,EU,medium
TNL,"Ternopil International Airport",25.6,49.566666,UA,EU,small
UDJ,"Uzhhorod International Airport",22.273214,48.63762,UA,EU,medium
KHE,"Chernobayevka Airport",32.51268,46.67822,UA,EU,small
NLV,"Mykolaiv International Airport",31.916668,47.05,UA,EU,medium
ODS,"Odessa International Airport",30.676718,46.44101,UA,EU,large
VIN,"Vinnytsia/Gavyryshivka Airport",28.6112,49.243427,UA,EU,small
ARH,"Talagi Airport",40.711903,64.594795,RU,EU,medium
NNM,"Naryan Mar Airport",53.15,67.61667,RU,EU,medium
CSH,"Solovki Airport",35.733334,65.02944,RU,EU,small
CEE,"Cherepovets Airport",38.066666,59.283333,RU,EU,medium
AMV,"Amderma Airport",61.55,69.76667,RU,AS,medium
ULH,"Majeed Bin Abdulaziz Airport",38.116653,26.480862,SA,AS,medium
KSZ,"Kotlas Airport",46.7,61.233334,RU,EU,medium
LED,"Pulkovo Airport",30.3083,59.806084,RU,EU,large
KVK,"Kirovsk-Apatity Airport",33.583332,67.583336,RU,EU,small
MMK,"Murmansk Airport",32.759155,68.785095,RU,EU,medium
VLU,"Velikiye Luki Airport",30.616667,56.38333,RU,EU,medium
PKV,"Pskov Airport",28.3,57.816666,RU,EU,medium
PES,"Petrozavodsk Airport",34.333332,61.683334,RU,EU,medium
VGD,"Vologda Airport",39.95,59.283333,RU,EU,medium
BQT,"Brest Airport",23.883333,52.11667,BY,EU,medium
GME,"Gomel Airport",31.017895,52.526073,BY,EU,medium
VTB,"Vitebsk East Airport",30.366667,55.13333,BY,EU,medium
KGD,"Khrabrovo Airport",20.586645,54.882656,RU,EU,medium
GNA,"Hrodna Airport",24.053905,53.6058,BY,EU,medium
MHP,"Minsk 1 Airport",27.55,53.85,BY,EU,medium
MSQ,"Minsk International Airport",28.032442,53.889725,BY,EU,large
MVQ,"Mogilev Airport",30.133333,53.95,BY,EU,medium
ABA,"Abakan Airport",91.5,53.716667,RU,AS,medium
BAX,"Barnaul Airport",83.547646,53.361088,RU,AS,medium
KEJ,"Kemerovo Airport",86.11623,55.280567,RU,AS,medium
EIE,"Yeniseysk Airport",92.11667,58.466667,RU,AS,medium
KJA,"Yemelyanovo Airport",92.48286,56.18113,RU,AS,large
ACS,"Achinsk Airport",90.566666,56.266666,RU,AS,medium
KYZ,"Kyzyl Airport",94.46667,51.7,RU,AS,medium
OVB,"Tolmachevo Airport",82.667,55.00901,RU,AS,medium
OMS,"Omsk Central Airport",73.3167,54.957455,RU,AS,medium
TOF,"Bogashevo Airport",84.96667,56.5,RU,AS,medium
NOZ,"Spichenkovo Airport",87.166664,53.75,RU,AS,medium
DKS,"Dikson Airport",80.36667,73.51667,RU,AS,medium
HTG,"Khatanga Airport",102.5,71.96667,RU,AS,medium
IAA,"Igarka Airport",86.63333,67.433334,RU,AS,medium
NSK,"Norilsk-Alykel Airport",87.339806,69.32312,RU,AS,medium
AAQ,"Anapa Airport",37.3466,45.00166,RU,EU,medium
EIK,"Yeysk Airport",,,RU,EU,medium
GDZ,"Gelendzhik Airport",38.016666,44.566666,RU,EU,medium
KRR,"Krasnodar International Airport",39.139004,45.034138,RU,EU,medium
MCX,"Uytash Airport",47.65611,42.82095,RU,EU,medium
MRV,"Mineralnyye Vody Airport",43.085815,44.218105,RU,EU,medium
NAL,"Nalchik Airport",43.7,43.533333,RU,EU,medium
OGZ,"Beslan Airport",44.6,43.2,RU,EU,medium
IGT,"Magas Airport",45.01261,43.322124,RU,EU,medium
STW,"Stavropol Shpakovskoye Airport",42.00833,45.333332,RU,EU,medium
ROV,"Rostov-na-Donu Airport",39.75,47.25,RU,EU,medium
VLK,"Volgodonsk Airport",42.083332,47.683334,RU,EU,medium
AER,"Sochi International Airport",39.941105,43.44884,RU,EU,large
ASF,"Astrakhan Airport",47.999977,46.2877,RU,EU,medium
ESL,"Elista Airport",44.332966,46.370594,RU,EU,medium
VOG,"Volgograd International Airport",44.354805,48.792,RU,EU,medium
CEK,"Chelyabinsk Balandino Airport",61.51235,55.297504,RU,AS,medium
MQF,"Magnitogorsk International Airport",59.066666,53.45,RU,EU,medium
SLY,"Salekhard Airport",66.6,66.583336,RU,AS,medium
YMK,"Mys Kamenny Airport",73.59573,68.46843,RU,AS,small
UEN,"Urengoy Airport",,,RU,EU,small
EZV,"Berezovo Airport",65.04485,63.924583,RU,AS,medium
HMA,"Khanty Mansiysk Airport",69.09714,61.02613,RU,AS,medium
IRM,"Igrim Airport",64.433945,63.200756,RU,AS,small
NYA,"Nyagan Airport",65.60563,62.101074,RU,AS,medium
OVS,"Sovetskiy Airport",63.601887,61.33209,RU,AS,medium
URJ,"Uray Airport",64.833336,60.11667,RU,AS,medium
EYK,"Beloyarskiy Airport",66.70121,63.696682,RU,AS,medium
IJK,"Izhevsk Airport",53.456528,56.83045,RU,EU,medium
KVX,"Pobedilovo Airport",49.35,58.5,RU,EU,medium
NYM,"Nadym Airport",72.71667,65.48333,RU,AS,medium
NUX,"Novy Urengoy Airport",76.522835,66.07335,RU,AS,medium
NJC,"Nizhnevartovsk Airport",76.49145,60.9476,RU,AS,medium
PEE,"Bolshoye Savino Airport",56.01918,57.920025,RU,EU,medium
KGP,"Kogalym International Airport",74.53361,62.19583,RU,AS,medium
NFG,"Nefteyugansk Airport",73.05,61.13333,RU,AS,medium
NOJ,"Noyabrsk Airport",75.29459,63.17673,RU,AS,medium
SGC,"Surgut Airport",73.40953,61.339916,RU,AS,medium
SVX,"Koltsovo Airport",60.804314,56.750336,RU,AS,large
TOX,"Tobolsk Airport",68.23333,58.13333,RU,AS,small
TJM,"Roshchino International Airport",65.35024,57.181828,RU,AS,medium
KRO,"Kurgan Airport",65.413185,55.474228,RU,AS,medium
ASB,"Ashgabat Airport",58.366978,37.984184,TM,AS,medium
KRW,"Turkmenbashi Airport",53.012672,40.056156,TM,AS,medium
MYP,"Mary Airport",61.833332,37.666668,TM,AS,medium
TAZ,"Da?oguz Airport",59.966667,41.833332,TM,AS,medium
CRZ,"Turkmenabat Airport",63.61667,39.083332,TM,AS,medium
DYU,"Dushanbe Airport",68.81728,38.54894,TJ,AS,medium
TJU,"Kulob Airport",69.80666,37.988335,TJ,AS,medium
LBD,"Khudzhand Airport",69.6965,40.219887,TJ,AS,medium
KQT,"Qurghonteppa International Airport",68.86513,37.865623,TJ,AS,medium
AZN,"Andizhan Airport",72.3,40.733334,UZ,AS,small
FEG,"Fergana Airport",71.73361,40.350277,UZ,AS,small
NMA,"Namangan Airport",71.6,40.983334,UZ,AS,small
NCU,"Nukus Airport",59.63333,42.483334,UZ,AS,small
UGC,"Urgench Airport",60.63303,41.584835,UZ,AS,medium
NVI,"Navoi Airport",65.159164,40.115,UZ,AS,small
BHK,"Bukhara Airport",64.47479,39.76037,UZ,AS,medium
KSQ,"Karshi Khanabad Airport",65.773056,38.8025,UZ,AS,small
AFS,"Sugraly Airport",64.233055,41.61361,UZ,AS,small
SKD,"Samarkand Airport",66.99085,39.696217,UZ,AS,medium
TMJ,"Termez Airport",67.318954,37.280502,UZ,AS,medium
TAS,"Tashkent International Airport",69.26619,41.262714,UZ,AS,large
KMW,"Kostroma Sokerkino Airport",40.933334,57.75,RU,EU,medium
BKA,"Bykovo Airport",37.966667,55.433334,RU,EU,medium
IWA,"Ivanovo South Airport",40.944546,56.942955,RU,EU,medium
RYB,"Staroselye Airport",38.86667,58.13333,RU,EU,medium
BZK,"Bryansk Airport",34.333332,53.266666,RU,EU,medium
DME,"Domodedovo International Airport",37.899494,55.414566,RU,EU,large
IAR,"Tunoshna Airport",40.160892,57.559753,RU,EU,small
SVO,"Sheremetyevo International Airport",37.416573,55.966324,RU,EU,large
KLD,"Migalovo Air Base",35.916668,56.916668,RU,EU,medium
EGO,"Belgorod International Airport",36.65,50.63333,RU,EU,medium
URS,"Kursk East Airport",36.266666,51.75,RU,EU,medium
LPK,"Lipetsk Airport",39.53822,52.70341,RU,EU,medium
VOZ,"Voronezh International Airport",39.226997,51.812355,RU,EU,medium
OEL,"Oryol Yuzhny Airport",36.1,52.983334,RU,EU,medium
TBW,"Donskoye Airport",41.433334,52.716667,RU,EU,medium
RZN,"Turlatovo Airport",39.583332,54.63333,RU,EU,small
VKO,"Vnukovo International Airport",37.2921,55.60315,RU,EU,medium
UCT,"Ukhta Airport",53.8,63.566666,RU,EU,medium
INA,"Inta Airport",60.1,66.066666,RU,AS,medium
PEX,"Pechora Airport",57.13333,65.11667,RU,EU,medium
USK,"Usinsk Airport",57.4,65.95,RU,EU,medium
VKT,"Vorkuta Airport",63.9952,67.48624,RU,AS,medium
UTS,"Ust-Tsylma Airport",52.2,65.433334,RU,EU,medium
SCW,"Syktyvkar Airport",50.766666,61.666668,RU,EU,medium
GOJ,"Nizhny Novgorod International Airport",43.789764,56.218613,RU,EU,medium
UUA,"Bugulma Airport",52.816666,54.61667,RU,EU,medium
KZN,"Kazan International Airport",49.29824,55.60844,RU,EU,medium
NBC,"Begishevo Airport",52.092438,55.56379,RU,EU,medium
JOK,"Yoshkar-Ola Airport",47.9,56.716667,RU,EU,medium
CSY,"Cheboksary Airport",47.266666,56.13333,RU,EU,medium
ULV,"Ulyanovsk Baratayevka Airport",48.226665,54.268333,RU,EU,medium
ULY,"Ulyanovsk East Airport",48.216667,54.266666,RU,EU,medium
REN,"Orenburg Central Airport",55.4567,51.79105,RU,EU,medium
OSW,"Orsk Airport",58.566666,51.2,RU,EU,medium
PEZ,"Penza Airport",45.02305,53.11852,RU,EU,medium
SKX,"Saransk Airport",45.2161,54.127632,RU,EU,medium
BWO,"Balakovo Airport",47.75,51.86667,RU,EU,medium
RTW,"Saratov Central Airport",46.066666,51.566666,RU,EU,medium
BCX,"Beloretsk Airport",58.333332,53.933334,RU,EU,small
NEF,"Neftekamsk Airport",54.35,56.1,RU,EU,small
OKT,"Oktyabrskiy Airport",53.38333,54.433334,RU,EU,small
UFA,"Ufa International Airport",55.884544,54.565403,RU,EU,large
KUF,"Kurumoch International Airport",50.14742,53.50782,RU,EU,large
FZB,"Fray Bentos Airport",,,UY,SA,small
RCH,"Rocha Airport",-72.924446,11.529167,UY,SA,small
DIU,"Diu Airport",70.916664,20.716667,IN,AS,small
AMD,"Sardar Vallabhbhai Patel International Airport",72.62417,23.06639,IN,AS,medium
AKD,"Akola Airport",77.083336,20.666668,IN,AS,medium
IXU,"Aurangabad Airport",75.39721,19.866465,IN,AS,medium
BOM,"Chhatrapati Shivaji International Airport",72.87497,19.095509,IN,AS,large
PAB,"Bilaspur Airport",76.833336,31.316668,IN,AS,medium
BHJ,"Bhuj Airport",69.670555,23.2875,IN,AS,medium
IXG,"Belgaum Airport",74.61833,15.858611,IN,AS,medium
BDQ,"Vadodara Airport",73.2157,22.329077,IN,AS,medium
BHO,"Bhopal Airport",77.34177,23.284761,IN,AS,medium
BHU,"Bhavnagar Airport",72.18444,21.755,IN,AS,medium
NMB,"Daman Airport",72.95,20.416668,IN,AS,medium
GUX,"Guna Airport",77.316666,24.666668,IN,AS,medium
GOI,"Dabolim Airport",73.83983,15.384534,IN,AS,large
HBX,"Hubli Airport",75.08608,15.358738,IN,AS,medium
IDR,"Devi Ahilyabai Holkar Airport",75.80944,22.728651,IN,AS,medium
JLR,"Jabalpur Airport",79.925,22.666668,IN,AS,medium
JGA,"Jamnagar Airport",70.01195,22.463333,IN,AS,medium
IXY,"Kandla Airport",70.104164,23.11111,IN,AS,medium
HJR,"Khajuraho Airport",79.91642,24.818747,IN,AS,medium
KLH,"Kolhapur Airport",74.333336,16.666668,IN,AS,medium
IXK,"Keshod Airport",70.270836,21.319445,IN,AS,medium
NDC,"Nanded Airport",77.316666,19.183332,IN,AS,medium
NAG,"Dr. Babasaheb Ambedkar International Airport",79.05636,21.090036,IN,AS,medium
ISK,"Gandhinagar Airport",73.811264,19.966942,IN,AS,medium
PNQ,"Pune Airport",73.920555,18.581388,IN,AS,medium
PBD,"Porbandar Airport",69.656944,21.647223,IN,AS,medium
RTC,"Ratnagiri Airport",73.316666,17.0,IN,AS,medium
RAJ,"Rajkot Airport",70.78235,22.308674,IN,AS,medium
RPR,"Raipur Airport",81.73975,21.18456,IN,AS,medium
SSE,"Solapur Airport",75.933334,17.633333,IN,AS,medium
STV,"Surat Airport",72.745255,21.117659,IN,AS,medium
UDR,"Maharana Pratap Airport",73.891266,24.61919,IN,AS,medium
CMB,"Bandaranaike International Colombo Airport",79.8865,7.174112,LK,AS,large
ACJ,"Anuradhapura Air Force Base",80.38333,8.35,LK,AS,medium
BTC,"Batticaloa Airport",81.67854,7.704878,LK,AS,medium
RML,"Colombo Ratmalana Airport",79.8875,6.819444,LK,AS,medium
GOY,"Amparai Airport",81.61667,7.333333,LK,AS,medium
MNH,"Hingurakgoda Air Force Base",57.48639,23.64111,LK,AS,medium
JAF,"Kankesanturai Airport",80.075,9.791667,LK,AS,medium
KCT,"Koggala Airport",80.31974,5.993832,LK,AS,medium
GIU,"Sigiriya Air Force Base",80.72891,7.955185,LK,AS,small
TRR,"China Bay Airport",81.18189,8.538984,LK,AS,medium
WRZ,"Weerawila International Airport",81.238335,6.251667,LK,AS,small
BBM,"Battambang Airport",103.2,13.116667,KH,AS,medium
KZC,"Kampong Chhnang Airport",104.583336,12.333333,KH,AS,medium
KKZ,"Kaoh Kong Airport",102.96667,11.633333,KH,AS,small
KTI,"Kratie Airport",106.05,12.5,KH,AS,small
PNH,"Phnom Penh International Airport",104.84778,11.546111,KH,AS,large
RBE,"Ratanakiri Airport",106.98333,13.666667,KH,AS,medium
REP,"Angkor International Airport",103.815926,13.408436,KH,AS,large
TNX,"Stung Treng Airport",106.03333,13.533333,KH,AS,medium
KOS,"Sihanoukville International Airport",103.63908,10.580739,KH,AS,small
LGY,"Lagunillas Airport",-71.4,8.516667,VE,SA,small
KTV,"Kamarata Airport",-62.416668,5.75,VE,SA,small
LAG,"La Guaira Airport",-66.933334,10.6,VE,SA,small
SFX,"San Felix Airport",-62.38333,8.216667,VE,SA,small
SVV,"San Salvador de Paul Airport",-62.0,7.0,VE,SA,small
WOK,"Wonken Airport",-61.733334,5.25,VE,SA,small
IXV,"Along Airport",94.816666,28.2,IN,AS,medium
IXA,"Agartala Airport",91.244514,23.8926,IN,AS,medium
IXB,"Bagdogra Airport",88.324814,26.68488,IN,AS,medium
RGH,"Balurghat Airport",88.73333,25.25,IN,AS,small
SHL,"Shillong Airport",91.88333,25.566668,IN,AS,medium
BBI,"Biju Patnaik Airport",85.81738,20.252853,IN,AS,medium
CCU,"Netaji Subhash Chandra Bose International Airport",88.43931,22.64531,IN,AS,large
COH,"Cooch Behar Airport",89.46667,26.333332,IN,AS,small
DBD,"Dhanbad Airport",86.45,23.783333,IN,AS,medium
DAE,"Daporijo Airport",94.333336,27.5,IN,AS,small
GOP,"Gorakhpur Airport",83.44376,26.746862,IN,AS,medium
GAU,"Lokpriya Gopinath Bordoloi International Airport",91.58881,26.105982,IN,AS,medium
GAY,"Gaya Airport",84.94583,24.746668,IN,AS,medium
IMF,"Imphal Airport",93.897064,24.76457,IN,AS,medium
PYB,"Jeypore Airport",82.63333,18.833332,IN,AS,small
IXW,"Jamshedpur Airport",86.16889,22.813057,IN,AS,medium
JRH,"Jorhat Airport",94.1849,26.734484,IN,AS,medium
IXQ,"Kamalpur Airport",91.81556,24.1325,IN,AS,small
IXH,"Kailashahar Airport",92.00889,24.307222,IN,AS,medium
IXS,"Silchar Airport",92.979256,24.916018,IN,AS,medium
IXN,"Khowai Airport",91.60333,24.063889,IN,AS,small
AJL,"Lengpui Airport",92.62482,23.838985,IN,AS,medium
IXI,"North Lakhimpur Airport",94.08889,27.290277,IN,AS,medium
LDA,"Malda Airport",88.15,25.033333,IN,AS,small
DIB,"Dibrugarh Airport",95.021065,27.482908,IN,AS,medium
DMU,"Dimapur Airport",93.772865,25.879816,IN,AS,medium
MZU,"Muzaffarpur Airport",85.38333,26.116667,IN,AS,medium
IXT,"Pasighat Airport",95.333336,28.016666,IN,AS,small
PAT,"Lok Nayak Jayaprakash Airport",85.09067,25.59489,IN,AS,medium
IXR,"Birsa Munda Airport",85.32285,23.318192,IN,AS,medium
RRK,"Rourkela Airport",84.81472,22.256666,IN,AS,medium
RUP,"Rupsi India Airport",89.916664,26.15,IN,AS,small
TEZ,"Tezpur Airport",92.79611,26.710833,IN,AS,medium
VTZ,"Vishakhapatnam Airport",83.22675,17.728151,IN,AS,small
ZER,"Zero Airport",93.833336,27.633333,IN,AS,medium
BZL,"Barisal Airport",90.301445,22.798943,BD,AS,medium
CXB,"Cox's Bazar Airport",91.96667,21.45,BD,AS,medium
CLA,"Comilla Airport",91.19222,23.4375,BD,AS,small
CGP,"Shah Amanat International Airport",91.81516,22.245201,BD,AS,medium
IRD,"Ishurdi Airport",89.05278,24.133333,BD,AS,medium
JSR,"Jessore Airport",89.160645,23.17696,BD,AS,medium
LLJ,"Lalmonirhat Airport",,,BD,AS,small
RJH,"Shah Mokhdum Airport",88.61667,24.433332,BD,AS,medium
SPD,"Saidpur Airport",88.9,25.783333,BD,AS,medium
TKR,"Thakurgaon Airport",88.4,26.016666,BD,AS,small
ZHM,"Shamshernagar Airport",91.92111,24.398611,BD,AS,small
ZYL,"Osmany International Airport",91.870476,24.957598,BD,AS,medium
DAC,"Dhaka / Hazrat Shahjalal International Airport",90.405876,23.848648,BD,AS,medium
HKG,"Chek Lap Kok International Airport",113.93649,22.315248,HK,AS,large
AGR,"Agra Airport",77.962776,27.158333,IN,AS,medium
IXD,"Allahabad Airport",81.736115,25.439722,IN,AS,medium
ATQ,"Sri Guru Ram Dass Jee International Airport, Amritsar",74.8073,31.706741,IN,AS,large
BKB,"Nal Airport",73.3,28.016666,IN,AS,medium
VNS,"Lal Bahadur Shastri Airport",82.85373,25.449697,IN,AS,medium
KUU,"Kullu Manali Airport",77.1,31.983334,IN,AS,medium
BUP,"Bhatinda Air Force Station",74.96667,30.166668,IN,AS,medium
IXC,"Chandigarh Airport",76.797386,30.674921,IN,AS,medium
DED,"Dehradun Airport",78.03333,30.316668,IN,AS,medium
DEL,"Indira Gandhi International Airport",77.10079,28.556555,IN,AS,large
DHM,"Kangra Airport",76.263336,32.165,IN,AS,medium
GWL,"Gwalior Airport",78.23,26.293888,IN,AS,medium
HSS,"Hissar Airport",75.8,29.166668,IN,AS,medium
JDH,"Jodhpur Airport",73.05055,26.263948,IN,AS,medium
JAI,"Jaipur International Airport",75.80151,26.820772,IN,AS,medium
JSA,"Jaisalmer Airport",70.9,26.916668,IN,AS,medium
IXJ,"Jammu Airport",74.84283,32.68077,IN,AS,medium
KNU,"Kanpur Airport",80.4125,26.402779,IN,AS,medium
KTU,"Kota Airport",76.5,25.0,IN,AS,medium
LUH,"Ludhiana Airport",75.85,30.9,IN,AS,medium
IXL,"Leh Kushok Bakula Rimpochee Airport",77.54746,34.14035,IN,AS,medium
LKO,"Chaudhary Charan Singh International Airport",80.884186,26.764257,IN,AS,medium
IXP,"Pathankot Air Force Station",75.63333,32.216667,IN,AS,medium
PGH,"Pantnagar Airport",79.47361,29.031944,IN,AS,medium
SLV,"Shimla Airport",77.15,31.116667,IN,AS,large
SXR,"Sheikh ul Alam Airport",74.762634,34.002308,IN,AS,medium
TNI,"Satna Airport",80.85181,24.564325,IN,AS,medium
AOU,"Attopeu Airport",106.833336,14.8,LA,AS,small
OUI,"Ban Huoeisay Airport",102.67083,18.936111,LA,AS,small
LPQ,"Luang Phabang International Airport",102.16371,19.897055,LA,AS,medium
LXG,"Luang Namtha Airport",101.46667,21.05,LA,AS,small
ODY,"Oudomsay Airport",104.166664,20.583332,LA,AS,small
PKZ,"Pakse International Airport",105.781296,15.136257,LA,AS,medium
ZBY,"Sayaboury Airport",101.7,19.25,LA,AS,small
ZVK,"Savannakhet Airport",104.7625,16.553612,LA,AS,medium
NEU,"Sam Neua Airport",104.066666,20.416668,LA,AS,medium
VNA,"Saravane Airport",106.42611,15.692778,LA,AS,small
THK,"Thakhek Airport",104.816666,17.4,LA,AS,small
VTE,"Wattay International Airport",102.56772,17.975431,LA,AS,medium
XKH,"Xieng Khouang Airport",103.36667,19.3,LA,AS,small
VMI,"Dr Juan Plate Airport",-58.0,-22.25,PY,SA,small
MFM,"Macau International Airport",113.57285,22.156588,MO,AS,large
VDH,"Dong Hoi Airport",106.59055,17.515,VN,AS,medium
KON,"Kontum Airport",108.021385,14.354167,VN,AS,medium
BJH,"Bajhang Airport",81.25,29.55,NP,AS,small
BHP,"Bhojpur Airport",87.05,27.183332,NP,AS,small
BGL,"Baglung Airport",83.683334,28.215279,NP,AS,small
BHR,"Bharatpur Airport",84.4325,27.67639,NP,AS,small
BJU,"Bajura Airport",81.333336,29.366667,NP,AS,small
BIT,"Baitadi Airport",80.5,29.0,NP,AS,small
BWA,"Bhairahawa Airport",83.42,27.504168,NP,AS,medium
BDP,"Bhadrapur Airport",88.083336,26.533333,NP,AS,small
DNP,"Tulsipur Airport",82.316666,28.116667,NP,AS,small
DHI,"Dhangarhi Airport",80.63333,28.683332,NP,AS,small
DAP,"Darchula Airport",80.5,29.666668,NP,AS,small
DOP,"Dolpa Airport",82.816666,29.0,NP,AS,small
SIH,"Silgadi Doti Airport",80.975,29.266666,NP,AS,small
GKH,"Gorkha Airport",84.675,28.0,NP,AS,small
JIR,"Jiri Airport",86.23333,27.633333,NP,AS,small
JUM,"Jumla Airport",82.19194,29.273611,NP,AS,small
JKR,"Janakpur Airport",85.92389,26.708332,NP,AS,medium
KTM,"Tribhuvan International Airport",85.35657,27.699905,NP,AS,medium
LDN,"Lamidanda Airport",86.71667,27.25,NP,AS,small
LUA,"Lukla Airport",86.73333,27.683332,NP,AS,small
LTG,"Langtang Airport",85.6,28.233334,NP,AS,small
NGX,"Manang Airport",85.36305,27.700556,NP,AS,small
MEY,"Meghauli Airport",84.23139,27.57639,NP,AS,small
XMG,"Mahendranagar Airport",80.2,28.966667,NP,AS,small
KEP,"Nepalgunj Airport",81.576385,28.1325,NP,AS,medium
PKR,"Pokhara Airport",83.986115,28.197222,NP,AS,medium
PPL,"Phaplu Airport",86.6,27.516666,NP,AS,small
RJB,"Rajbiraj Airport",86.833336,26.483334,NP,AS,small
RHP,"Ramechhap Airport",86.083336,27.333332,NP,AS,small
RUK,"Rukumkot Airport",82.46667,28.625,NP,AS,small
RUM,"Rumjatar Airport",86.53333,27.316668,NP,AS,small
SIF,"Simara Airport",84.979195,27.163563,NP,AS,small
SKH,"Surkhet Airport",82.50833,28.333332,NP,AS,small
FEB,"Sanfebagar Airport",81.21667,29.233334,NP,AS,small
IMK,"Simikot Airport",81.816666,29.966667,NP,AS,small
TMI,"Tumling Tar Airport",87.2,27.3,NP,AS,small
BIR,"Biratnagar Airport",87.28333,26.434723,NP,AS,medium
LTU,"Murod Kond Airport",76.46629,18.409552,IN,AS,medium
AGX,"Agatti Airport",72.17987,10.828967,IN,AS,medium
BEP,"Bellary Airport",76.9,15.183333,IN,AS,medium
BLR,"Bengaluru International Airport",77.70556,13.198889,IN,AS,large
VGA,"Vijayawada Airport",80.79722,16.529444,IN,AS,medium
CJB,"Coimbatore International Airport",77.03893,11.031026,IN,AS,medium
COK,"Cochin International Airport",76.39053,10.155644,IN,AS,large
CCJ,"Calicut International Airport",75.950584,11.14025,IN,AS,large
CDP,"Cuddapah Airport",78.78333,14.516667,IN,AS,medium
CBD,"Car Nicobar Air Force Station",92.816666,9.15,IN,AS,medium
HYD,"Rajiv Gandhi International Airport, Shamshabad",78.428055,17.24,IN,AS,large
IXM,"Madurai Airport",78.09112,9.837471,IN,AS,medium
IXE,"Mangalore International Airport",74.890144,12.963543,IN,AS,medium
MAA,"Chennai International Airport",80.16378,12.982267,IN,AS,large
MYQ,"Mysore Airport",76.653,12.229991,IN,AS,small
IXZ,"Vir Savarkar International Airport",92.73227,11.650083,IN,AS,medium
PNY,"Pondicherry Airport",79.81284,11.968967,IN,AS,medium
HYD,"Rajiv Gandhi Airport",78.428055,17.24,IN,AS,large
RJA,"Rajahmundry Airport",81.82081,17.109638,IN,AS,medium
SXV,"Salem Airport",78.166664,11.65,IN,AS,medium
TJV,"Tanjore Air Force Base",79.2,10.8,IN,AS,small
TIR,"Tirupati Airport",79.54293,13.635721,IN,AS,small
TRZ,"Tiruchirapally Civil Airport Airport",78.70724,10.762168,IN,AS,medium
TRV,"Trivandrum International Airport",76.91907,8.476126,IN,AS,large
WGC,"Warangal Airport",79.6,17.916668,IN,AS,small
PBH,"Paro Airport",89.416664,27.433332,BT,AS,medium
FVM,"Fuvahmulah Airport",73.43278,-0.309444,MV,AS,small
GAN,"Gan International Airport",73.15654,-0.690003,MV,AS,medium
HAQ,"Hanimaadhoo Airport",73.16838,6.748433,MV,AS,medium
KDO,"Kadhdhoo Airport",73.51667,1.883333,MV,AS,medium
MLE,"null",73.524445,4.201389,MV,AS,large
KDM,"Kaadedhdhoo Airport",72.99593,0.491527,MV,AS,medium
VAM,"Villa Airport",9.458333,55.46389,MV,AS,medium
DMK,"Don Mueang International Airport",100.60667,13.9125,TH,AS,large
KKM,"Sa Pran Nak Airport",100.61667,14.8,TH,AS,small
KKM,"Khok Kathiam Airport",100.61667,14.8,TH,AS,medium
TDX,"Trat Airport",102.31867,12.273953,TH,AS,medium
BKK,"Suvarnabhumi Airport",100.752045,13.693062,TH,AS,large
UTP,"U-Tapao International Airport",101.01667,12.683333,TH,AS,medium
CNX,"Chiang Mai International Airport",98.96841,18.769573,TH,AS,large
HGN,"Mae Hong Son Airport",97.97523,19.29968,TH,AS,medium
PYY,"Mae Hong Son Airport",98.43571,19.371445,TH,AS,small
LPT,"Lampang Airport",99.507225,18.274166,TH,AS,medium
NNT,"Nan Airport",100.78333,18.8,TH,AS,medium
PRH,"Phrae Airport",100.16411,18.131594,TH,AS,medium
CEI,"Chiang Rai International Airport",99.878815,19.954609,TH,AS,medium
BAO,"Udorn Air Base",102.79278,17.385,TH,AS,small
PHY,"Phetchabun Airport",101.19833,16.681944,TH,AS,medium
HHQ,"Hua Hin Airport",99.95145,12.6274,TH,AS,medium
TKH,"Takhli Airport",100.35,15.25,TH,AS,medium
MAQ,"Mae Sot Airport",98.54453,16.700369,TH,AS,medium
THS,"Sukhothai Airport",99.82222,17.223057,TH,AS,medium
PHS,"Phitsanulok Airport",100.2812,16.771307,TH,AS,medium
TKT,"Tak Airport",99.15222,16.878332,TH,AS,medium
UTR,"Uttaradit Airport",100.24389,17.669443,TH,AS,small
URT,"Surat Thani Airport",99.143196,9.133865,TH,AS,medium
NAW,"Narathiwat Airport",101.75,6.516667,TH,AS,medium
CJM,"Chumphon Airport",99.361374,10.711122,TH,AS,medium
NST,"Nakhon Si Thammarat Airport",99.95,8.466667,TH,AS,medium
KBV,"Krabi Airport",98.98062,8.097281,TH,AS,medium
SGZ,"Songkhla Airport",100.61667,7.183889,TH,AS,medium
PAN,"Pattani Airport",101.15833,6.777222,TH,AS,medium
USM,"Samui Airport",100.0628,9.555315,TH,AS,medium
NST,"Cha Ian Airport",99.95,8.466667,TH,AS,medium
HKT,"Phuket International Airport",98.306435,8.107619,TH,AS,medium
UNN,"Ranong Airport",98.629166,9.852778,TH,AS,medium
HDY,"Hat Yai International Airport",100.39356,6.936764,TH,AS,medium
TST,"Trang Airport",99.61667,7.5,TH,AS,medium
UTH,"Udon Thani Airport",102.774506,17.38661,TH,AS,medium
SNO,"Sakon Nakhon Airport",104.1,17.283333,TH,AS,medium
KKC,"Khon Kaen Airport",102.78749,16.46467,TH,AS,medium
LOE,"Loei Airport",101.72187,17.437847,TH,AS,medium
BFV,"Buri Ram Airport",103.25528,15.226944,TH,AS,medium
NAK,"Nakhon Ratchasima Airport",102.31411,14.950625,TH,AS,medium
UBP,"Ubon Ratchathani Airport",104.87068,15.246491,TH,AS,medium
ROI,"Roi Et Airport",103.77695,16.115278,TH,AS,medium
KOP,"Nakhon Phanom Airport",104.75,17.4,TH,AS,medium
VUU,"Mvuu Camp Airport",35.0,-15.683333,MW,AF,small
BMV,"Buon Ma Thuot Airport",108.05,12.666667,VN,AS,medium
VCL,"Chu Lai International Airport",108.70389,15.422222,VN,AS,small
HPH,"Cat Bi International Airport",106.727325,20.823315,VN,AS,medium
CXR,"Cam Ranh Airport",109.225,11.993611,VN,AS,medium
VCS,"Co Ong Airport",106.63333,10.371389,VN,AS,medium
VCA,"null",105.76639,10.047222,VN,AS,medium
DIN,"Dien Bien Phu Airport",103.0,21.383333,VN,AS,medium
DLI,"Lien Khuong Airport",108.37603,11.749689,VN,AS,small
DAD,"Da Nang International Airport",108.20298,16.055399,VN,AS,large
VVN,"Malvinas Airport",,,PE,SA,small
HAN,"Noi Bai International Airport",105.802826,21.214184,VN,AS,large
SQH,"Na-San Airport",104.025,21.218056,VN,AS,small
NHA,"Nha Trang Air Base",109.19666,12.227912,VN,AS,medium
HUI,"Phu Bai Airport",107.700874,16.398224,VN,AS,medium
UIH,"Phu Cat Airport",109.22639,13.766111,VN,AS,medium
PXU,"Pleiku Airport",108.00896,14.006346,VN,AS,medium
PQC,"Phu Quoc Airport",103.96324,10.223722,VN,AS,medium
PHA,"Phan Rang Airport",108.95,11.633333,VN,AS,small
PHH,"Phan Thiet Airport",108.066666,10.9,VN,AS,small
VKG,"Rach Gia Airport",105.083336,10.083333,VN,AS,medium
TBB,"Dong Tac Airport",109.33972,13.044167,VN,AS,medium
SGN,"Tan Son Nhat International Airport",106.662476,10.813045,VN,AS,large
VII,"Vinh Airport",105.63333,18.7,VN,AS,medium
VTG,"Vung Tau Airport",107.09111,10.374444,VN,AS,small
NYU,"Bagan Airport",94.92832,21.175343,MM,AS,small
BMO,"Banmaw Airport",97.25166,24.27389,MM,AS,small
TVY,"Dawei Airport",98.2,14.1,MM,AS,medium
NYT,"Naypyidaw Airport",96.201385,19.6225,MM,AS,small
GAW,"Gangaw Airport",94.13333,22.166668,MM,AS,small
GWA,"Gwa Airport",94.0,21.0,MM,AS,small
HEH,"Heho Airport",96.79341,20.743862,MM,AS,medium
HOX,"Hommalinn Airport",94.916664,24.866667,MM,AS,small
TIO,"Tilin Airport",96.0,20.0,MM,AS,small
KET,"Kengtung Airport",99.61667,21.3,MM,AS,medium
KHM,"Kanti Airport",95.67965,25.993513,MM,AS,small
KMV,"Kalay Airport",94.05,23.183332,MM,AS,small
KYP,"Kyaukpyu Airport",93.53333,19.433332,MM,AS,medium
KAW,"Kawthoung Airport",98.51667,10.05,MM,AS,medium
KYT,"Kyauktu Airport",94.14411,21.414576,MM,AS,small
LIW,"Loikaw Airport",97.21694,19.68861,MM,AS,medium
LSH,"Lashio Airport",97.75,22.966667,MM,AS,medium
MDL,"Mandalay International Airport",96.0875,21.940052,MM,AS,large
MGZ,"Myeik Airport",98.61667,12.45,MM,AS,medium
MYT,"Myitkyina Airport",97.29889,25.354168,MM,AS,medium
MNU,"Mawlamyine Airport",97.66067,16.444748,MM,AS,small
MGU,"Manaung Airport",93.73889,18.958332,MM,AS,small
MOE,"Momeik Airport",96.65,23.1,MM,AS,medium
MOG,"Mong Hsat Airport",99.26667,20.533333,MM,AS,medium
MGK,"Mong Tong Airport",98.9,20.283333,MM,AS,small
MWQ,"Magway Airport",94.94111,20.166668,MM,AS,small
NMS,"Namsang Airport",97.75,20.883333,MM,AS,medium
NMT,"Namtu Airport",97.4,23.083332,MM,AS,small
PAA,"Hpa-N Airport",97.67833,16.892778,MM,AS,small
PAU,"Pauk Airport",94.51667,21.45,MM,AS,small
BSX,"Pathein Airport",94.78333,16.8,MM,AS,small
PPU,"Hpapun Airport",97.45,18.066668,MM,AS,small
PBU,"Putao Airport",97.416664,27.333332,MM,AS,medium
PKK,"Pakhokku Airport",95.10639,21.343332,MM,AS,small
PRU,"Pyay Airport",95.26861,18.825,MM,AS,small
AKY,"Sittwe Airport",92.88028,20.130278,MM,AS,medium
SNW,"Thandwe Airport",94.30038,18.453876,MM,AS,medium
THL,"Tachileik Airport",99.95,20.45,MM,AS,medium
XYE,"Ye Airport",97.85,15.25,MM,AS,small
RGN,"Yangon International Airport",96.134155,16.900068,MM,AS,large
UPG,"Hasanuddin International Airport",119.54589,-5.058312,ID,AS,large
MJU,"Tampa Padang Airport",118.833336,-2.5,ID,AS,small
BIK,"Frans Kaisiepo Airport",136.10582,-1.191919,ID,AS,medium
ONI,"Moanamani Airport",135.5,-3.333333,ID,AS,small
WET,"Wagethe Airport",135.83333,-4.166667,ID,AS,small
NBX,"Nabire Airport",135.43333,-3.366667,ID,AS,medium
ILA,"Illaga Airport",133.73334,-3.65,ID,AS,small
KOX,"Kokonau Airport",136.41667,-4.716667,ID,AS,small
ZRI,"Serui Airport",136.23334,-1.883333,ID,AS,small
TIM,"Moses Kilangin Airport",136.88748,-4.525666,ID,AS,medium
EWI,"Enarotali Airport",136.33333,-3.966667,ID,AS,small
AMI,"Selaparang Airport",116.10237,-8.563165,ID,AS,small
BMU,"Muhammad Salahuddin Airport",118.916664,-8.5,ID,AS,small
DPS,"Ngurah Rai (Bali) International Airport",115.1675,-8.748056,ID,AS,large
LOP,"Bandara International Lombok Airport",116.27667,-8.757322,ID,AS,medium
SWQ,"Sumbawa Besar Airport",117.41217,-8.489621,ID,AS,small
TMC,"Tambolaka Airport",119.18306,-9.340278,ID,AS,small
WGP,"Waingapu Airport",120.3,-9.666667,ID,AS,small
ARJ,"Arso Airport",140.78334,-2.933333,ID,AS,small
BUI,"Bokondini Airport",133.58333,-2.0,ID,AS,small
ZRM,"Sarmi Airport",138.75,-1.85,ID,AS,small
DJJ,"Sentani Airport",140.51299,-2.569887,ID,AS,medium
LHI,"Lereh Airport",139.9,-3.133333,ID,AS,small
LII,"Mulia Airport",137.96666,-3.733333,ID,AS,small
OKL,"Oksibil Airport",140.66667,-5.1,ID,AS,small
WAR,"Waris Airport",140.88333,-3.116667,ID,AS,small
SEH,"Senggeh Airport",140.81667,-3.433333,ID,AS,small
UBR,"Ubrub Airport",140.85,-3.666667,ID,AS,small
WMX,"Wamena Airport",138.9536,-4.099906,ID,AS,medium
MDP,"Mindiptana Airport",140.83333,-5.833333,ID,AS,small
BXD,"Bade Airport",139.5,-7.166667,ID,AS,small
MKQ,"Mopah Airport",140.41895,-8.519837,ID,AS,medium
OKQ,"Okaba Airport",139.7,-8.1,ID,AS,small
KEI,"Kepi Airport",139.33333,-6.566667,ID,AS,small
TMH,"Tanah Merah Airport",140.26666,-6.083333,ID,AS,small
TJS,"Tanjung Harapan Airport",117.36667,2.85,ID,AS,small
DTD,"Datadawai Airport",116.60037,0.621316,ID,AS,small
BEJ,"Barau(Kalimaru) Airport",117.43349,2.155327,ID,AS,small
BPN,"Sepinggan International Airport",116.90082,-1.260623,ID,AS,medium
TRK,"Juwata Airport",117.56528,3.327222,ID,AS,small
SRI,"Temindung Airport",117.15786,-0.483589,ID,AS,small
TSX,"Tanjung Santan Airport",117.433334,-0.083333,ID,AS,small
BYQ,"Bunyu Airport",117.833336,3.583333,ID,AS,small
GLX,"Gamarmalamo Airport",127.833336,1.833333,ID,AS,small
GTO,"Jalaluddin Airport",122.850876,0.639039,ID,AS,small
NAH,"Naha Airport",125.36667,3.716667,ID,AS,medium
TLI,"Toli Toli Airport",120.79515,1.123356,ID,AS,small
GEB,"Gebe Airport",129.41667,0.083333,ID,AS,small
KAZ,"Kao Airport",127.86667,1.166667,ID,AS,small
PLW,"Mutiara Airport",119.90973,-0.918617,ID,AS,medium
MDC,"Sam Ratulangi Airport",124.92203,1.543533,ID,AS,medium
MNA,"Melangguane Airport",126.7,4.05,ID,AS,small
PSJ,"Kasiguncu Airport",120.73333,-1.383333,ID,AS,medium
OTI,"Pitu Airport",128.5,2.833333,ID,AS,medium
TTE,"Sultan Khairun Babullah Airport",127.4,0.8,ID,AS,medium
LUW,"Bubung Airport",122.77642,-1.038668,ID,AS,medium
UOL,"Buol Airport",121.41603,1.104373,ID,AS,small
BTW,"Batu Licin Airport",116.0,-3.0,ID,AS,small
PKN,"Iskandar Airport",111.666664,-2.7,ID,AS,small
KBU,"Stagen Airport",116.16528,-3.293738,ID,AS,small
MTW,"Beringin Airport",-87.68222,44.129723,ID,AS,small
TJG,"Warukin Airport",103.96667,-1.4,ID,AS,medium
BDJ,"Syamsudin Noor Airport",114.75425,-3.43804,ID,AS,small
PKY,"Tjilik Riwut Airport",113.945786,-2.223958,ID,AS,small
SMQ,"Sampit(Hasan) Airport",112.979004,-2.502806,ID,AS,small
AHI,"Amahai Airport",128.91667,-3.333333,ID,AS,small
DOB,"Dobo Airport",134.21361,-5.772536,ID,AS,small
MAL,"Mangole Airport, Falabisahaya",125.916664,-1.833333,ID,AS,small
NRE,"Namrole Airport",126.71667,-3.816667,ID,AS,small
LAH,"Oesman Sadik Airport, Labuha",127.48333,-0.616667,ID,AS,small
SXK,"Saumlaki Airport",131.30482,-7.988139,ID,AS,small
BJK,"Nangasuri Airport",134.25,-6.083333,ID,AS,small
LUV,"Dumatumbun Airport",132.71666,-5.666667,ID,AS,medium
SQN,"Emalamo Sanana Airport",125.916664,-2.2,ID,AS,small
AMQ,"Pattimura Airport, Ambon",128.08888,-3.704996,ID,AS,medium
NAM,"Namlea Airport",127.1,-3.3,ID,AS,small
TAX,"Taliabu Island Airport",124.8,-1.766667,ID,AS,small
MLG,"Abdul Rachman Saleh Airport",112.71099,-7.930615,ID,AS,small
CPF,"Cepu Airport",111.583336,-7.15,ID,AS,small
JOG,"Adi Sutjipto International Airport",110.43706,-7.785572,ID,AS,small
SOC,"Adi Sumarmo Wiryokusumo Airport",110.75667,-7.51583,ID,AS,small
SUB,"Juanda International Airport",112.77724,-7.38387,ID,AS,large
SRG,"Achmad Yani Airport",110.37855,-6.979155,ID,AS,small
SUP,"Trunojoyo Airport",113.933334,-7.066667,ID,AS,small
NTI,"Stenkol Airport",133.25,-2.333333,ID,AS,small
RSK,"Abresso Airport",134.18333,-1.5,ID,AS,small
KEQ,"Kebar Airport",134.83333,-5.833333,ID,AS,small
FKQ,"Fakfak Airport",132.3,-2.916667,ID,AS,medium
INX,"Inanwatan Airport",132.23334,-2.166667,ID,AS,small
KNG,"Kaimana Airport",133.75,-3.65,ID,AS,medium
RDE,"Merdei Airport",133.33333,-1.583333,ID,AS,small
BXB,"Babo Airport",133.44115,-2.532486,ID,AS,medium
MKW,"Rendani Airport",134.05278,-0.893056,ID,AS,medium
SOQ,"Sorong (Jefman) Airport",131.29059,-0.890214,ID,AS,medium
TXM,"Teminabuan Airport",132.01666,-1.433333,ID,AS,small
WSR,"Wasior Airport",134.5,-2.716667,ID,AS,small
BJW,"Bajawa Padhameleda Airport",120.98333,-8.766667,ID,AS,small
MOF,"Maumere(Wai Oti) Airport",122.25,-8.633333,ID,AS,small
ENE,"Ende (H Hasan Aroeboesman) Airport",121.65,-8.833333,ID,AS,small
RTG,"Satar Tacik Airport",120.47835,-8.596921,ID,AS,small
ARD,"Mali Airport",124.59811,-8.132639,ID,AS,small
LBJ,"Komodo (Mutiara II) Airport",119.88928,-8.486215,ID,AS,small
KOE,"El Tari Airport",123.66725,-10.168536,ID,AS,small
BUW,"Betoambari Airport",122.63333,-5.466667,ID,AS,small
MXB,"Andi Jemma Airport",120.32389,-2.557957,ID,AS,small
SQR,"Soroako Airport",122.666664,-3.166667,ID,AS,small
TTR,"Pongtiku Airport",119.82094,-3.042564,ID,AS,small
KDI,"Wolter Monginsidi Airport",122.409546,-4.085501,ID,AS,small
BTU,"Bintulu Airport",113.04346,3.171772,MY,AS,medium
BLG,"Belaga Airport",113.78333,2.7,MY,AS,small
LSM,"Long Semado Airport",118.00833,4.002778,MY,AS,small
LGL,"Long Lellang Airport",114.25,4.183333,MY,AS,small
KCH,"Kuching International Airport",110.340836,1.484167,MY,AS,medium
ODN,"Long Seridan Airport",115.066666,4.033333,MY,AS,small
LMN,"Limbang Airport",115.0,4.666667,MY,AS,medium
MKM,"Mukah Airport",112.07972,2.906944,MY,AS,small
LKH,"Long Akah Airport",114.78566,3.312934,MY,AS,small
MUR,"Marudi Airport",114.316666,4.183333,MY,AS,medium
BSE,"Sematan Airport",109.76667,1.8,MY,AS,small
KPI,"Kapit Airport",112.92944,2.010556,MY,AS,small
BKM,"Bakalalan Airport",115.61667,3.966667,MY,AS,small
MYY,"Miri Airport",113.983116,4.325261,MY,AS,medium
SBW,"Sibu Airport",111.98657,2.254997,MY,AS,medium
TGC,"Tanjung Manis Airport",111.20335,2.176315,MY,AS,small
LSU,"Long Sukang Airport",115.5,4.55,MY,AS,small
LWY,"Lawas Airport",115.416664,4.916667,MY,AS,small
SGG,"Simanggang Airport",-36.378273,65.90608,MY,AS,small
BBN,"Bario Airport",115.46667,3.683333,MY,AS,medium
SMM,"Semporna Airport",118.833336,4.416667,MY,AS,small
LDU,"Lahad Datu Airport",118.32611,5.035278,MY,AS,medium
TEL,"Telupid Airport",117.11667,5.583333,MY,AS,small
KGU,"Keningau Airport",116.16194,5.356667,MY,AS,small
SXS,"Sahabat [Sahabat 16] Airport",119.09167,5.089722,MY,AS,small
BKI,"Kota Kinabalu International Airport",116.05075,5.923961,MY,AS,medium
LBU,"Labuan Airport",115.24916,5.294355,MY,AS,medium
TMG,"Tomanggong Airport",118.65,5.4,MY,AS,small
GSA,"Long Pasia Airport",115.76667,4.416667,MY,AS,small
SPE,"Sepulot Airport",116.45695,4.712222,MY,AS,small
PAY,"Pamol Airport",117.39445,5.993056,MY,AS,small
RNU,"Ranau Airport",116.666664,5.95,MY,AS,small
SDK,"Sandakan Airport",118.06184,5.896877,MY,AS,medium
KUD,"Kudat Airport",116.83417,6.925,MY,AS,small
TWU,"Tawau Airport",117.884865,4.26275,MY,AS,medium
MZV,"Mulu Airport",114.8,4.033333,MY,AS,medium
BWN,"Brunei International Airport",114.93375,4.945197,BN,AS,large
TKG,"Radin Inten II (Branti) Airport",105.1758,-5.242783,ID,AS,medium
PKU,"Sultan Syarif Kasim Ii (Simpang Tiga) Airport",101.446884,0.464563,ID,AS,medium
DUM,"Pinang Kampai Airport",101.46667,1.583333,ID,AS,medium
RKO,"Rokot Airport",116.0,-2.083333,ID,AS,small
SEQ,"Sungai Pakning Bengkalis Airport",114.066666,-0.8,ID,AS,small
TJB,"Tanjung Balai Airport",99.73333,2.916667,ID,AS,small
BDO,"Husein Sastranegara International Airport",107.58178,-6.904648,ID,AS,medium
CBN,"Penggung Airport",108.53333,-6.75,ID,AS,small
TSY,"Cibeureum Airport",108.2,-7.3,ID,AS,small
BTH,"Hang Nadim Airport",104.11528,1.123627,ID,AS,medium
PPR,"Pasir Pangaraan Airport",100.36667,0.833333,ID,AS,small
TNJ,"Kijang Airport",104.53611,0.919167,ID,AS,small
SIQ,"Dabo Airport",104.416664,-0.5,ID,AS,small
HLP,"Halim Perdanakusuma International Airport",106.89028,-6.268056,ID,AS,medium
CXP,"Tunggul Wulung Airport",109.0,-7.733333,ID,AS,medium
PCB,"Pondok Cabe Air Base",106.76667,-6.35,ID,AS,small
CGK,"Soekarno-Hatta International Airport",106.655525,-6.130643,ID,AS,large
LLG,"Silampari Airport",144.53334,-17.133333,ID,AS,small
GNS,"Binaka Airport",97.5,1.25,ID,AS,medium
AEG,"Aek Godang Airport",99.416664,1.399722,ID,AS,medium
PDG,"Tabing Airport",100.280556,-0.786667,ID,AS,medium
MES,"Polonia International Airport",98.672775,3.561111,ID,AS,medium
TJQ,"Buluh Tumbang (H A S Hanandjoeddin) Airport",107.65,-2.75,ID,AS,small
NPO,"Nanga Pinoh I Airport",111.73333,-0.333333,ID,AS,medium
KTG,"Ketapang(Rahadi Usman) Airport",109.98333,-1.833333,ID,AS,medium
MWK,"Tarempa Airport",106.26667,3.3,ID,AS,small
NTX,"Ranai Airport",108.38333,3.95,ID,AS,medium
PNK,"Supadio Airport",109.40533,-0.14735,ID,AS,medium
PSU,"Pangsuma Airport",112.933334,0.833333,ID,AS,medium
SQG,"Sintang(Susilo) Airport",111.583336,0.083333,ID,AS,medium
DJB,"Sultan Thaha Airport",103.63936,-1.630432,ID,AS,small
PGK,"Pangkal Pinang (Depati Amir) Airport",106.13707,-2.164017,ID,AS,small
BKS,"Padang Kemiling (Fatmawati Soekarno) Airport",102.34349,-3.866159,ID,AS,medium
PLM,"Sultan Mahmud Badaruddin Ii Airport",104.69861,-2.900146,ID,AS,medium
PDO,"Pendopo Airport",103.86667,-3.283333,ID,AS,medium
RGT,"Japura Airport",102.55,-0.4,ID,AS,medium
PDG,"Minangkabau Airport",100.280556,-0.786667,ID,AS,medium
MPC,"Muko Muko Airport",101.1,-2.55,ID,AS,small
KLQ,"Keluang Airport",103.9,-2.683333,ID,AS,small
TPK,"Teuku Cut Ali Airport",97.183334,3.266667,ID,AS,small
SBG,"Maimun Saleh Airport",95.333336,5.55,ID,AS,small
MEQ,"Seunagan Airport",96.11667,4.15,ID,AS,small
LSX,"Lhok Sukon Airport",97.316666,5.066667,ID,AS,medium
LSW,"Malikus Saleh Airport",97.166664,5.166667,ID,AS,small
BTJ,"Sultan Iskandarmuda Airport",95.41833,5.518021,ID,AS,medium
SXT,"Sungai Tiang Airport",102.39667,4.330556,MY,AS,small
MEP,"Mersing Airport",103.833336,2.416667,MY,AS,small
SWY,"Sitiawan Airport",100.70029,4.220703,MY,AS,small
TPG,"Taiping (Tekah) Airport",100.73333,4.85,MY,AS,small
TOD,"Pulau Tioman Airport",104.166664,2.75,MY,AS,medium
AOR,"Sultan Abdul Halim Airport",100.405266,6.201171,MY,AS,medium
BWH,"Butterworth Airport",100.3925,5.466667,MY,AS,medium
KBR,"Sultan Ismail Petra Airport",102.29092,6.17057,MY,AS,medium
KUA,"Kuantan Airport",103.21518,3.780765,MY,AS,medium
KTE,"Kerteh Airport",103.42833,4.538333,MY,AS,medium
IPH,"Sultan Azlan Shah Airport",101.09583,4.566944,MY,AS,medium
JHB,"Senai International Airport",103.67083,1.638889,MY,AS,medium
KUL,"Kuala Lumpur International Airport",101.70539,2.755672,MY,AS,large
LGK,"Langkawi International Airport",99.7314,6.342174,MY,AS,medium
MKZ,"Malacca Airport",102.253334,2.264167,MY,AS,medium
TGG,"Sultan Mahmud Airport",103.10642,5.380504,MY,AS,medium
PEN,"Penang International Airport",100.265175,5.292961,MY,AS,medium
PKG,"Pulau Pangkor Airport",100.55355,4.244177,MY,AS,small
RDN,"LTS Pulau Redang Airport",103.00694,5.765278,MY,AS,small
SZB,"Sultan Abdul Aziz Shah International Airport",101.558075,3.130644,MY,AS,medium
AUT,"Atauro Airport",125.583336,-8.216667,TL,AS,small
UAI,"Suai Airport",125.28333,-9.3,TL,AS,medium
DIL,"Presidente Nicolau Lobato International Airport",125.525,-8.549616,TL,AS,medium
BCH,"Cakung Airport",126.39972,-8.491667,TL,AS,medium
MPT,"Maliana Airport",125.25,-8.066667,TL,AS,small
OEC,"Oecussi Airport",124.34167,-9.205,TL,AS,small
VIQ,"Viqueque Airport",126.36667,-8.883333,TL,AS,small
ABU,"Haliwen Airport",124.88333,-9.133333,ID,AS,small
BJW,"Padhameleda Airport",120.98333,-8.766667,ID,AS,small
LKA,"Gewayentana Airport",123.00131,-8.274301,ID,AS,small
SAU,"Sawu Airport",121.9,-10.483333,ID,AS,small
SGQ,"Sanggata Airport",117.333336,0.5,ID,AS,small
LBW,"Long Bawan Airport",115.166664,0.583333,ID,AS,small
BXT,"Bontang Airport",117.5,0.166667,ID,AS,small
NNX,"Nunukan Airport",117.65,4.15,ID,AS,small
TNB,"Tanah Grogot Airport",116.2,-1.916667,ID,AS,small
LPU,"Long Apung Airport",114.969986,1.707091,ID,AS,small
SZH,"Senipah Airport",117.13333,-0.966667,ID,AS,small
QPG,"Paya Lebar Air Base",103.9,1.35,SG,AS,medium
TGA,"Tengah Air Base",103.780556,1.426665,SG,AS,medium
XSP,"Seletar Airport",103.96667,1.366667,SG,AS,medium
SIN,"Singapore Changi International Airport",103.990204,1.361173,SG,AS,large
SKL,"Skye Bridge Ashaig Airport",-6.25,57.333332,GB,EU,small
ALH,"Albany Airport",117.804,-34.944996,AU,OC,medium
ABG,"Abingdon Downs Airport",143.2,-17.666668,AU,OC,small
AWN,"Alton Downs Airport",138.66667,-26.25,AU,OC,small
AUD,"Augustus Downs Airport",139.88167,-18.506945,AU,OC,small
MRP,"Marla Airport",135.0,-27.0,AU,OC,small
AXL,"Alexandria Homestead Airport",136.66667,-19.083332,AU,OC,small
AXC,"Aramac Airport",145.2425,-22.958055,AU,OC,small
ADO,"Andamooka Airport",137.15,-31.016666,AU,OC,small
AMX,"Ammaroo Airport",135.24,-21.74,AU,OC,small
AMT,"Amata Airport",132.03334,-26.766666,AU,OC,small
AYL,"Anthony Lagoon Airport",135.53334,-18.033333,AU,OC,small
ABH,"Alpha Airport",146.63333,-23.65,AU,OC,medium
ARY,"Ararat Airport",143.0,-37.316666,AU,OC,medium
GYL,"Argyle Airport",128.66667,-16.333332,AU,OC,small
ARM,"Armidale Airport",151.61493,-30.532297,AU,OC,medium
AAB,"Arrabury Airport",141.04167,-26.7,AU,OC,small
AUU,"Aurukun Airport",142.25,-13.166667,AU,OC,small
AWP,"Austral Downs Airport",137.75,-20.5,AU,OC,small
AVG,"Auvergne Airport",130.01666,-15.65,AU,OC,small
AYQ,"Ayers Rock Connellan Airport",130.97658,-25.190878,AU,OC,medium
AYR,"Ayr Airport",147.32445,-19.596666,AU,OC,small
ACF,"Brisbane Archerfield Airport",,,AU,OC,small
ABM,"Bamaga Injinoo Airport",142.45033,-10.942619,AU,OC,small
BCI,"Barcaldine Airport",145.30194,-23.559168,AU,OC,medium
ASP,"Alice Springs Airport",133.90338,-23.80139,AU,OC,medium
BDD,"Badu Island Airport",142.17166,-10.148655,AU,OC,small
BBE,"Big Bell Airport",117.583336,-17.333332,AU,OC,small
BNE,"Brisbane International Airport",153.10905,-27.40303,AU,OC,large
OOL,"Gold Coast Airport",153.51314,-28.166164,AU,OC,medium
BKQ,"Blackall Airport",145.42833,-24.434168,AU,OC,medium
CNS,"Cairns International Airport",145.75404,-16.876537,AU,OC,medium
CTL,"Charleville Airport",146.25842,-26.413334,AU,OC,medium
BXG,"Bendigo Airport",144.30194,-36.734722,AU,OC,small
BVI,"Birdsville Airport",139.34334,-25.898333,AU,OC,medium
BTX,"Betoota Airport",140.73334,-25.7,AU,OC,small
BQW,"Balgo Hill Airport",127.8,-20.183332,AU,OC,small
BHQ,"Broken Hill Airport",141.46857,-31.998983,AU,OC,medium
HTI,"Hamilton Island Airport",148.94847,-20.35175,AU,OC,medium
BEU,"Bedourie Airport",139.445,-24.23,AU,OC,medium
BRK,"Bourke Airport",145.93333,-30.083332,AU,OC,medium
BUC,"Burketown Airport",139.53334,-17.75,AU,OC,small
BLN,"Benalla Airport",145.98334,-36.55,AU,OC,medium
LCN,"Balcanoona Airport",139.35,-30.516666,AU,OC,small
BLS,"Bollon Airport",147.48334,-28.05,AU,OC,small
BQB,"Busselton Regional Airport",115.40204,-33.68688,AU,OC,small
ISA,"Mount Isa Airport",139.49179,-20.667637,AU,OC,medium
MCY,"Sunshine Coast Airport",153.08821,-26.60538,AU,OC,medium
MKY,"Mackay Airport",149.1818,-21.176285,AU,OC,medium
BNK,"Ballina Byron Gateway Airport",153.5564,-28.837606,AU,OC,medium
BSJ,"Bairnsdale Airport",147.63333,-37.833332,AU,OC,medium
GIC,"Boigu Airport",142.21666,-9.233333,AU,OC,small
OKY,"Oakey Airport",151.735,-27.406668,AU,OC,medium
BQL,"Boulia Airport",139.9,-22.9,AU,OC,medium
BMP,"Brampton Island Airport",149.23334,-20.783333,AU,OC,small
PPP,"Proserpine Whitsunday Coast Airport",148.55194,-20.488922,AU,OC,medium
ROK,"Rockhampton Airport",150.47841,-23.377993,AU,OC,medium
BOX,"Borroloola Airport",136.28334,-16.066668,AU,OC,small
BME,"Broome International Airport",122.23429,-17.95264,AU,OC,medium
BZD,"Balranald Airport",143.61667,-34.61667,AU,OC,medium
BWQ,"Brewarrina Airport",146.86667,-29.95,AU,OC,medium
BHS,"Bathurst Airport",149.65518,-33.41387,AU,OC,medium
BRT,"Bathurst Island Airport",130.63333,-11.766667,AU,OC,medium
TSV,"Townsville Airport",146.7708,-19.256506,AU,OC,medium
BLT,"Blackwater Airport",148.8084,-23.602184,AU,OC,medium
BDB,"Bundaberg Airport",152.32187,-24.898708,AU,OC,medium
BUY,"Bunbury Airport",115.63333,-33.316666,AU,OC,small
ZBO,"Bowen Airport",148.21666,-20.016666,AU,OC,small
WEI,"Weipa Airport",141.9247,-12.681317,AU,OC,medium
BWB,"Barrow Island Airport",115.416664,-20.783333,AU,OC,small
BVZ,"Beverley Springs Airport",124.0,-15.0,AU,OC,small
CGV,"Caiguna Airport",125.46667,-32.266666,AU,OC,small
CLH,"Coolah Airport",149.7,-31.833332,AU,OC,small
CVQ,"Carnarvon Airport",113.66358,-24.883429,AU,OC,medium
CSI,"Casino Airport",153.05833,-28.883333,AU,OC,small
CAZ,"Cobar Airport",145.79659,-31.536797,AU,OC,medium
COJ,"Coonabarabran Airport",149.27194,-31.337221,AU,OC,medium
CBY,"Canobie Airport",140.92612,-19.478611,AU,OC,small
CBI,"Cape Barren Island Airport",148.01344,-40.3885,AU,OC,small
CPD,"Coober Pedy Airport",134.75278,-29.044443,AU,OC,medium
CRB,"Collarenebri Airport",148.58333,-29.55,AU,OC,small
CCL,"Chinchilla Airport",150.63333,-26.75,AU,OC,medium
CNC,"Coconut Island Airport",143.06659,-10.050179,AU,OC,small
CNJ,"Cloncurry Airport",140.50851,-20.668905,AU,OC,medium
CBX,"Condobolin Airport",148.25,-33.86667,AU,OC,small
CUD,"Caloundra Airport",153.15,-26.8,AU,OC,small
CED,"Ceduna Airport",133.70122,-32.12378,AU,OC,medium
CVC,"Cleve Airport",136.5,-33.7,AU,OC,medium
CFI,"Camfield Airport",131.28334,-17.033333,AU,OC,small
LLG,"Chillagoe Airport",144.53334,-17.133333,AU,OC,small
CXT,"Charters Towers Airport",146.26917,-20.046667,AU,OC,small
CKI,"Croker Island Airport",132.53334,-11.2,AU,OC,small
CTN,"Cooktown Airport",145.18333,-15.443333,AU,OC,medium
CMQ,"Clermont Airport",147.62189,-22.77181,AU,OC,medium
CMA,"Cunnamulla Airport",145.6161,-28.03139,AU,OC,medium
CML,"Camooweal Airport",138.11667,-19.933332,AU,OC,small
NIF,"Camp Nifty Airport",121.58611,-21.675,AU,OC,small
CES,"Cessnock Airport",151.35,-32.833332,AU,OC,small
CNB,"Coonamble Airport",148.37833,-30.980833,AU,OC,medium
ODL,"Cordillo Downs Airport",140.63333,-26.716667,AU,OC,small
CUQ,"Coen Airport",143.11333,-13.763889,AU,OC,medium
OOM,"Cooma Snowy Mountains Airport",148.97333,-36.308334,AU,OC,medium
CDA,"Cooinda Airport",132.5225,-12.905278,AU,OC,small
CWW,"Corowa Airport",146.35,-35.966667,AU,OC,medium
CYG,"Corryong Airport",147.9,-36.25,AU,OC,medium
CDQ,"Croydon Airport",142.25,-18.3,AU,OC,small
KCE,"Collinsville Airport",147.86667,-20.55,AU,OC,small
CMD,"Cootamundra Airport",148.04333,-34.628334,AU,OC,medium
CUG,"Cudal Airport",151.0,-32.0,AU,OC,small
CUY,"Cue Airport",117.916664,-27.45,AU,OC,small
CWR,"Cowarie Airport",138.33333,-27.716667,AU,OC,small
CCW,"Cowell Airport",136.83333,-33.63333,AU,OC,small
CWT,"Cowra Airport",148.64667,-33.855,AU,OC,medium
DJR,"Dajarra Airport",,,AU,OC,small
DBY,"Dalby Airport",151.26666,-27.15,AU,OC,small
DRN,"Dirranbandi Airport",148.21527,-28.586666,AU,OC,medium
DNB,"Dunbar Airport",142.39055,-16.010834,AU,OC,small
DRB,"Derby Airport",123.6525,-17.373333,AU,OC,medium
DFP,"Drumduff Airport",143.33333,-16.0,AU,OC,small
DLK,"Dulkaninna Airport",139.46666,-29.016666,AU,OC,small
DDN,"Delta Downs Airport",141.3,-16.916668,AU,OC,small
DLV,"Delissaville Airport",130.63333,-12.566667,AU,OC,small
DMD,"Doomadgee Airport",138.8216,-17.939201,AU,OC,small
DVR,"Daly River Airport",130.68333,-13.75,AU,OC,small
NLF,"Darnley Island Airport",143.7869,-9.584515,AU,OC,small
DRD,"Dorunda Airport",142.33333,-16.5,AU,OC,small
DVP,"Davenport Downs Airport",141.11667,-24.133333,AU,OC,small
DPO,"Devonport Airport",146.42754,-41.172054,AU,OC,medium
DHD,"Durham Downs Airport",149.08333,-26.1,AU,OC,small
DRR,"Durrie Airport",140.21666,-25.616667,AU,OC,small
DKV,"Docker River Airport",129.08333,-24.866667,AU,OC,small
DYA,"Dysart Airport",148.0,-23.5,AU,OC,medium
WDA,"Wadi Ain Airport",45.55,14.866667,YE,AS,small
ECH,"Echuca Airport",144.75,-36.15,AU,OC,medium
EUC,"Eucla Airport",128.86667,-31.716667,AU,OC,small
ETD,"Etadunna Airport",138.0,-27.5,AU,OC,small
ENB,"Eneabba Airport",114.98333,-30.083332,AU,OC,small
EIH,"Einasleigh Airport",144.1,-18.5,AU,OC,small
ELC,"Elcho Island Airport",135.5698,-12.019817,AU,OC,medium
EMD,"Emerald Airport",148.1744,-23.56861,AU,OC,medium
ERB,"Ernabella Airport",132.11667,-26.283333,AU,OC,small
EPR,"Esperance Airport",121.83039,-33.68248,AU,OC,medium
EVD,"Eva Downs Airport",134.86667,-18.016666,AU,OC,small
EVH,"Evans Head Aerodrome",153.41667,-29.1,AU,OC,small
EXM,"Exmouth Airport",114.25,-22.25,AU,OC,small
FRB,"Forbes Airport",148.05,-33.4,AU,OC,medium
KFE,"Fortescue - Dave Forrest Aerodrome",119.437225,-22.291945,AU,OC,small
FLY,"Finley Airport",145.58333,-35.65,AU,OC,small
FLS,"Flinders Island Airport",147.99667,-40.095,AU,OC,small
FVL,"Flora Valley Airport",128.41667,-18.283333,AU,OC,small
FIK,"Finke Airport",134.58333,-25.566668,AU,OC,small
FOS,"Forrest Airport",128.05,-30.816668,AU,OC,medium
FOT,"Forster (Wallis Is) Airport",151.51666,-32.183334,AU,OC,small
FIZ,"Fitzroy Crossing Airport",125.55417,-18.178333,AU,OC,medium
GAH,"Gayndah Airport",151.48334,-25.433332,AU,OC,small
GBL,"South Goulburn Is Airport",133.43333,-11.55,AU,OC,small
GUH,"Gunnedah Airport",150.23334,-30.95,AU,OC,medium
GOO,"Goondiwindi Airport",150.31944,-28.524445,AU,OC,small
GDD,"Gordon Downs Airport",128.55,-18.716667,AU,OC,small
GGD,"Gregory Downs Airport",139.23334,-18.633333,AU,OC,small
GTS,"Granite Downs Airport",133.61667,-26.966667,AU,OC,small
GET,"Geraldton Airport",114.70205,-28.796078,AU,OC,medium
GFN,"Grafton Airport",153.02834,-29.759521,AU,OC,medium
GBV,"Gibb River Airport",126.63333,-15.65,AU,OC,small
GLT,"Gladstone Airport",151.22351,-23.87147,AU,OC,medium
GUL,"Goulburn Airport",149.71666,-34.75,AU,OC,medium
GLG,"Glengyle Airport",139.6,-24.816668,AU,OC,small
GEX,"Geelong Airport",144.35,-38.13333,AU,OC,small
GLI,"Glen Innes Airport",151.69083,-29.676666,AU,OC,medium
GLM,"Glenormiston Airport",138.83333,-22.916668,AU,OC,small
GVP,"Greenvale Airport",144.61667,-15.783333,AU,OC,small
GPN,"Garden Point Airport",130.01666,-11.766667,AU,OC,medium
GTE,"Groote Eylandt Airport",136.46002,-13.973887,AU,OC,medium
GFF,"Griffith Airport",146.0627,-34.255432,AU,OC,medium
GTT,"Georgetown Airport",143.78334,-18.416668,AU,OC,small
GEE,"Georgetown (Tas) Airport",143.55,-18.283333,AU,OC,small
GYP,"Gympie Airport",152.63333,-26.183332,AU,OC,small
HWK,"Wilpena Pound Airport",138.41667,-31.716667,AU,OC,small
HXX,"Hay Airport",144.83333,-34.516666,AU,OC,medium
HVB,"Hervey Bay Airport",152.88521,-25.319868,AU,OC,medium
HUB,"Humbert River Airport",130.75,-16.5,AU,OC,small
HIP,"Headingly Airport",138.28334,-21.316668,AU,OC,small
HID,"Horn Island Airport",142.28334,-10.583333,AU,OC,medium
HCQ,"Halls Creek Airport",127.666664,-18.233334,AU,OC,medium
HMG,"Hermannsburg Airport",132.75,-23.95,AU,OC,small
HLT,"Hamilton Airport",142.06056,-37.65,AU,OC,medium
HOK,"Hooker Creek Airport",130.6325,-18.335,AU,OC,small
MHU,"Mount Hotham Airport",147.18333,-36.966667,AU,OC,medium
HTU,"Hopetoun Airport",142.36667,-35.7,AU,OC,medium
HSM,"Horsham Airport",142.16667,-36.666668,AU,OC,medium
HGD,"Hughenden Airport",144.22444,-20.81889,AU,OC,small
IDK,"Indulkana Airport",133.325,-26.966667,AU,OC,small
IFL,"Innisfail Airport",146.01666,-17.55,AU,OC,small
IFF,"Iffley Airport",141.21666,-18.9,AU,OC,small
IGH,"Ingham Airport",146.16667,-18.716667,AU,OC,small
IKP,"Inkerman Airport",141.5,-16.25,AU,OC,small
INJ,"Injune Airport",148.53334,-25.883333,AU,OC,small
INM,"Innamincka Airport",140.73334,-27.75,AU,OC,small
IVW,"Inverway Airport",129.63333,-17.833332,AU,OC,small
ISI,"Isisford Airport",144.42334,-24.263332,AU,OC,small
IVR,"Inverell Airport",151.14056,-29.883896,AU,OC,medium
JAB,"Jabiru Airport",132.89194,-12.659722,AU,OC,small
JUN,"Jundah Airport",143.06667,-24.833332,AU,OC,small
QJD,"Jindabyne Airport",,,AU,OC,small
JCK,"Julia Creek Airport",141.7,-20.583332,AU,OC,small
JUR,"Jurien Bay Airport",115.05,-30.266666,AU,OC,small
UBU,"Kalumburu Airport",126.65,-14.3,AU,OC,small
KAX,"Kalbarri Airport",114.26052,-27.691929,AU,OC,small
KBY,"Streaky Bay Airport",134.0,-33.0,AU,OC,small
KCS,"Kings Creek Airport",131.68333,-24.383333,AU,OC,small
KRA,"Kerang Airport",143.91667,-35.666668,AU,OC,medium
KNS,"King Island Airport",143.88168,-39.879776,AU,OC,medium
KBB,"Kirkimbie Station Airport",129.21666,-17.766666,AU,OC,small
KFG,"Kalkgurung Airport",130.81667,-17.433332,AU,OC,small
KKP,"Koolburra Airport",143.95,-15.583333,AU,OC,small
KRB,"Karumba Airport",140.83194,-17.456667,AU,OC,small
KML,"Kamileroi Airport",140.05,-19.366667,AU,OC,small
KPS,"Kempsey Airport",152.76666,-31.083332,AU,OC,medium
KNI,"Katanning Airport",117.55,-33.7,AU,OC,small
KWM,"Kowanyama Airport",141.74834,-15.4875,AU,OC,medium
KGY,"Kingaroy Airport",151.83333,-26.55,AU,OC,medium
KGC,"Kingscote Airport",137.52332,-35.709305,AU,OC,medium
KUG,"Kubin Airport",142.3,-10.233333,AU,OC,small
LWH,"Lawn Hill Airport",138.58333,-18.583332,AU,OC,small
LGH,"Leigh Creek Airport",138.41667,-30.466667,AU,OC,medium
LNO,"Leonora Airport",121.316925,-28.879345,AU,OC,medium
LEL,"Lake Evella Airport",135.8,-12.508333,AU,OC,small
LDH,"Lord Howe Island Airport",159.07816,-31.540808,AU,OC,small
IRG,"Lockhart River Airport",143.3125,-12.788889,AU,OC,medium
LTP,"Lyndhurst Airport",138.35,-30.283333,AU,OC,small
LDC,"Lindeman Island Airport",149.0,-21.0,AU,OC,small
LSY,"Lismore Airport",153.26337,-28.836653,AU,OC,medium
LOC,"Lock Airport",135.75,-33.55,AU,OC,small
LOA,"Lorraine Airport",139.9,-19.0,AU,OC,small
LTV,"Lotus Vale Airport",141.38333,-17.05,AU,OC,small
LUU,"Laura Airport",144.16667,-15.666667,AU,OC,small
LHG,"Lightning Ridge Airport",147.98334,-29.458332,AU,OC,medium
LRE,"Longreach Airport",144.27147,-23.439474,AU,OC,medium
LUT,"New Laura Airport",144.81667,-15.433333,AU,OC,small
LER,"Leinster Airport",120.61667,-27.833332,AU,OC,medium
LVO,"Laverton Airport",122.36667,-28.633333,AU,OC,small
TGN,"Latrobe Valley Airport",146.56667,-38.2,AU,OC,medium
LZR,"Lizard Island Airport",145.46666,-14.666667,AU,OC,small
UBB,"Mabuiag Island Airport",142.18333,-9.95,AU,OC,small
AVV,"Avalon Airport",144.47308,-38.02637,AU,OC,medium
ABX,"Albury Airport",146.95453,-36.069626,AU,OC,medium
MRG,"Mareeba Airport",145.46666,-17.0,AU,OC,medium
MBB,"Marble Bar Airport",119.583336,-21.25,AU,OC,small
XMC,"Mallacoota Airport",149.71666,-37.6,AU,OC,small
MFP,"Manners Creek Airport",137.98334,-22.1,AU,OC,small
MLR,"Millicent Airport",140.01666,-37.483334,AU,OC,small
DGE,"Mudgee Airport",149.61667,-32.566666,AU,OC,medium
MQA,"Mandora Airport",120.833336,-19.75,AU,OC,small
MKR,"Meekatharra Airport",118.54596,-26.61113,AU,OC,medium
MEB,"Melbourne Essendon Airport",144.8975,-37.736668,AU,OC,medium
MIM,"Merimbula Airport",149.90202,-36.910046,AU,OC,medium
SXE,"RAAF Base East Sale",147.0,-38.166668,AU,OC,medium
MGT,"Milingimbi Airport",134.89352,-12.093703,AU,OC,small
MNG,"Maningrida Airport",134.23227,-12.05492,AU,OC,medium
GSN,"Mount Gunson Airport",137.76666,-31.666668,AU,OC,small
MGV,"Margaret River (Station) Airport",126.86667,-18.616667,AU,OC,small
MQZ,"Margaret River Airport",115.1,-33.933334,AU,OC,small
HBA,"Hobart International Airport",147.50519,-42.837257,AU,OC,medium
MHO,"Mount House Airport",125.76667,-17.133333,AU,OC,small
MCV,"McArthur River Mine Airport",136.095,-16.466667,AU,OC,small
MQL,"Mildura Airport",142.08455,-34.230835,AU,OC,medium
XML,"Minlaton Airport",137.5,-35.0,AU,OC,small
MIH,"Mitchell Plateau Airport",147.96666,-26.483334,AU,OC,small
MTQ,"Mitchell Airport",147.96666,-26.583332,AU,OC,small
MJP,"Manjimup Airport",116.1,-34.233334,AU,OC,small
LST,"Launceston Airport",147.20532,-41.54351,AU,OC,medium
MBW,"Melbourne Moorabbin Airport",145.10222,-37.975834,AU,OC,medium
MEL,"Melbourne International Airport",144.84978,-37.669613,AU,OC,large
MMM,"Middlemount Airport",148.70473,-22.8025,AU,OC,small
MTL,"Maitland Airport",151.55,-32.733334,AU,OC,small
WME,"Mount Keith Airport",120.549446,-27.287222,AU,OC,medium
ONR,"Monkira Airport",140.56667,-24.816668,AU,OC,small
OXY,"Morney Airport",141.36667,-25.35,AU,OC,small
MMG,"Mount Magnet Airport",117.85,-28.083332,AU,OC,medium
OOR,"Mooraberree Airport",141.23334,-25.05,AU,OC,small
MRZ,"Moree Airport",149.85019,-29.496346,AU,OC,medium
MET,"Moreton Airport",142.76666,-12.75,AU,OC,small
MIN,"Minnipa Airport",134.83333,-32.833332,AU,OC,small
MQE,"Marqua Airport",137.35,-22.816668,AU,OC,small
MOV,"Moranbah Airport",148.07442,-22.06057,AU,OC,medium
RRE,"Marree Airport",138.06667,-29.65,AU,OC,small
MWB,"Morawa Airport",116.0225,-29.204166,AU,OC,small
MYA,"Moruya Airport",150.14717,-35.90251,AU,OC,medium
MTD,"Mount Sanford Station Airport",130.56667,-17.0,AU,OC,small
UTB,"Muttaburra Airport",144.525,-22.5875,AU,OC,small
MGB,"Mount Gambier Airport",140.78271,-37.744072,AU,OC,medium
ONG,"Mornington Island Airport",139.17004,-16.662558,AU,OC,small
MNQ,"Monto Airport",151.1,-24.883333,AU,OC,small
MUQ,"Muccan Station Airport",120.0,-20.666668,AU,OC,small
MNE,"Mungeranie Airport",138.6,-28.0,AU,OC,small
MYI,"Murray Island Airport",144.06497,-9.920066,AU,OC,small
MVK,"Mulka Airport",138.0,-27.25,AU,OC,small
MXU,"Mullewa Airport",115.51667,-28.55,AU,OC,small
MXD,"Marion Downs Airport",139.6,-23.333332,AU,OC,small
MBH,"Maryborough Airport",152.71333,-25.516666,AU,OC,small
RTY,"Merty Merty Airport",139.0,-28.25,AU,OC,small
NMR,"Nappa Merrie Airport",141.11667,-27.6,AU,OC,small
NRA,"Narrandera Airport",146.5117,-34.705643,AU,OC,medium
NAA,"Narrabri Airport",149.82912,-30.31829,AU,OC,medium
RPM,"Ngukurr Airport",134.0,-14.933333,AU,OC,medium
NBH,"Nambucca Heads Airport",152.98334,-30.633333,AU,OC,small
NLS,"Nicholson Airport",128.89583,-18.050833,AU,OC,small
NAC,"Naracoorte Airport",140.83333,-36.95,AU,OC,small
QRM,"Narromine Airport",148.36389,-32.244446,AU,OC,medium
RVT,"Ravensthorpe Airport",120.201385,-33.785557,AU,OC,small
NSV,"Noosa Airport",153.03334,-26.416668,AU,OC,small
NSM,"Norseman Airport",121.75,-32.2,AU,OC,small
NTN,"Normanton Airport",141.07307,-17.685398,AU,OC,medium
NUR,"Nullabor Motel Airport",130.91667,-31.433332,AU,OC,small
NLL,"Nullagine Airport",120.2,-21.75,AU,OC,small
NUB,"Numbulwar Airport",135.71638,-14.271667,AU,OC,small
ZNE,"Newman Airport",119.80137,-23.416517,AU,OC,medium
NYN,"Nyngan Airport",147.18333,-31.566668,AU,OC,small
OPI,"Oenpelli Airport",133.06667,-12.333333,AU,OC,small
YOI,"Opinaca Aerodrome",,,CA,NA,small
XCO,"Colac Airport",143.58333,-38.35,AU,OC,small
OLP,"Olympic Dam Airport",136.88411,-30.483898,AU,OC,small
ODD,"Oodnadatta Airport",135.45,-27.550278,AU,OC,small
MOO,"Moomba Airport",149.83333,-27.5,AU,OC,small
RBS,"Orbost Airport",148.5,-37.7,AU,OC,small
OAG,"Orange Airport",149.12447,-33.3816,AU,OC,medium
ODR,"Ord River Airport",128.8,-17.5,AU,OC,small
OSO,"Osborne Mine Airport",,,AU,OC,small
OYN,"Ouyen Airport",142.33333,-35.066666,AU,OC,small
ADL,"Adelaide International Airport",138.53735,-34.938175,AU,OC,medium
PUG,"Port Augusta Airport",137.76666,-32.5,AU,OC,medium
PMK,"Palm Island Airport",146.66667,-18.333332,AU,OC,small
PBO,"Paraburdoo Airport",117.748,-23.173908,AU,OC,medium
CCK,"Cocos (Keeling) Islands Airport",96.916664,-12.166667,CC,AS,medium
PDE,"Pandie Pandie Airport",138.66667,-26.0,AU,OC,small
DRW,"Darwin International Airport",130.87752,-12.407805,AU,OC,medium
PRD,"Pardoo Airport",119.11667,-20.1,AU,OC,small
BEO,"Aeropelican Airport",151.66667,-33.033333,AU,OC,small
GOV,"Gove Airport",136.82265,-12.269595,AU,OC,medium
PPI,"Port Pirie Airport",138.0,-33.233334,AU,OC,medium
JAD,"Perth Jandakot Airport",115.88333,-32.083332,AU,OC,medium
KTA,"Karratha Airport",116.77006,-20.70826,AU,OC,medium
KGI,"Kalgoorlie Boulder Airport",121.45792,-30.785246,AU,OC,medium
PKE,"Parkes Airport",148.2329,-33.138454,AU,OC,medium
PKT,"Port Keats Airport",129.53334,-14.25,AU,OC,medium
KNX,"Kununurra Airport",128.71268,-15.784031,AU,OC,medium
PLO,"Port Lincoln Airport",135.87454,-34.603333,AU,OC,medium
LEA,"Learmonth Airport",114.09427,-22.239883,AU,OC,medium
EDR,"Pormpuraaw Airport",141.61667,-14.9,AU,OC,small
PQQ,"Port Macquarie Airport",152.86723,-31.431402,AU,OC,medium
PTJ,"Portland Airport",141.625,-38.384167,AU,OC,medium
PHE,"Port Hedland International Airport",118.63164,-20.377945,AU,OC,medium
PER,"Perth International Airport",115.960236,-31.933603,AU,OC,large
PEA,"Penneshaw Airport",137.93333,-35.733334,AU,OC,small
KTR,"Tindal Airport",132.2714,-14.4575,AU,OC,medium
UMR,"Woomera Airfield",136.81667,-31.15,AU,OC,small
XCH,"Christmas Island Airport",105.666664,-10.5,CX,AS,medium
UIR,"Quirindi Airport",150.51666,-31.5,AU,OC,small
ULP,"Quilpie Airport",144.3,-26.633333,AU,OC,medium
UEE,"Queenstown Airport",145.55,-42.083332,AU,OC,small
RMK,"Renmark Airport",140.68333,-34.2,AU,OC,medium
RCM,"Richmond Airport",143.11667,-20.70389,AU,OC,small
RAM,"Ramingining Airport",134.81667,-12.0,AU,OC,small
ROH,"Robinhood Airport",144.0,-18.25,AU,OC,small
RBU,"Roebourne Airport",117.166664,-20.8,AU,OC,small
RBC,"Robinvale Airport",142.75,-34.666668,AU,OC,small
RMA,"Roma Airport",148.77943,-26.543552,AU,OC,medium
RSB,"Roseberth Airport",139.63333,-25.833332,AU,OC,small
RTS,"Rottnest Island Airport",115.53667,-32.006943,AU,OC,medium
RTP,"Rutland Plains Airport",141.83333,-15.6,AU,OC,small
RHL,"Roy Hill Station Airport",120.0,-22.75,AU,OC,small
NDS,"Sandstone Airport",119.3,-27.983334,AU,OC,small
BWU,"Sydney Bankstown Airport",151.03334,-33.916668,AU,OC,medium
CBR,"Canberra International Airport",149.19052,-35.30735,AU,OC,large
CFS,"Coffs Harbour Airport",153.1153,-30.322863,AU,OC,medium
CDU,"Camden Airport",124.416664,-15.45,AU,OC,medium
NSO,"Scone Airport",150.8325,-32.03611,AU,OC,small
SQC,"Southern Cross Airport",119.35,-31.25,AU,OC,small
DBO,"Dubbo City Regional Airport",148.56956,-32.218822,AU,OC,medium
SGO,"St George Airport",148.59389,-28.053333,AU,OC,small
SIX,"Singleton Airport",151.16667,-32.566666,AU,OC,small
ZGL,"South Galway Airport",142.11667,-25.683332,AU,OC,small
SGP,"Shay Gap Airport",120.23333,-20.816668,AU,OC,small
DNM,"Shark Bay Airport",113.53333,-25.916668,AU,OC,medium
JHQ,"Shute Harbour Airport",147.0,-22.0,AU,OC,small
SHT,"Shepparton Airport",145.43333,-36.38333,AU,OC,medium
SBR,"Saibai Island Airport",142.63333,-9.383333,AU,OC,small
SIO,"Smithton Airport",145.08167,-40.835835,AU,OC,medium
SHU,"Smith Point Airport",132.13333,-11.133333,AU,OC,small
STH,"Strathmore Airport",142.58333,-17.833332,AU,OC,small
SNB,"Snake Bay Airport",130.66667,-11.416667,AU,OC,medium
NLK,"Norfolk Island International Airport",167.93944,-29.0425,NF,OC,medium
NOA,"Nowra Airport",150.5375,-34.950558,AU,OC,medium
SNH,"Stanthorpe Airport",151.95,-28.65,AU,OC,small
SCG,"Spring Creek Airport",142.41667,-38.016666,AU,OC,small
SHQ,"Southport Airport",153.42778,-27.951944,AU,OC,small
KSV,"Springvale Airport",140.68333,-23.55,AU,OC,small
SRN,"Strahan Airport",145.31667,-42.15,AU,OC,small
SYD,"Sydney Kingsford Smith International Airport",151.1799,-33.932922,AU,OC,large
HLS,"St Helens Airport",148.25,-41.266666,AU,OC,small
TMW,"Tamworth Airport",150.8485,-31.0845,AU,OC,medium
WGA,"Wagga Wagga City Airport",147.46626,-35.15992,AU,OC,medium
SWH,"Swan Hill Airport",143.61667,-35.38333,AU,OC,medium
SWC,"Stawell Airport",142.76666,-37.066666,AU,OC,medium
XTR,"Tara Airport",150.46666,-27.283333,AU,OC,small
TBL,"Tableland Homestead Airport",126.833336,-17.3,AU,OC,small
XTO,"Taroom Airport",149.8,-25.433332,AU,OC,small
TAQ,"Tarcoola Airport",134.55,-30.683332,AU,OC,small
TBK,"Timber Creek Airport",130.48334,-15.65,AU,OC,small
TDR,"Theodore Airport",150.08333,-24.983334,AU,OC,small
TEF,"Telfer Airport",122.21222,-21.713057,AU,OC,medium
TEM,"Temora Airport",147.5,-34.416668,AU,OC,medium
TAN,"Tangalooma Airport",153.25,-27.083332,AU,OC,small
XTG,"Thargomindah Airport",143.76666,-27.966667,AU,OC,medium
TYG,"Thylungra Airport",143.45555,-26.098612,AU,OC,small
TYB,"Tibooburra Airport",142.06223,-29.456944,AU,OC,medium
TKY,"Turkey Creek Airport",128.25,-17.066668,AU,OC,small
TUM,"Tumut Airport",148.21666,-35.3,AU,OC,medium
TYP,"Tobermorey Airport",137.96666,-22.283333,AU,OC,small
THG,"Thangool Airport",150.57639,-24.494162,AU,OC,medium
TCA,"Tennant Creek Airport",134.18083,-19.638056,AU,OC,medium
TCW,"Tocumwal Airport",145.6,-35.816666,AU,OC,small
TRO,"Taree Airport",152.50896,-31.890272,AU,OC,medium
TWB,"Toowoomba Airport",151.9139,-27.542221,AU,OC,medium
UDA,"Undara Airport",144.6,-18.183332,AU,OC,small
CZY,"Cluny Airport",139.53334,-24.516666,AU,OC,small
USL,"Useless Loop Airport",113.11667,-25.966667,AU,OC,small
VCD,"Victoria River Downs Airport",131.0,-16.4,AU,OC,small
VNR,"Vanrook Station Airport",141.91667,-16.866667,AU,OC,small
WLA,"Wallal Airport",120.666664,-19.783333,AU,OC,small
WAV,"Wave Hill Airport",130.95,-17.483334,AU,OC,small
WMB,"Warrnambool Airport",142.44833,-38.295,AU,OC,small
SYU,"Warraber Island Airport",142.81667,-10.208333,AU,OC,small
WIO,"Wilcannia Airport",143.55,-31.083332,AU,OC,small
WLC,"Walcha Airport",151.6,-30.983334,AU,OC,small
WAZ,"Warwick Airport",151.95,-28.15,AU,OC,small
WND,"Windarra Airport",121.833336,-28.266666,AU,OC,small
WNR,"Windorah Airport",142.66667,-25.416668,AU,OC,medium
WGT,"Wangaratta Airport",146.33333,-36.36667,AU,OC,medium
WYA,"Whyalla Airport",137.52197,-33.05241,AU,OC,medium
WIT,"Wittenoom Airport",118.333336,-22.266666,AU,OC,small
WKB,"Warracknabeal Airport",142.43333,-36.15,AU,OC,medium
WGE,"Walgett Airport",148.13333,-30.033333,AU,OC,medium
NTL,"Newcastle Airport",151.84006,-32.804592,AU,OC,medium
WUN,"Wiluna Airport",120.21667,-26.633333,AU,OC,medium
WPK,"Wrotham Park Airport",144.0,-16.633333,AU,OC,small
WDI,"Wondai Airport",151.81667,-26.333332,AU,OC,small
WOL,"Wollongong Airport",150.78334,-34.566666,AU,OC,medium
QRR,"Warren Airport",147.825,-31.733334,AU,OC,medium
WLO,"Waterloo Airport",129.31667,-16.633333,AU,OC,small
WIN,"Winton Airport",143.06667,-22.35,AU,OC,medium
WUD,"Wudinna Airport",135.61945,-33.016666,AU,OC,small
WEW,"Wee Waa Airport",149.43333,-30.233334,AU,OC,small
WRW,"Warrawagine Airport",120.71667,-20.866667,AU,OC,small
WWI,"Woodie Woodie Airport",121.23333,-21.633333,AU,OC,small
WYN,"Wyndham Airport",128.1375,-15.507222,AU,OC,small
BWT,"Wynyard Airport",145.72507,-40.993145,AU,OC,medium
YLG,"Yalgoo Airport",116.666664,-28.35,AU,OC,small
OKR,"Yorke Island Airport",143.40556,-9.751593,AU,OC,small
KYF,"Yeelirrie Airport",120.075,-27.277779,AU,OC,small
XMY,"Yam Island Airport",142.45,-10.483333,AU,OC,small
YUE,"Yuendumu Airport",131.81667,-22.266666,AU,OC,small
NGA,"Young Airport",148.25,-34.25,AU,OC,medium
ORR,"Yorketown Airport",137.58333,-35.033333,AU,OC,small
KYI,"Yalata Mission Airport",131.86667,-31.483334,AU,OC,small
ULX,"Ulusaba Airport",31.35,-24.783333,ZA,AF,small
TDT,"Tanda Tula Airport",31.3,-24.533333,ZA,AF,small
HZV,"Hazyview Airport",31.130556,-25.066668,ZA,AF,small
KHO,"Khoka Moya Airport",31.416668,-24.583332,ZA,AF,small
MBM,"Mkambati Airport",29.966667,-31.283333,ZA,AF,small
INY,"Inyati Airport",31.383333,-24.783333,ZA,AF,small
TSD,"Tshipise Airport",30.166668,-22.616667,ZA,AF,small
KIG,"Koingnaas Airport",17.266666,-30.2,ZA,AF,small
PEK,"Beijing Capital International Airport",116.5871,40.078537,CN,AS,large
CIF,"Chifeng Airport",118.91089,42.237392,CN,AS,medium
CIH,"Changzhi Airport",113.12158,36.24588,CN,AS,small
DSN,"Ordos Ejin Horo Airport",109.86053,39.49672,CN,AS,medium
DAT,"Datong Airport",113.48136,40.05554,CN,AS,small
ERL,"Erenhot Saiwusu International Airport",112.09845,43.426674,CN,AS,medium
HDG,"Handan Airport",114.425,36.525833,CN,AS,medium
HET,"Baita International Airport",111.814156,40.854713,CN,AS,medium
ZBK,"null",19.116667,43.15,ME,EU,small
HLD,"Dongshan Airport",119.80654,49.209873,CN,AS,medium
NAY,"Beijing Nanyuan Airport",116.38778,39.7825,CN,AS,large
BAV,"Baotou Airport",110.0009,40.563328,CN,AS,medium
SHP,"Shanhaiguan Airport",119.71656,39.965214,CN,AS,medium
SJW,"Shijiazhuang Daguocun International Airport",114.69443,38.274376,CN,AS,medium
TSN,"Tianjin Binhai International Airport",117.3399,39.122627,CN,AS,large
TGO,"Tongliao Airport",122.204605,43.55701,CN,AS,medium
HLH,"Ulanhot Airport",122.00148,46.19349,CN,AS,small
XIL,"Xilinhot Airport",115.95924,43.918762,CN,AS,medium
YCU,"Yuncheng Guangong Airport",110.993,35.018,CN,AS,small
TYN,"Taiyuan Wusu Airport",112.62585,37.754997,CN,AS,large
BHY,"Beihai Airport",109.28785,21.540333,CN,AS,small
CGD,"Changde Airport",111.63886,28.924467,CN,AS,medium
HJJ,"Zhijiang Airport",109.69972,27.44139,CN,AS,medium
DYG,"Dayong Airport",110.44569,29.10712,CN,AS,small
CAN,"Guangzhou Baiyun International Airport",113.29734,23.387861,CN,AS,large
CSX,"Changsha Huanghua Airport",113.21459,28.193336,CN,AS,large
HNY,"Hengyang Airport",112.5,26.85,CN,AS,small
KWL,"Guilin Liangjiang International Airport",110.316666,25.133333,CN,AS,large
MXZ,"Meixian Airport",116.10449,24.266811,CN,AS,small
NNG,"Nanning Wuxu Airport",108.1675,22.61321,CN,AS,large
SWA,"Shantou Waisha Airport",116.75859,23.430237,CN,AS,medium
ZUH,"Zhuhai Airport",113.3706,22.011787,CN,AS,medium
SZX,"Shenzhen Bao'an International Airport",113.81084,22.639444,CN,AS,large
WUZ,"Changzhoudao Airport",111.25191,23.456062,CN,AS,small
XIN,"Xingning Airport",116.0,24.0,CN,AS,small
LZH,"Bailian Airport",109.39843,24.206156,CN,AS,medium
ZHA,"Zhanjiang Airport",110.36272,21.214727,CN,AS,medium
AYN,"Anyang Airport",114.35,36.1,CN,AS,small
CGO,"Xinzheng Airport",113.84024,34.52752,CN,AS,large
ENH,"Enshi Airport",109.48201,30.321934,CN,AS,small
LHK,"Guangzhou MR Air Base",111.63333,32.266666,CN,AS,medium
WUH,"Wuhan Tianhe International Airport",114.209625,30.776598,CN,AS,large
LYA,"Luoyang Airport",112.38541,34.736362,CN,AS,small
NNY,"Nanyang Airport",112.61305,32.9837,CN,AS,small
SHS,"Shashi Airport",112.23333,30.316668,CN,AS,small
XFN,"Xiangfan Airport",112.28627,32.151558,CN,AS,small
YIH,"Yichang Airport",111.478935,30.549934,CN,AS,medium
HAK,"Haikou Meilan International Airport",110.45717,19.941612,CN,AS,large
SYX,"Sanya Phoenix International Airport",109.409706,18.31063,CN,AS,large
FNJ,"Sunan International Airport",125.666664,39.2,KP,AS,medium
AKA,"Ankang Airport",108.936,32.7091,CN,AS,small
DNH,"Dunhuang Airport",94.683334,40.2,CN,AS,medium
GOQ,"Golmud Airport",94.78931,36.404633,CN,AS,medium
GYU,"Guyuan Liupanshan Airport",106.218025,36.075325,CN,AS,medium
HZG,"Hanzhong Airport",107.183334,32.983334,CN,AS,small
INC,"Yinchuan Airport",106.35,38.35,CN,AS,medium
JNG,"Jining Qufu Airport",116.53333,35.416668,CN,AS,medium
JGN,"Jiayuguan Airport",98.416664,39.833332,CN,AS,medium
ZGC,"Lanzhou Zhongchuan Airport",103.85,36.05,CN,AS,medium
IQN,"Qingyang Airport",107.6044,35.8001,CN,AS,medium
SIA,"Xiguan Airport",108.75874,34.44104,CN,AS,medium
XNN,"Xining Caojiabu Airport",102.03754,36.525322,CN,AS,medium
XIY,"Xi'an Xianyang International Airport",108.75605,34.441154,CN,AS,large
ENY,"Yan'an Airport",109.55148,36.639366,CN,AS,small
UYN,"Yulin Airport",109.73038,38.274155,CN,AS,small
CGJ,"Chingola Airport",27.883333,-12.516667,ZM,AF,small
AVK,"Arvaikheer Airport",102.78333,46.266666,MN,AS,medium
LTI,"Altai Airport",96.416664,46.65,MN,AS,medium
BYN,"Bayankhongor Airport",100.683334,46.1,MN,AS,medium
UGA,"Bulgan Airport",103.55,48.8,MN,AS,medium
UGT,"Bulagtai Resort Airport",104.12778,43.752777,MN,AS,small
HBU,"Bulgan Sum Airport",91.58611,46.102222,MN,AS,small
UUN,"Baruun Urt Airport",113.28333,46.683334,MN,AS,medium
COQ,"Choibalsan Airport",114.9,48.13333,MN,AS,medium
DLZ,"Dalanzadgad Airport",104.683334,43.966667,MN,AS,medium
HVD,"Khovd Airport",91.65,48.016666,MN,AS,medium
MXV,"null",100.166664,49.63333,MN,AS,medium
ULN,"Chinggis Khaan International Airport",106.76327,47.85275,MN,AS,medium
ULG,"Ulgii Mongolei Airport",89.96667,48.966667,MN,AS,small
DLU,"Dali Airport",100.32316,25.65135,CN,AS,medium
DIG,"Diqing Airport",99.67778,27.789722,CN,AS,medium
JHG,"Xishuangbanna Gasa Airport",100.76646,21.973421,CN,AS,medium
LJG,"Lijiang Airport",100.25,26.683332,CN,AS,medium
LUM,"Mangshi Airport",98.5319,24.40528,CN,AS,medium
KMG,"Kunming Wujiaba International Airport",102.92917,25.101944,CN,AS,large
SYM,"Simao Airport",100.96222,22.79657,CN,AS,small
ZAT,"Zhaotong Airport",103.8,27.316668,CN,AS,small
XMN,"Xiamen Gaoqi International Airport",118.1275,24.536882,CN,AS,large
AQG,"Anqing Airport",117.0509,30.5825,CN,AS,medium
CZX,"Changzhou Airport",119.77976,31.914116,CN,AS,small
KHN,"Nanchang Changbei International Airport",115.907845,28.859901,CN,AS,medium
FOC,"Fuzhou Changle International Airport",119.66923,25.93123,CN,AS,large
KOW,"Ganzhou Airport",114.776665,25.851667,CN,AS,small
HGH,"Hangzhou Xiaoshan International Airport",120.43236,30.236935,CN,AS,large
JDZ,"Jingdezhen Airport",117.17879,29.33549,CN,AS,medium
JIU,"Jiujiang Lushan Airport",115.96667,29.7,CN,AS,small
TNA,"Yaoqiang Airport",117.20688,36.85769,CN,AS,large
JUZ,"Quzhou Airport",118.833336,28.966667,CN,AS,medium
LCX,"Longyan Guanzhishan Airport",116.74556,25.675556,CN,AS,medium
LYG,"Lianyungang Airport",118.87698,34.565937,CN,AS,small
HYN,"Huangyan Luqiao Airport",121.41675,28.558096,CN,AS,medium
LYI,"Shubuling Airport",118.40707,35.047478,CN,AS,small
NGB,"Ningbo Lishe International Airport",121.462395,29.820415,CN,AS,large
NKG,"Nanjing Lukou Airport",118.86652,31.735737,CN,AS,large
HFE,"Hefei Luogang International Airport",116.975296,31.985506,CN,AS,medium
PVG,"Shanghai Pudong International Airport",121.799805,31.151825,CN,AS,large
TAO,"Liuting Airport",120.38236,36.265884,CN,AS,medium
JJN,"Quanzhou Airport",118.587296,24.802809,CN,AS,medium
RUG,"Rugao Air Base",120.555275,32.388332,CN,AS,medium
SHA,"Shanghai Hongqiao International Airport",121.34197,31.196815,CN,AS,large
SZV,"Guangfu Airport",120.63333,31.3,CN,AS,medium
TXN,"Tunxi International Airport",118.25646,29.72962,CN,AS,medium
WEF,"Weifang Airport",119.11347,36.641075,CN,AS,medium
WEH,"Weihai Airport",122.23607,37.18814,CN,AS,medium
WHU,"Wuhu Air Base",118.36667,31.366667,CN,AS,medium
WUX,"Sunan Shuofang International Airport",120.42438,31.49289,CN,AS,medium
WUS,"Nanping Wuyishan Airport",117.96667,27.716667,CN,AS,medium
WNZ,"Wenzhou Yongqiang Airport",120.84738,27.91566,CN,AS,large
XUZ,"Xuzhou Guanyin Airport",117.55408,34.052925,CN,AS,medium
YNZ,"Yancheng Airport",120.20418,33.43468,CN,AS,small
YNT,"Yantai Laishan Airport",121.3711,37.407326,CN,AS,medium
YIW,"Yiwu Airport",120.02881,29.344563,CN,AS,medium
HSN,"Zhoushan Airport",122.35691,29.935259,CN,AS,small
NGQ,"Ngari Gunsa Airport",80.054276,32.103817,CN,AS,medium
AVA,"Anshun Huangguoshu Airport",105.87281,26.26005,CN,AS,medium
BPX,"Qamdo Bangda Airport",97.10667,30.555834,CN,AS,medium
CKG,"Chongqing Jiangbei International Airport",106.63408,29.72034,CN,AS,large
DAX,"Dachuan Airport",107.42689,31.135012,CN,AS,small
GYS,"Guangyuan Airport",105.69972,32.395,CN,AS,medium
KWE,"Longdongbao Airport",106.79598,26.544216,CN,AS,large
JZH,"Jiuzhai Huanglong Airport",103.68306,32.856667,CN,AS,medium
LIA,"Liangping Airport",107.7,30.816668,CN,AS,small
LXA,"Lhasa Gonggar Airport",90.90051,29.29305,CN,AS,medium
LZO,"Luzhou Airport",105.37902,28.844757,CN,AS,small
MIG,"Mianyang Airport",104.73805,31.43111,CN,AS,medium
NAO,"Nanchong Airport",106.066666,30.8,CN,AS,small
LZY,"Nyingchi Airport",94.335884,29.309076,CN,AS,medium
TCZ,"Tengchong Tuofeng Airport",98.482025,24.939379,CN,AS,medium
CTU,"Chengdu Shuangliu International Airport",103.9568,30.581135,CN,AS,large
WXN,"Wanxian Airport",108.42695,30.799679,CN,AS,small
XIC,"Xichang Qingshan Airport",102.187645,27.981922,CN,AS,medium
YBP,"Yibin Caiba Airport",104.54395,28.797659,CN,AS,small
ACX,"Xingyi Airport",104.95944,25.085556,CN,AS,medium
AKU,"Aksu Airport",80.29262,41.259983,CN,AS,medium
BPL,"Alashankou Bole (Bortala) airport",82.024185,44.904232,CN,AS,medium
IQM,"Qiemo Airport",85.53333,38.13333,CN,AS,medium
HMI,"Hami Airport",93.416664,42.916668,CN,AS,medium
KCA,"Kuqa Airport",83.7,41.166668,CN,AS,small
KRL,"Korla Airport",86.12434,41.689896,CN,AS,medium
KRY,"Karamay Airport",84.88333,45.61667,CN,AS,small
KHG,"Kashgar Airport",76.01107,39.534973,CN,AS,medium
SXJ,"Shanshan Airport",90.23333,42.816666,CN,AS,medium
TCG,"Tacheng Airport",83.333336,46.666668,CN,AS,small
HTN,"Hotan Airport",79.87245,37.040436,CN,AS,medium
URC,"null",87.47515,43.90126,CN,AS,large
YIN,"Yining Airport",81.33144,43.952,CN,AS,small
AOG,"Anshan Air Base",123.857834,41.103523,CN,AS,medium
CGQ,"Longjia Airport",125.217545,43.902836,CN,AS,medium
CNI,"Changhai Airport",121.433334,31.25,CN,AS,medium
CHG,"Chaoyang Airport",120.4372,41.545082,CN,AS,medium
HRB,"Taiping Airport",126.23644,45.620853,CN,AS,large
HEK,"Heihe Airport",127.433334,50.216667,CN,AS,medium
JIL,"Jilin Airport",126.65,43.86667,CN,AS,small
JMU,"Jiamusi Airport",130.45541,46.845394,CN,AS,medium
JNZ,"Jinzhou Airport",121.01667,41.11667,CN,AS,medium
YUS,"Yushu Batang Airport",97.03748,32.837975,CN,AS,medium
MDG,"Mudanjiang Hailang International Airport",129.58385,44.534943,CN,AS,medium
OHE,"Gu-Lian Airport",122.42059,52.92113,CN,AS,medium
NDG,"Qiqihar Sanjiazi Airport",123.916664,47.316666,CN,AS,medium
DLC,"Zhoushuizi Airport",121.53999,38.96102,CN,AS,large
SHE,"Taoxian Airport",123.426926,41.861084,CN,AS,large
YNJ,"Yanji Chaoyangchuan Airport",129.43936,42.885662,CN,AS,medium